rq_time,start,end,request_id
194,2966,2988,0
217,2966,2973,1
301,2970,2987,2
388,2982,2980,3
397,2977,2983,4
679,2983,2985,5
890,2993,2988,6
896,2966,2967,7
933,2977,2986,8
959,2976,2982,9
983,2977,2991,10
1085,2977,2981,11
1092,2992,2980,12
1185,2987,2984,13
1204,2975,2981,14
1320,2993,2969,15
1449,2977,2979,16
1511,2984,2972,17
1514,2989,2977,18
1558,2989,2975,19
1587,2981,2979,20
1659,2978,2979,21
1668,2985,2982,22
1681,2967,2990,23
1725,2969,2977,24
1735,2990,2982,25
2045,2991,2993,26
2045,2969,2993,27
2127,2973,2981,28
2198,2981,2976,29
2309,2986,2984,30
2383,2989,2978,31
2416,2981,2969,32
2494,2992,2986,33
2540,2990,2970,34
2626,2990,2988,35
2727,2972,2985,36
2803,2970,2972,37
2881,2993,2972,38
2912,2992,2982,39
2947,2990,2981,40
3008,2977,2982,41
3064,2986,2970,42
3088,2973,2978,43
3109,2967,2981,44
3303,2982,2971,45
3373,2976,2987,46
3437,2971,2985,47
3616,2967,2982,48
3637,2983,2977,49
3725,2974,2970,50
3846,2966,2988,51
3855,2969,2992,52
3881,2990,2981,53
4260,2977,2992,54
4325,2972,2991,55
4341,2979,2975,56
4394,2983,2966,57
4464,2981,2971,58
4476,2990,2981,59
4564,2973,2969,60
4621,2979,2983,61
4642,2991,2987,62
4722,2989,2967,63
4877,2966,2992,64
4944,2980,2972,65
4960,2979,2993,66
4984,2987,2984,67
4997,2986,2992,68
5118,2968,2981,69
5177,2989,2977,70
5237,2985,2967,71
5401,2967,2981,72
5459,2978,2969,73
5470,2969,2979,74
5486,2984,2986,75
5505,2984,2992,76
5531,2986,2971,77
5541,2970,2980,78
5563,2978,2975,79
5571,2978,2993,80
5580,2984,2969,81
5622,2966,2970,82
5637,2975,2976,83
5701,2974,2987,84
5726,2971,2978,85
5788,2969,2990,86
6062,2978,2981,87
6252,2974,2982,88
6437,2992,2980,89
6580,2982,2983,90
6617,2973,2982,91
6648,2973,2992,92
6685,2966,2974,93
6707,2968,2991,94
6850,2985,2987,95
6886,2991,2983,96
6910,2983,2971,97
6944,2976,2972,98
7152,2988,2971,99
