Unnamed: 0,request_id,orig_id,rq_time,start,end
0,0,pv_5_4947,18012.0,13856,17126
1,1,pv_5_1340_0,18013.0,14948,30920
2,2,pv_5_6649_1,18015.0,2396,36726
3,3,pv_5_7308,18015.0,20354,6294
4,4,pv_5_5335,18022.0,5256,30920
5,5,pv_5_8765,18026.0,19808,18964
6,6,pv_5_8083_1,18027.0,35728,16860
7,7,pv_5_3210_0,18031.0,25182,12952
8,8,pv_5_5322_1,18033.0,25242,34704
9,9,pv_5_4945,18034.0,15568,17126
10,10,pv_5_1180,18038.0,16420,14584
11,11,pv_5_11568,18042.0,16680,6496
12,12,pv_5_3964,18043.0,660,36968
13,13,pv_5_9711,18055.0,13444,8744
14,14,pv_5_385_0,18072.0,22118,30920
15,15,pv_5_11843_1,18076.0,22118,31520
16,16,pv_5_4678_1,18084.0,38400,2396
17,17,pv_5_7137,18098.0,39108,18476
18,18,pv_5_2597_1,18120.0,17486,30920
19,19,pv_5_11163_1,18124.0,32026,28592
20,20,pv_5_11468_0,18132.0,16546,28446
21,21,pv_5_11831,18133.0,22120,10866
22,22,pv_5_5765_1,18136.0,27666,37746
23,23,pv_5_11073,18139.0,39108,14234
24,24,pv_5_3802_0,18140.0,2616,24584
25,25,pv_5_5664_0,18142.0,14228,28590
26,26,pv_5_5285_0,18145.0,9536,14254
27,27,pv_5_357,18148.0,28868,14254
28,28,pv_5_6914_1,18151.0,39108,22300
29,29,pv_5_9522_1,18167.0,41864,35516
30,30,pv_5_3797_1,18169.0,3674,15976
31,31,pv_5_7073_0,18183.0,39108,11438
32,32,pv_5_1908_1,18189.0,34066,23910
33,33,pv_5_4464,18189.0,6324,23650
34,34,pv_5_8502_1,18201.0,19808,2552
35,35,pv_5_11813_0,18206.0,16400,41218
36,36,pv_5_322_1,18208.0,22010,11426
37,37,pv_5_3646_1,18217.0,19014,14628
38,38,pv_5_11815_1,18223.0,5938,22728
39,39,pv_5_8317,18226.0,19808,28470
40,40,pv_5_3357_0,18226.0,17206,28822
41,41,pv_5_4837_0,18228.0,32638,41456
42,42,pv_5_8189,18229.0,35728,20214
43,43,pv_5_4789,18242.0,7412,15456
44,44,pv_5_5715,18252.0,17526,22444
45,45,pv_5_1427,18264.0,20870,23196
46,46,pv_5_9584,18266.0,41864,1080
47,47,pv_5_9774_0,18266.0,23528,150
48,48,pv_5_2593_1,18269.0,17004,506
49,49,pv_5_919_1,18274.0,29972,27012
50,50,pv_5_8857_1,18286.0,19808,18778
51,51,pv_5_5031_0,18295.0,28518,23554
52,52,pv_5_11843,18298.0,22118,31520
53,53,pv_5_7075,18300.0,39108,26892
54,54,pv_5_7703_1,18302.0,32026,10504
55,55,pv_5_9545_1,18302.0,41864,37476
56,56,pv_5_445_0,18304.0,8126,20724
57,57,pv_5_2334,18308.0,29500,38534
58,58,pv_5_5140,18318.0,4590,22122
59,59,pv_5_3687_0,18320.0,19012,13454
60,60,pv_5_4342_1,18322.0,13758,30920
61,61,pv_5_5756_0,18328.0,36160,30920
62,62,pv_5_3376_1,18339.0,34416,11046
63,63,pv_5_4047_0,18339.0,658,27466
64,64,pv_5_7711_0,18342.0,32026,9640
65,65,pv_5_388_1,18344.0,8266,30920
66,66,pv_5_7135_0,18347.0,39108,5634
67,67,pv_5_4892_1,18348.0,32504,36656
68,68,pv_5_8200,18371.0,35728,4306
69,69,pv_5_5350_0,18371.0,33644,30920
70,70,pv_5_2828_0,18374.0,27156,36090
71,71,pv_5_9749,18375.0,40548,35856
72,72,pv_5_7653_0,18384.0,32026,41652
73,73,pv_5_1543,18385.0,16382,11392
74,74,pv_5_1134_0,18389.0,14948,14900
75,75,pv_5_2596_0,18399.0,26874,17924
76,76,pv_5_8557_1,18412.0,19808,26616
77,77,pv_5_3127_0,18413.0,94,30920
78,78,pv_5_7165_0,18416.0,18634,13332
79,79,pv_5_8853_0,18429.0,19808,40994
80,80,pv_5_1322_1,18432.0,20194,508
81,81,pv_5_387_0,18434.0,37388,30920
82,82,pv_5_2514,18447.0,23630,38618
83,83,pv_5_3715_1,18447.0,37162,24638
84,84,pv_5_1795_0,18449.0,6390,41876
85,85,pv_5_5278_0,18450.0,25662,12504
86,86,pv_5_2580_1,18461.0,14718,30920
87,87,pv_5_3010_1,18467.0,26418,22976
88,88,pv_5_4348,18472.0,23606,30920
89,89,pv_5_1383_0,18479.0,1182,37746
90,90,pv_5_2155_0,18495.0,14516,21382
91,91,pv_5_11422_0,18498.0,20548,13832
92,92,pv_5_11596,18502.0,16378,24216
93,93,pv_5_6219,18506.0,2848,4310
94,94,pv_5_9782,18510.0,20150,31698
95,95,pv_5_4229,18519.0,21146,24360
96,96,pv_5_3450_1,18531.0,40596,12512
97,97,pv_5_11373_1,18543.0,21532,21250
98,98,pv_5_3523_1,18545.0,22722,11804
99,99,pv_5_5136,18553.0,14338,7990
100,100,pv_5_11396_0,18559.0,3590,10276
101,101,pv_5_2361_1,18561.0,11054,34262
102,102,pv_5_3341_1,18562.0,25172,13464
103,103,pv_5_3626_1,18570.0,7164,22846
104,104,pv_5_7311_0,18575.0,632,31368
105,105,pv_5_3675_0,18583.0,19010,30920
106,106,pv_5_7889,18584.0,32026,14252
107,107,pv_5_1383,18587.0,1182,37746
108,108,pv_5_10119,18591.0,22976,28800
109,109,pv_5_3991_0,18593.0,660,30920
110,110,pv_5_8185_1,18595.0,35728,23018
111,111,pv_5_7141_1,18599.0,632,22036
112,112,pv_5_10718_1,18600.0,2396,38672
113,113,pv_5_1806,18609.0,40886,18212
114,114,pv_5_9035,18628.0,19808,14252
115,115,pv_5_5526_1,18637.0,40658,2396
116,116,pv_5_2723_0,18640.0,6170,12514
117,117,pv_5_4392_0,18655.0,13796,21074
118,118,pv_5_2433,18657.0,8846,2848
119,119,pv_5_5118_0,18659.0,32052,17126
120,120,pv_5_5767,18661.0,39630,24584
121,121,pv_5_1275_1,18675.0,36262,12504
122,122,pv_5_7895_0,18678.0,32026,37054
123,123,pv_5_10572,18687.0,22444,10070
124,124,pv_5_229,18693.0,36212,2064
125,125,pv_5_10303_1,18696.0,2848,8810
126,126,pv_5_4021_1,18702.0,34482,30920
127,127,pv_5_5718_0,18711.0,25178,17126
128,128,pv_5_7297_0,18717.0,20318,6298
129,129,pv_5_2710,18730.0,16502,17126
130,130,pv_5_839,18732.0,28266,15942
131,131,pv_5_5222_1,18736.0,9530,9874
132,132,pv_5_3263_1,18746.0,11692,17126
133,133,pv_5_6665_0,18748.0,22444,24522
134,134,pv_5_9511_1,18752.0,41864,4668
135,135,pv_5_4894,18758.0,10420,3748
136,136,pv_5_4131,18759.0,12360,32476
137,137,pv_5_955_0,18761.0,26088,30920
138,138,pv_5_9494_1,18770.0,41864,41534
139,139,pv_5_4160_0,18790.0,8868,26532
140,140,pv_5_948_0,18806.0,41066,14254
141,141,pv_5_5741_1,18807.0,17218,30920
142,142,pv_5_7315,18823.0,18632,10454
143,143,pv_5_4181,18826.0,39746,20412
144,144,pv_5_854_1,18835.0,39830,39998
145,145,pv_5_19,18851.0,21044,30920
146,146,pv_5_5619,18852.0,8534,3396
147,147,pv_5_9717_0,18856.0,10548,24256
148,148,pv_5_7279_0,18861.0,39286,13042
149,149,pv_5_3159_1,18864.0,19586,23650
150,150,pv_5_4189_1,18868.0,8858,14254
151,151,pv_5_11726_1,18877.0,3682,40926
152,152,pv_5_8016_0,18879.0,35728,18034
153,153,pv_5_8496_1,18880.0,19808,19422
154,154,pv_5_5773_0,18900.0,41864,11920
155,155,pv_5_11333,18913.0,32026,26770
156,156,pv_5_8941_1,18913.0,19808,21220
157,157,pv_5_10519,18925.0,2396,36218
158,158,pv_5_4041_0,18925.0,34482,21860
159,159,pv_5_1365,18929.0,5630,2396
160,160,pv_5_3672,18935.0,28486,30920
161,161,pv_5_11431_1,18935.0,29212,2756
162,162,pv_5_1131_0,18941.0,25610,1300
163,163,pv_5_1726_0,18943.0,28678,16976
164,164,pv_5_556,18963.0,30676,35998
165,165,pv_5_3631_0,18972.0,31220,40088
166,166,pv_5_3406_1,18989.0,478,33778
167,167,pv_5_8526,18996.0,19808,17858
168,168,pv_5_2631_1,19012.0,15238,39414
169,169,pv_5_10041,19015.0,19808,37484
170,170,pv_5_5355,19016.0,9524,2848
171,171,pv_5_6376,19022.0,22444,1276
172,172,pv_5_3495_0,19035.0,22290,14944
173,173,pv_5_3304_1,19038.0,40882,30920
174,174,pv_5_8799_1,19047.0,19808,30654
175,175,pv_5_3677_1,19048.0,19002,30920
176,176,pv_5_4111,19054.0,16678,12516
177,177,pv_5_3654_1,19057.0,41218,22444
178,178,pv_5_3791,19057.0,2768,32920
179,179,pv_5_9602_0,19058.0,41864,4310
180,180,pv_5_8038_1,19062.0,35728,39988
181,181,pv_5_3711_0,19075.0,28494,22444
182,182,pv_5_2626,19075.0,8994,4284
183,183,pv_5_472,19075.0,24134,41876
184,184,pv_5_8236,19077.0,2848,28490
185,185,pv_5_2889_1,19080.0,26292,30920
186,186,pv_5_166,19082.0,30516,30920
187,187,pv_5_10035_1,19088.0,19808,35642
188,188,pv_5_8089_0,19089.0,35728,17748
189,189,pv_5_1403_1,19105.0,29976,26100
190,190,pv_5_606,19122.0,23940,30920
191,191,pv_5_5214,19124.0,22878,23396
192,192,pv_5_7384_1,19124.0,32026,9780
193,193,pv_5_3766,19128.0,21886,23924
194,194,pv_5_3268_0,19128.0,1718,17126
195,195,pv_5_5567,19136.0,26048,41876
196,196,pv_5_3717_0,19146.0,28494,4310
197,197,pv_5_6757_1,19160.0,22444,16044
198,198,pv_5_7196_0,19162.0,20314,37746
199,199,pv_5_7058,19165.0,39108,6302
200,200,pv_5_2651,19175.0,7100,9794
201,201,pv_5_64_1,19179.0,6252,20412
202,202,pv_5_2620_0,19182.0,2504,17126
203,203,pv_5_7368,19184.0,32026,33610
204,204,pv_5_918_1,19189.0,2284,41110
205,205,pv_5_4129,19193.0,29516,27350
206,206,pv_5_8553,19199.0,19808,34000
207,207,pv_5_3319,19202.0,40878,18212
208,208,pv_5_8792_1,19205.0,19808,14420
209,209,pv_5_2386_0,19207.0,18624,2396
210,210,pv_5_3404_1,19234.0,36324,17126
211,211,pv_5_2731_1,19238.0,37710,30920
212,212,pv_5_8756_1,19246.0,19808,7424
213,213,pv_5_1356,19253.0,38262,2848
214,214,pv_5_1167,19265.0,20180,27006
215,215,pv_5_245_0,19266.0,32780,39772
216,216,pv_5_10209,19276.0,22976,41304
217,217,pv_5_8270_0,19279.0,19808,31664
218,218,pv_5_2171,19283.0,8798,2644
219,219,pv_5_2050,19294.0,2542,22444
220,220,pv_5_1526_1,19300.0,16028,22444
221,221,pv_5_10878_0,19307.0,23554,19622
222,222,pv_5_5156_1,19318.0,9522,7630
223,223,pv_5_3685,19333.0,30228,40552
224,224,pv_5_9262,19337.0,41864,8082
225,225,pv_5_7282,19357.0,20316,17916
226,226,pv_5_3769,19360.0,16908,6062
227,227,pv_5_7349,19361.0,628,1070
228,228,pv_5_2391_1,19362.0,40832,17126
229,229,pv_5_5732_0,19364.0,39628,30920
230,230,pv_5_205_0,19365.0,17644,17126
231,231,pv_5_4939_0,19368.0,24032,2396
232,232,pv_5_3316_1,19373.0,21636,23554
233,233,pv_5_7269_1,19387.0,20318,18428
234,234,pv_5_6640_1,19393.0,22444,41824
235,235,pv_5_1104_0,19399.0,38248,37054
236,236,pv_5_7973_1,19407.0,35728,19222
237,237,pv_5_956_1,19409.0,32788,30920
238,238,pv_5_2483_0,19419.0,8934,3552
239,239,pv_5_5694,19423.0,41862,5510
240,240,pv_5_8188_1,19427.0,35728,556
241,241,pv_5_10404,19433.0,2848,1970
242,242,pv_5_9828_0,19436.0,15496,26100
243,243,pv_5_2152,19437.0,30060,2608
244,244,pv_5_1845_1,19442.0,29644,32920
245,245,pv_5_4577,19450.0,4078,23916
246,246,pv_5_5131,19450.0,30374,22544
247,247,pv_5_1865_1,19455.0,6104,17300
248,248,pv_5_564_0,19467.0,35324,30920
249,249,pv_5_8530_1,19468.0,19808,39186
250,250,pv_5_10004_1,19474.0,19808,41148
251,251,pv_5_4645_1,19482.0,15470,5234
252,252,pv_5_1119_0,19492.0,1976,18576
253,253,pv_5_5206_0,19500.0,23812,28046
254,254,pv_5_7127_0,19503.0,39108,15460
255,255,pv_5_6973_0,19509.0,39108,18998
256,256,pv_5_1942_1,19511.0,2536,22976
257,257,pv_5_4873_1,19531.0,13872,5922
258,258,pv_5_66_0,19532.0,19274,14254
259,259,pv_5_3413_0,19539.0,16896,30920
260,260,pv_5_3168_0,19540.0,26630,11702
261,261,pv_5_5429,19541.0,7576,22128
262,262,pv_5_850,19545.0,29962,13758
263,263,pv_5_11436,19552.0,3786,13772
264,264,pv_5_6644,19559.0,22444,35090
265,265,pv_5_8034,19561.0,35728,37778
266,266,pv_5_9699_0,19575.0,10548,11024
267,267,pv_5_2018,19578.0,2532,41876
268,268,pv_5_1467_1,19582.0,16014,27284
269,269,pv_5_3945_0,19586.0,20324,18364
270,270,pv_5_1772_0,19586.0,18520,17126
271,271,pv_5_3174_1,19587.0,18644,21956
272,272,pv_5_1303_0,19595.0,20870,30920
273,273,pv_5_7255,19600.0,630,38754
274,274,pv_5_622_1,19608.0,6810,41812
275,275,pv_5_9837_1,19618.0,19808,30530
276,276,pv_5_4393_0,19619.0,38486,31776
277,277,pv_5_7559_0,19654.0,32026,9090
278,278,pv_5_9387,19661.0,41864,38676
279,279,pv_5_638_1,19669.0,19156,8422
280,280,pv_5_1096,19671.0,14532,22444
281,281,pv_5_8209,19676.0,35728,24360
282,282,pv_5_3211_0,19679.0,16240,12930
283,283,pv_5_3352,19681.0,30496,15802
284,284,pv_5_9531_0,19686.0,41864,36606
285,285,pv_5_10910_0,19695.0,3396,29622
286,286,pv_5_3622_0,19701.0,28484,15456
287,287,pv_5_7539,19722.0,32026,8950
288,288,pv_5_8272,19732.0,19808,1264
289,289,pv_5_1707_1,19743.0,40686,15370
290,290,pv_5_11584,19775.0,20956,280
291,291,pv_5_1244,19776.0,20948,22444
292,292,pv_5_2997_0,19795.0,27612,9616
293,293,pv_5_8210_0,19821.0,35728,24364
294,294,pv_5_8331_1,19830.0,19808,15284
295,295,pv_5_5384_0,19831.0,9638,6592
296,296,pv_5_9783,19833.0,17926,26066
297,297,pv_5_5079_0,19839.0,24038,39348
298,298,pv_5_4852_0,19839.0,14266,6414
299,299,pv_5_2973_0,19843.0,12694,31612
300,300,pv_5_9522,19852.0,41864,35516
301,301,pv_5_11170_0,19853.0,32026,41020
302,302,pv_5_1572,19856.0,37840,30920
303,303,pv_5_2995_0,19866.0,26250,26018
304,304,pv_5_5170_0,19868.0,9514,5958
305,305,pv_5_2032,19869.0,12764,30920
306,306,pv_5_8420_1,19887.0,19808,8152
307,307,pv_5_2721_1,19893.0,14864,20404
308,308,pv_5_7374_0,19903.0,32026,19624
309,309,pv_5_4233,19912.0,10678,11954
310,310,pv_5_7519_0,19916.0,32026,15960
311,311,pv_5_8087_0,19919.0,35728,29338
312,312,pv_5_10659_0,19923.0,22444,8976
313,313,pv_5_5299_1,19925.0,5284,30920
314,314,pv_5_4602_1,19936.0,7310,24114
315,315,pv_5_3802_1,19941.0,2616,24584
316,316,pv_5_1471,19942.0,26114,2642
317,317,pv_5_410,19942.0,21946,23554
318,318,pv_5_5576,19943.0,29158,41876
319,319,pv_5_480_1,19948.0,34056,3510
320,320,pv_5_1177,19953.0,36072,5232
321,321,pv_5_4570,19958.0,2772,3396
322,322,pv_5_7094_0,19962.0,39108,36600
323,323,pv_5_384_0,19970.0,15642,30920
324,324,pv_5_3847_1,19987.0,26356,36828
325,325,pv_5_4346,20000.0,15344,30920
326,326,pv_5_1204,20014.0,1022,40788
327,327,pv_5_2693_0,20018.0,16502,28484
328,328,pv_5_9142_1,20020.0,41864,8136
329,329,pv_5_214_1,20027.0,19338,37656
330,330,pv_5_11291_1,20031.0,32026,2052
331,331,pv_5_7417_1,20055.0,32026,22336
332,332,pv_5_11855_1,20056.0,22736,13346
333,333,pv_5_5092,20060.0,26682,8590
334,334,pv_5_8332,20070.0,19808,1288
335,335,pv_5_7300_1,20070.0,12536,26816
336,336,pv_5_10027,20082.0,19808,8304
337,337,pv_5_8865,20084.0,19808,27650
338,338,pv_5_9577_0,20087.0,41864,4456
339,339,pv_5_9605_1,20109.0,41864,41910
340,340,pv_5_9345_0,20116.0,41864,38414
341,341,pv_5_8126,20117.0,35728,642
342,342,pv_5_3416_0,20121.0,34740,41876
343,343,pv_5_5665_0,20123.0,25414,26764
344,344,pv_5_4495_0,20132.0,28620,40608
345,345,pv_5_1676_1,20138.0,6014,17126
346,346,pv_5_10759,20142.0,2396,32276
347,347,pv_5_10877_0,20144.0,23554,36814
348,348,pv_5_1168,20151.0,1008,6650
349,349,pv_5_9435_0,20154.0,41864,39838
350,350,pv_5_496,20156.0,3706,1200
351,351,pv_5_7546_0,20168.0,32026,1568
352,352,pv_5_1152_1,20173.0,21858,29002
353,353,pv_5_11830_0,20174.0,7990,7710
354,354,pv_5_3549_0,20176.0,29168,17126
355,355,pv_5_2659_0,20182.0,27168,3288
356,356,pv_5_4827_0,20186.0,15572,18848
357,357,pv_5_1049_1,20188.0,23462,12516
358,358,pv_5_7365,20203.0,32026,21064
359,359,pv_5_4166_0,20208.0,41192,22976
360,360,pv_5_976,20210.0,21336,41884
361,361,pv_5_8046_0,20224.0,35728,39984
362,362,pv_5_4976,20228.0,14316,30920
363,363,pv_5_11793_0,20239.0,30630,28284
364,364,pv_5_64_0,20245.0,6252,20412
365,365,pv_5_4578,20259.0,36516,8600
366,366,pv_5_4925,20260.0,3626,22976
367,367,pv_5_8751,20269.0,19808,8370
368,368,pv_5_2180_1,20271.0,41110,7560
369,369,pv_5_3915,20281.0,11192,10350
370,370,pv_5_8790,20282.0,19808,32052
371,371,pv_5_9640_0,20312.0,41864,24830
372,372,pv_5_11412_1,20313.0,33780,15438
373,373,pv_5_7168_1,20315.0,33818,36900
374,374,pv_5_8916_0,20340.0,19808,522
375,375,pv_5_7267_1,20360.0,33024,16486
376,376,pv_5_11074,20364.0,39108,29158
377,377,pv_5_11488_1,20369.0,506,31604
378,378,pv_5_8510,20376.0,19808,1576
379,379,pv_5_9585,20382.0,41864,20912
380,380,pv_5_7543_0,20399.0,32026,21432
381,381,pv_5_1061_1,20399.0,31842,30920
382,382,pv_5_174_1,20410.0,41554,41876
383,383,pv_5_1763_1,20410.0,39442,22444
384,384,pv_5_10031_0,20424.0,19808,1208
385,385,pv_5_930_0,20429.0,18854,39840
386,386,pv_5_6053,20441.0,22976,7526
387,387,pv_5_10136,20446.0,22976,20862
388,388,pv_5_9123_1,20448.0,41864,7602
389,389,pv_5_1463_1,20451.0,41324,40766
390,390,pv_5_1499_1,20453.0,21236,22886
391,391,pv_5_8181_0,20456.0,35728,13014
392,392,pv_5_3653_1,20469.0,19002,22976
393,393,pv_5_9776,20471.0,18362,15702
394,394,pv_5_673_0,20483.0,10508,26874
395,395,pv_5_2621_0,20496.0,3470,30920
396,396,pv_5_1956_0,20502.0,29890,22444
397,397,pv_5_3753_0,20514.0,22702,22552
398,398,pv_5_464_0,20519.0,10118,14254
399,399,pv_5_16,20529.0,1272,14254
400,400,pv_5_8636_1,20529.0,19808,38670
401,401,pv_5_10885_1,20531.0,3396,1964
402,402,pv_5_4808_1,20543.0,36828,2984
403,403,pv_5_991,20556.0,24082,930
404,404,pv_5_3342_1,20556.0,30574,40382
405,405,pv_5_9162_0,20557.0,41864,41172
406,406,pv_5_637_0,20558.0,36946,14944
407,407,pv_5_4551,20575.0,28642,30920
408,408,pv_5_8811_1,20594.0,19808,23820
409,409,pv_5_2019_1,20598.0,32852,41876
410,410,pv_5_11712,20609.0,3686,27934
411,411,pv_5_1555,20612.0,21240,30920
412,412,pv_5_7889_0,20613.0,32026,14252
413,413,pv_5_9886,20613.0,19808,19000
414,414,pv_5_10802,20616.0,22444,39606
415,415,pv_5_2010_1,20625.0,29778,30920
416,416,pv_5_8258_1,20629.0,39108,21068
417,417,pv_5_1234_1,20630.0,1126,22444
418,418,pv_5_11571_1,20634.0,19860,26644
419,419,pv_5_7604_1,20644.0,32026,30562
420,420,pv_5_1254,20650.0,30914,17126
421,421,pv_5_3640_1,20652.0,19002,6308
422,422,pv_5_11594_1,20664.0,32448,20178
423,423,pv_5_3465,20666.0,35874,23918
424,424,pv_5_2104_1,20666.0,29906,4794
425,425,pv_5_5741,20673.0,17218,30920
426,426,pv_5_7212,20676.0,37196,21180
427,427,pv_5_2711,20711.0,6528,17126
428,428,pv_5_3410,20720.0,16980,33796
429,429,pv_5_1674_1,20726.0,7726,23554
430,430,pv_5_3694_0,20729.0,40664,30920
431,431,pv_5_10950_0,20750.0,3396,31866
432,432,pv_5_4364_1,20751.0,13530,24362
433,433,pv_5_3205_1,20752.0,15562,16772
434,434,pv_5_3713,20754.0,7904,12512
435,435,pv_5_2362,20759.0,18718,38816
436,436,pv_5_9285_1,20778.0,41864,10312
437,437,pv_5_5673,20781.0,6994,30668
438,438,pv_5_1840,20791.0,28670,30920
439,439,pv_5_7234_0,20799.0,39284,32590
440,440,pv_5_2427_1,20811.0,24212,30920
441,441,pv_5_3681_0,20818.0,41904,41876
442,442,pv_5_7383_0,20820.0,32026,28716
443,443,pv_5_11205_1,20828.0,32026,21400
444,444,pv_5_9123,20829.0,41864,7602
445,445,pv_5_1025_0,20830.0,3280,41872
446,446,pv_5_11707_0,20831.0,22860,13808
447,447,pv_5_3663,20843.0,28492,17126
448,448,pv_5_3965_1,20844.0,37196,20532
449,449,pv_5_907_0,20845.0,17818,12728
450,450,pv_5_7983_1,20867.0,35728,21942
451,451,pv_5_9310_1,20869.0,41864,8990
452,452,pv_5_11038_0,20870.0,39108,36954
453,453,pv_5_1367,20873.0,36262,3396
454,454,pv_5_1445,20890.0,37820,7812
455,455,pv_5_1689_1,20894.0,7796,22738
456,456,pv_5_5299,20903.0,5284,30920
457,457,pv_5_1560_0,20908.0,31096,41876
458,458,pv_5_1590_1,20917.0,8386,1010
459,459,pv_5_3164_0,20921.0,10594,26138
460,460,pv_5_6462_1,20949.0,2396,18044
461,461,pv_5_1425,20951.0,24094,23710
462,462,pv_5_7985_0,20953.0,35728,22034
463,463,pv_5_3509,20957.0,8560,6608
464,464,pv_5_1562_1,20969.0,21194,18360
465,465,pv_5_5718,20973.0,25178,17126
466,466,pv_5_11171_1,20975.0,32026,7736
467,467,pv_5_6033,20976.0,2848,27462
468,468,pv_5_5197,20982.0,30310,16834
469,469,pv_5_3687,21004.0,19012,13454
470,470,pv_5_9319_0,21004.0,41864,34018
471,471,pv_5_9900,21014.0,19808,34962
472,472,pv_5_7038_0,21016.0,39108,22730
473,473,pv_5_536,21032.0,6812,17584
474,474,pv_5_8160_0,21032.0,35728,866
475,475,pv_5_11389_0,21033.0,210,26322
476,476,pv_5_2953,21047.0,26592,10268
477,477,pv_5_11256_1,21049.0,32026,26676
478,478,pv_5_1471_1,21057.0,26114,2642
479,479,pv_5_1748_1,21057.0,7670,7488
480,480,pv_5_9113_0,21059.0,41864,28170
481,481,pv_5_4144,21075.0,8862,36102
482,482,pv_5_5585_0,21096.0,41040,18202
483,483,pv_5_3856_1,21098.0,32198,22976
484,484,pv_5_8045_1,21100.0,35728,3268
485,485,pv_5_10754,21113.0,2396,3640
486,486,pv_5_1986_0,21118.0,33536,12502
487,487,pv_5_10061_0,21134.0,19808,17574
488,488,pv_5_11374_1,21136.0,34456,23784
489,489,pv_5_1032,21137.0,27352,2848
490,490,pv_5_3174,21138.0,18644,21956
491,491,pv_5_8498_1,21147.0,19808,6388
492,492,pv_5_3663_0,21162.0,28492,17126
493,493,pv_5_3459_1,21164.0,14366,30920
494,494,pv_5_10661,21166.0,2396,38138
495,495,pv_5_9602_1,21180.0,41864,4310
496,496,pv_5_11082,21187.0,39108,4276
497,497,pv_5_281_1,21188.0,33518,28262
498,498,pv_5_3744_0,21195.0,28484,7826
499,499,pv_5_7293_1,21203.0,20354,29454
500,500,pv_5_5757,21215.0,39632,30920
501,501,pv_5_2359_0,21218.0,39972,37594
502,502,pv_5_6961_1,21221.0,39108,40198
503,503,pv_5_7987,21224.0,35728,7694
504,504,pv_5_11557_0,21228.0,36448,7904
505,505,pv_5_7686_0,21240.0,32026,17876
506,506,pv_5_2374_1,21241.0,40064,9612
507,507,pv_5_6904_1,21243.0,39108,1680
508,508,pv_5_9902_1,21250.0,19808,24228
509,509,pv_5_8330_1,21254.0,19808,36892
510,510,pv_5_1104,21258.0,38248,37054
511,511,pv_5_2883_1,21260.0,6450,30920
512,512,pv_5_3945_1,21267.0,20324,18364
513,513,pv_5_8551_0,21268.0,19808,40856
514,514,pv_5_129_0,21276.0,41552,14616
515,515,pv_5_10953_0,21283.0,23554,30302
516,516,pv_5_11710_1,21287.0,12856,5028
517,517,pv_5_2539_1,21292.0,38480,2848
518,518,pv_5_9134_1,21293.0,41864,37356
519,519,pv_5_8017,21309.0,35728,37138
520,520,pv_5_3501_1,21311.0,19394,41876
521,521,pv_5_394,21314.0,35302,30920
522,522,pv_5_4165,21317.0,29568,16836
523,523,pv_5_8386_1,21317.0,19808,11220
524,524,pv_5_7089_0,21326.0,39108,30230
525,525,pv_5_4190,21332.0,39746,30920
526,526,pv_5_1063_1,21339.0,21344,30920
527,527,pv_5_948_1,21343.0,41066,14254
528,528,pv_5_8094,21344.0,35728,4110
529,529,pv_5_9670,21354.0,15496,23490
530,530,pv_5_4314,21374.0,35092,15260
531,531,pv_5_9325,21382.0,41864,38046
532,532,pv_5_1137_0,21387.0,1126,7704
533,533,pv_5_7085_1,21387.0,39108,22822
534,534,pv_5_2702_0,21389.0,13606,22976
535,535,pv_5_1549_1,21397.0,37126,14254
536,536,pv_5_513,21399.0,6808,7702
537,537,pv_5_9830,21410.0,15496,26100
538,538,pv_5_11286,21426.0,32026,19492
539,539,pv_5_9343_0,21430.0,41864,12944
540,540,pv_5_7202_1,21432.0,41826,41434
541,541,pv_5_4708_0,21448.0,3662,30920
542,542,pv_5_8327_0,21450.0,19808,22128
543,543,pv_5_2567_0,21470.0,18870,14254
544,544,pv_5_3414,21478.0,12888,30920
545,545,pv_5_7372_1,21493.0,32026,37258
546,546,pv_5_1548,21495.0,19098,14254
547,547,pv_5_3848_1,21500.0,10228,11512
548,548,pv_5_8826_1,21501.0,19808,9644
549,549,pv_5_8463,21502.0,19808,2872
550,550,pv_5_6931,21526.0,39108,37770
551,551,pv_5_5866_0,21535.0,22976,18044
552,552,pv_5_11241,21549.0,32026,6882
553,553,pv_5_2870,21549.0,17700,41876
554,554,pv_5_11109_0,21556.0,14848,18338
555,555,pv_5_9661_0,21561.0,40548,10970
556,556,pv_5_4267,21561.0,9318,8570
557,557,pv_5_1197,21567.0,34818,27562
558,558,pv_5_8126_0,21578.0,35728,642
559,559,pv_5_1431_1,21583.0,9256,11828
560,560,pv_5_3819_0,21588.0,23926,40656
561,561,pv_5_3036,21598.0,6124,17126
562,562,pv_6_7384_0,21608.94,32026,9780
563,563,pv_6_5313,21613.08,22874,41876
564,564,pv_6_8292_0,21625.81,19808,19322
565,565,pv_6_2445_1,21635.46,17370,36430
566,566,pv_6_662_0,21640.03,7882,32246
567,567,pv_6_4670,21641.09,41034,2848
568,568,pv_6_6510,21667.62,22444,16040
569,569,pv_6_4512,21669.53,24374,33646
570,570,pv_6_482,21670.09,13164,24366
571,571,pv_6_6818_1,21683.6,22444,41916
572,572,pv_6_313_0,21686.37,37372,8914
573,573,pv_6_7659_0,21713.76,32026,41824
574,574,pv_6_2243_0,21715.89,8462,30920
575,575,pv_6_11557_0,21721.19,36448,7904
576,576,pv_6_5288,21734.32,5276,14254
577,577,pv_6_7175,21739.92,33024,12092
578,578,pv_6_675_1,21745.56,28392,5784
579,579,pv_6_5252_1,21746.24,19190,2396
580,580,pv_6_872_0,21753.82,9244,12502
581,581,pv_6_11783_1,21757.42,36882,152
582,582,pv_6_2984_0,21763.05,6126,6044
583,583,pv_6_10925_1,21770.88,3396,32818
584,584,pv_6_4916_0,21780.68,13316,27522
585,585,pv_6_10912,21787.49,23554,29654
586,586,pv_6_7546_0,21789.39,32026,1568
587,587,pv_6_9168,21790.09,41864,34104
588,588,pv_6_11769_1,21795.71,11348,8918
589,589,pv_6_9464_0,21797.73,41864,40774
590,590,pv_6_9280_1,21813.67,41864,29088
591,591,pv_6_7103_0,21816.99,39108,28152
592,592,pv_6_8003_1,21826.51,35728,14990
593,593,pv_6_11849_0,21829.25,28588,640
594,594,pv_6_3678,21830.67,28484,30920
595,595,pv_6_3537,21852.81,2642,38734
596,596,pv_6_1099,21854.61,1512,30920
597,597,pv_6_475_1,21857.28,28904,30920
598,598,pv_6_11581_1,21872.31,10482,29808
599,599,pv_6_2853_0,21876.44,32446,33794
600,600,pv_6_9775_0,21881.99,10548,2800
601,601,pv_6_7347_0,21886.42,628,6592
602,602,pv_6_6036_1,21890.49,2848,12668
603,603,pv_6_8865,21894.21,19808,27650
604,604,pv_6_5763_1,21894.28,7054,23554
605,605,pv_6_11484_1,21896.34,2768,38150
606,606,pv_6_3904,21897.61,20696,24584
607,607,pv_6_8074,21907.62,35728,15940
608,608,pv_6_3687_0,21914.4,19012,13454
609,609,pv_6_7711_0,21914.86,32026,9640
610,610,pv_6_10295_1,21917.85,22976,36790
611,611,pv_6_5698,21925.08,17218,16546
612,612,pv_6_7271_0,21926.1,17264,12972
613,613,pv_6_5627_1,21931.29,35660,30920
614,614,pv_6_8293_1,21932.4,19808,30510
615,615,pv_6_11596,21933.8,16378,24216
616,616,pv_6_63_0,21939.51,6254,17126
617,617,pv_6_1524,21945.27,37734,2396
618,618,pv_6_11582,21945.99,23916,39228
619,619,pv_6_1362_0,21952.29,20874,22444
620,620,pv_6_3637_0,21958.21,7904,28610
621,621,pv_6_8114_0,21959.58,35728,16716
622,622,pv_6_720_1,21966.09,7824,17126
623,623,pv_6_9163_0,21970.35,41864,13458
624,624,pv_6_1402_0,21970.35,1956,5634
625,625,pv_6_4984_0,21981.89,2002,41876
626,626,pv_6_11028_1,21989.53,39108,3268
627,627,pv_6_1203,21993.0,29226,6202
628,628,pv_6_7713,22005.49,32026,5572
629,629,pv_6_331_0,22006.71,22132,14208
630,630,pv_6_2126_0,22009.47,4238,14254
631,631,pv_6_3270_1,22015.42,4778,3490
632,632,pv_6_269_1,22026.01,1316,3396
633,633,pv_6_2663_1,22034.62,6178,28192
634,634,pv_6_5037,22035.46,7548,32920
635,635,pv_6_5409_0,22035.46,19022,25530
636,636,pv_6_3307_0,22040.04,1726,30920
637,637,pv_6_11006,22041.84,39108,29938
638,638,pv_6_11833_0,22056.08,28586,36238
639,639,pv_6_9173,22056.95,41864,5506
640,640,pv_6_1028,22058.54,36256,2848
641,641,pv_6_1368,22068.74,1088,3396
642,642,pv_6_7159_0,22078.05,632,19342
643,643,pv_6_1202,22082.33,19478,19882
644,644,pv_6_10702_1,22084.36,2396,13028
645,645,pv_6_2565_1,22086.13,29358,33776
646,646,pv_6_948_1,22090.55,41066,14254
647,647,pv_6_6559_1,22092.79,2396,17188
648,648,pv_6_8681,22100.76,19808,34326
649,649,pv_6_3377,22102.72,34144,4022
650,650,pv_6_4385,22103.43,33052,30920
651,651,pv_6_9321,22110.1,41864,5774
652,652,pv_6_10050_0,22122.58,19808,28866
653,653,pv_6_3621_0,22123.32,18472,568
654,654,pv_6_13_0,22123.64,1238,17126
655,655,pv_6_9697_0,22125.48,31476,15852
656,656,pv_6_242_0,22126.65,39652,38004
657,657,pv_6_11708_1,22129.34,3674,12382
658,658,pv_6_8916,22131.84,19808,522
659,659,pv_6_10_0,22141.54,21064,36744
660,660,pv_6_6229_1,22148.22,2848,24362
661,661,pv_6_6845,22161.94,22444,21860
662,662,pv_6_1313_0,22164.27,20786,41876
663,663,pv_6_2969,22165.31,26628,8554
664,664,pv_6_1057_1,22165.93,39512,14254
665,665,pv_6_2394,22167.02,9170,17126
666,666,pv_6_6695_0,22174.4,2396,26792
667,667,pv_6_1335_1,22177.6,37242,30920
668,668,pv_6_1354,22186.98,13740,30920
669,669,pv_6_2993_1,22189.21,7070,9526
670,670,pv_6_9100_1,22193.18,41864,41576
671,671,pv_6_8218,22202.59,35728,39316
672,672,pv_6_9576,22203.71,41864,24762
673,673,pv_6_9063_1,22207.0,19808,10864
674,674,pv_6_7598,22208.23,32026,6124
675,675,pv_6_2318_0,22233.53,40938,23410
676,676,pv_6_3815,22241.67,23916,26100
677,677,pv_6_166_1,22242.1,30516,30920
678,678,pv_6_1709_1,22245.64,28682,38138
679,679,pv_6_9710_0,22245.9,20150,12498
680,680,pv_6_9809,22255.92,32406,41910
681,681,pv_6_2356_0,22260.27,17402,26594
682,682,pv_6_2223,22266.04,29398,17126
683,683,pv_6_3989_1,22268.22,20320,30920
684,684,pv_6_5757_0,22270.52,39632,30920
685,685,pv_6_924_0,22281.59,8140,23918
686,686,pv_6_1923_1,22301.38,21418,7498
687,687,pv_6_4006_1,22307.08,15504,30920
688,688,pv_6_11784_0,22308.35,23536,12716
689,689,pv_6_552_0,22323.07,8218,12502
690,690,pv_6_4958,22329.87,3658,14254
691,691,pv_6_10883,22342.07,3396,27846
692,692,pv_6_719_1,22342.47,11916,17126
693,693,pv_6_3831,22345.97,20366,37386
694,694,pv_6_9701,22349.24,40552,41316
695,695,pv_6_7095,22368.52,39108,17512
696,696,pv_6_7057_1,22368.91,39108,7452
697,697,pv_6_4577_0,22370.62,4078,23916
698,698,pv_6_11037,22375.03,39108,16042
699,699,pv_6_11431_1,22381.19,29212,2756
700,700,pv_6_10084_0,22381.41,2848,41918
701,701,pv_6_8841,22391.23,19808,17028
702,702,pv_6_4667_1,22400.27,27964,25208
703,703,pv_6_2356,22405.08,17402,26594
704,704,pv_6_2208_0,22406.11,31176,22444
705,705,pv_6_6877,22414.99,39108,38526
706,706,pv_6_8015,22416.71,35728,19084
707,707,pv_6_4197_0,22420.65,12362,30920
708,708,pv_6_3663_0,22426.58,28492,17126
709,709,pv_6_8200_0,22427.03,35728,4306
710,710,pv_6_4602_1,22427.28,7310,24114
711,711,pv_6_3960_1,22437.18,37204,32636
712,712,pv_6_7183,22447.08,33820,1508
713,713,pv_6_8109_0,22457.52,35728,13032
714,714,pv_6_8307,22458.13,19808,39554
715,715,pv_6_7060,22466.34,39108,24034
716,716,pv_6_11164_1,22468.65,32026,36906
717,717,pv_6_7393_1,22471.92,32026,6154
718,718,pv_6_9707,22474.86,34748,37814
719,719,pv_6_4815_0,22477.8,27880,2060
720,720,pv_6_1785_0,22478.53,18524,14254
721,721,pv_6_10788_1,22489.7,2396,16178
722,722,pv_6_11816_1,22513.8,38760,28268
723,723,pv_6_1369_0,22515.03,1166,3396
724,724,pv_6_1383_1,22516.82,1182,37746
725,725,pv_6_8346_0,22519.2,19808,27342
726,726,pv_6_1729,22524.38,29600,23920
727,727,pv_6_4130_0,22526.17,39864,27352
728,728,pv_6_11488_1,22527.55,506,31604
729,729,pv_6_9581_0,22557.98,41864,4450
730,730,pv_6_2622_0,22559.16,38482,23554
731,731,pv_6_9704_0,22568.53,7582,23022
732,732,pv_6_6966_0,22573.19,39108,37814
733,733,pv_6_1452_0,22575.3,16060,10250
734,734,pv_6_7948_1,22576.74,32026,39750
735,735,pv_6_7301_1,22582.66,628,6066
736,736,pv_6_2849_0,22584.51,5536,11390
737,737,pv_6_8773,22585.7,19808,35202
738,738,pv_6_4433_1,22587.76,13822,14254
739,739,pv_6_4452,22609.08,13798,23554
740,740,pv_6_1524_1,22611.84,37734,2396
741,741,pv_6_25_0,22617.44,31948,22976
742,742,pv_6_6117_1,22629.26,22976,13014
743,743,pv_6_5163_0,22630.27,12384,13996
744,744,pv_6_8467,22646.13,19808,18036
745,745,pv_6_2848_0,22653.43,18000,17126
746,746,pv_6_1189_1,22656.39,30892,37474
747,747,pv_6_11532_0,22658.71,25530,39166
748,748,pv_6_4726_0,22664.36,11510,41876
749,749,pv_6_9125,22680.43,41864,7994
750,750,pv_6_4920,22699.16,35222,17218
751,751,pv_6_3714_0,22726.66,28486,32920
752,752,pv_6_10084_1,22736.44,2848,41918
753,753,pv_6_11749_1,22740.96,38398,20032
754,754,pv_6_5623_0,22746.64,14620,17126
755,755,pv_6_8284_0,22752.91,19808,22076
756,756,pv_6_1137_0,22759.71,1126,7704
757,757,pv_6_11649,22760.5,24794,23890
758,758,pv_6_5309,22761.09,5270,41876
759,759,pv_6_5575,22761.41,24948,41876
760,760,pv_6_8924_0,22763.98,19808,1118
761,761,pv_6_1896_0,22770.54,18996,40872
762,762,pv_6_7126,22777.31,39108,15460
763,763,pv_6_4607,22778.2,19878,552
764,764,pv_6_7974,22813.08,35728,39652
765,765,pv_6_3720,22822.62,23032,41912
766,766,pv_6_6887_1,22829.78,39108,41554
767,767,pv_6_9683,22832.21,7582,38220
768,768,pv_6_5377,22832.34,9642,15846
769,769,pv_6_2122,22833.96,5978,33796
770,770,pv_6_8136_1,22838.05,35728,7318
771,771,pv_6_3362_1,22841.96,27230,22322
772,772,pv_6_252,22850.14,23486,17944
773,773,pv_6_7597_1,22856.94,32026,39480
774,774,pv_6_4599_1,22859.19,238,27822
775,775,pv_6_306_0,22859.19,9464,39710
776,776,pv_6_11289_0,22875.47,32026,3526
777,777,pv_6_9074_0,22881.65,41864,21040
778,778,pv_6_1709,22885.37,28682,38138
779,779,pv_6_6037,22892.22,22976,36726
780,780,pv_6_9904,22908.71,19808,26424
781,781,pv_6_4470,22911.81,38488,8420
782,782,pv_6_11402_1,22915.96,36202,4832
783,783,pv_6_6803,22931.77,22444,4284
784,784,pv_6_2475_0,22946.21,17906,92
785,785,pv_6_166,22962.44,30516,30920
786,786,pv_6_11084,22964.51,39108,4276
787,787,pv_6_2505_1,22968.52,2434,24210
788,788,pv_6_10802_1,22973.63,22444,39606
789,789,pv_6_1421_1,22982.12,1698,39388
790,790,pv_6_7396_1,22989.17,32026,15680
791,791,pv_6_5494,22989.54,8662,17918
792,792,pv_6_1563_1,22991.72,37796,32408
793,793,pv_6_11434_1,23000.09,3792,24538
794,794,pv_6_8853_0,23007.64,19808,40994
795,795,pv_6_8076,23009.03,35728,11260
796,796,pv_6_3810,23026.24,3686,41814
797,797,pv_6_10992_0,23026.8,3396,35726
798,798,pv_6_5142_0,23037.72,26032,38926
799,799,pv_6_354_1,23037.77,35308,23648
800,800,pv_6_6426_1,23049.59,22444,10024
801,801,pv_6_5556_1,23055.29,18772,30920
802,802,pv_6_4651,23055.34,11534,33978
803,803,pv_6_5213_0,23062.95,4592,24048
804,804,pv_6_2807_0,23064.11,14286,1046
805,805,pv_6_11507,23068.23,38552,5874
806,806,pv_6_1995_0,23073.49,3364,14254
807,807,pv_6_1338,23079.48,516,30920
808,808,pv_6_2984,23083.15,6126,6044
809,809,pv_6_8077,23084.72,35728,40068
810,810,pv_6_1066_1,23100.19,31742,30920
811,811,pv_6_7810_1,23105.9,32026,21220
812,812,pv_6_14,23106.65,10970,12518
813,813,pv_6_3871_1,23116.26,37720,14254
814,814,pv_6_1382_0,23116.55,1164,2888
815,815,pv_6_230_0,23126.01,38536,12366
816,816,pv_6_4955,23148.69,7486,32452
817,817,pv_6_2608_0,23151.08,20040,30920
818,818,pv_6_1819,23151.39,18526,30920
819,819,pv_6_11130_1,23155.01,18362,33646
820,820,pv_6_1519,23155.35,37810,2396
821,821,pv_6_3045_0,23177.78,38082,17126
822,822,pv_6_1709_0,23184.9,28682,38138
823,823,pv_6_2342,23191.92,40706,41852
824,824,pv_6_9577,23196.88,41864,4456
825,825,pv_6_4494_0,23196.88,8040,13728
826,826,pv_6_1053,23197.22,22308,11392
827,827,pv_6_11341_1,23197.54,32026,38130
828,828,pv_6_8288_1,23199.27,19808,2040
829,829,pv_6_3712_1,23205.86,40660,23554
830,830,pv_6_6868,23205.86,39108,21046
831,831,pv_6_2006_0,23211.44,39026,30920
832,832,pv_6_4046_0,23215.21,20328,20608
833,833,pv_6_3910_0,23232.47,4108,28892
834,834,pv_6_3963_1,23235.36,20324,23874
835,835,pv_6_10261_1,23242.75,2848,27032
836,836,pv_6_11849_1,23259.19,28588,640
837,837,pv_6_4312_1,23261.74,37538,39038
838,838,pv_6_11475_1,23264.65,13054,1668
839,839,pv_6_3971,23269.0,37196,22444
840,840,pv_6_9293_1,23273.9,41864,10660
841,841,pv_6_9830,23299.04,15496,26100
842,842,pv_6_5975,23301.41,2848,30588
843,843,pv_6_7600_1,23305.23,32026,13908
844,844,pv_6_5197,23305.51,30310,16834
845,845,pv_6_3388_1,23306.56,12810,19868
846,846,pv_6_7063_0,23310.64,39108,33254
847,847,pv_6_11134,23312.35,23530,41326
848,848,pv_6_3290_0,23320.59,21770,13452
849,849,pv_6_5056_0,23325.09,3802,41808
850,850,pv_6_11537_0,23327.49,12854,2448
851,851,pv_6_3570,23335.87,26186,32408
852,852,pv_6_4326,23337.72,13762,19524
853,853,pv_6_1985_1,23338.28,21414,14860
854,854,pv_6_5335,23339.47,5256,30920
855,855,pv_6_2647_1,23363.27,18680,15256
856,856,pv_6_3159_0,23377.94,19586,23650
857,857,pv_6_4080_1,23383.5,38546,22884
858,858,pv_6_1184_0,23392.23,1954,12876
859,859,pv_6_2495_1,23396.69,25592,19102
860,860,pv_6_6779_0,23397.68,22444,1124
861,861,pv_6_3665,23400.39,37768,11392
862,862,pv_6_1925_1,23404.98,33532,6378
863,863,pv_6_222_1,23408.66,41548,4388
864,864,pv_6_4856,23412.68,31316,10242
865,865,pv_6_8069,23414.67,35728,9388
866,866,pv_6_5137,23414.98,9498,19670
867,867,pv_6_3761,23417.77,23928,39226
868,868,pv_6_7395_1,23418.71,32026,15640
869,869,pv_6_1865_0,23422.94,6104,17300
870,870,pv_6_3905,23429.21,9020,24364
871,871,pv_6_1182,23433.83,25712,27232
872,872,pv_6_2318,23437.19,40938,23410
873,873,pv_6_10156_1,23440.37,22976,18034
874,874,pv_6_592_0,23443.74,38782,30920
875,875,pv_6_2053_1,23443.95,18996,23554
876,876,pv_6_385_0,23450.78,22118,30920
877,877,pv_6_10957,23456.74,23554,25700
878,878,pv_6_6486_0,23458.41,22444,32922
879,879,pv_6_6934_0,23461.43,39108,16042
880,880,pv_6_1405,23464.46,36238,6922
881,881,pv_6_10992,23467.03,3396,35726
882,882,pv_6_3550,23470.35,26188,20404
883,883,pv_6_7891,23471.56,32026,14252
884,884,pv_6_7227_0,23475.11,628,22996
885,885,pv_6_2626,23481.3,8994,4284
886,886,pv_6_4952_0,23487.7,3650,37984
887,887,pv_6_4652,23487.7,6306,27410
888,888,pv_6_3006_1,23489.16,5940,37880
889,889,pv_6_233,23494.47,28588,20722
890,890,pv_6_5192_1,23509.47,19750,7028
891,891,pv_6_11280,23510.76,32026,41806
892,892,pv_6_9123,23531.29,41864,7602
893,893,pv_6_4833,23531.88,1228,1138
894,894,pv_6_1254_0,23535.42,30914,17126
895,895,pv_6_8046_1,23543.21,35728,39984
896,896,pv_6_2637,23549.11,36966,9144
897,897,pv_6_4015_1,23550.63,20340,2848
898,898,pv_6_9275_1,23554.72,41864,12324
899,899,pv_6_6193_0,23555.05,22976,4298
900,900,pv_6_5754_1,23558.7,14746,30920
901,901,pv_6_2990_1,23559.14,31524,10448
902,902,pv_6_4457,23559.4,13654,14252
903,903,pv_6_5288_1,23567.05,5276,14254
904,904,pv_6_8198,23575.13,35728,4306
905,905,pv_6_1538_0,23575.27,37788,17126
906,906,pv_6_1459_0,23588.43,37138,6500
907,907,pv_6_1258_1,23588.47,20950,17126
908,908,pv_6_5196_0,23593.17,9534,15014
909,909,pv_6_7101_1,23594.03,39108,31716
910,910,pv_6_6872_1,23594.57,39108,11902
911,911,pv_6_6694_0,23596.98,22444,27626
912,912,pv_6_3194,23605.23,21586,29066
913,913,pv_6_1349_0,23605.23,24830,30920
914,914,pv_6_6650_0,23609.44,22444,11772
915,915,pv_6_3483,23630.96,32860,30920
916,916,pv_6_7414_1,23637.7,32026,7848
917,917,pv_6_5388_0,23637.78,24916,4306
918,918,pv_6_5365_1,23658.2,5666,22444
919,919,pv_6_1796_0,23660.67,2608,41876
920,920,pv_6_9420_0,23661.74,41864,7050
921,921,pv_6_8127,23661.96,35728,19856
922,922,pv_6_5158,23665.58,4590,26920
923,923,pv_6_3527,23670.96,22732,7906
924,924,pv_6_348_1,23672.14,13950,17126
925,925,pv_6_6068_0,23673.29,22976,9876
926,926,pv_6_3127,23687.04,94,30920
927,927,pv_6_1019,23689.04,1424,9502
928,928,pv_6_3685,23700.05,30228,40552
929,929,pv_6_546_0,23709.41,28784,2396
930,930,pv_6_6962,23714.3,39108,38210
931,931,pv_6_1029,23717.52,14828,22976
932,932,pv_6_11100_1,23726.25,7582,24532
933,933,pv_6_11708,23729.83,3674,12382
934,934,pv_6_3451,23730.23,18364,736
935,935,pv_6_7968_1,23733.88,35728,39748
936,936,pv_6_411,23763.85,36222,3396
937,937,pv_6_2790,23764.13,6430,19860
938,938,pv_6_2360_0,23764.6,29480,20130
939,939,pv_6_11469_0,23764.61,16550,29396
940,940,pv_6_11560,23764.61,38548,41420
941,941,pv_6_4851_0,23774.56,3832,8072
942,942,pv_6_11524_0,23782.1,32636,17002
943,943,pv_6_10164_1,23783.5,2848,3938
944,944,pv_6_7972_0,23784.06,35728,19298
945,945,pv_6_11376,23787.26,27842,33566
946,946,pv_6_5342_0,23787.49,25672,30920
947,947,pv_6_2054_1,23789.95,29554,23554
948,948,pv_6_3823_0,23796.28,3684,15180
949,949,pv_6_2329_0,23796.62,30080,21932
950,950,pv_6_1465_1,23801.34,11686,40858
951,951,pv_6_9286,23824.27,41864,31178
952,952,pv_6_3444_0,23839.5,32412,20648
953,953,pv_6_951_0,23844.25,19574,41876
954,954,pv_6_4204,23845.1,8930,20152
955,955,pv_6_7813,23862.99,32026,41748
956,956,pv_6_8501,23865.37,19808,28576
957,957,pv_6_10416,23875.93,2848,24712
958,958,pv_6_5621_1,23881.14,14616,17126
959,959,pv_6_8310,23882.64,19808,33754
960,960,pv_6_1407_1,23883.14,38832,39414
961,961,pv_6_7267_0,23899.33,33024,16486
962,962,pv_6_4813_0,23912.89,37150,36792
963,963,pv_6_10753_1,23920.32,22444,23882
964,964,pv_6_9833,23927.78,19808,6256
965,965,pv_6_3073,23935.8,5962,41876
966,966,pv_6_1347_1,23942.74,4502,30920
967,967,pv_6_8092_0,23946.28,35728,13628
968,968,pv_6_3043_0,23949.8,11362,17126
969,969,pv_6_7242_0,23954.21,39286,18670
970,970,pv_6_1799,23958.37,39430,41876
971,971,pv_6_7165,23961.02,18634,13332
972,972,pv_6_11651_1,23962.58,24862,9014
973,973,pv_6_929_0,23967.37,2306,24518
974,974,pv_6_3502,23970.62,482,736
975,975,pv_6_5146,23981.46,5568,22312
976,976,pv_6_3042_1,23984.79,34016,17126
977,977,pv_6_7968,24000.42,35728,39748
978,978,pv_6_10047_0,24003.75,19808,1288
979,979,pv_6_3710_1,24010.22,18470,22444
980,980,pv_6_5227,24015.22,33642,14104
981,981,pv_6_4177,24015.4,33710,17126
982,982,pv_6_9835_0,24022.67,19808,9790
983,983,pv_6_3465,24023.72,35874,23918
984,984,pv_6_2399_0,24024.71,40420,37984
985,985,pv_6_8181_1,24032.2,35728,13014
986,986,pv_6_3756_1,24035.2,2766,21908
987,987,pv_6_8217_1,24038.22,35728,4304
988,988,pv_6_1349_1,24043.59,24830,30920
989,989,pv_6_9426_0,24045.94,41864,10422
990,990,pv_6_7731_1,24046.3,32026,15760
991,991,pv_6_8000_1,24050.6,35728,20230
992,992,pv_6_1437_1,24057.24,990,17298
993,993,pv_6_639,24063.1,12420,34038
994,994,pv_6_9789_1,24064.67,10550,24778
995,995,pv_6_1382,24066.42,1164,2888
996,996,pv_6_1367,24068.96,36262,3396
997,997,pv_6_5726_0,24072.97,36160,14254
998,998,pv_6_4361_0,24075.23,20062,27122
999,999,pv_6_3858_1,24075.37,24708,22444
1000,1000,pv_6_9693_1,24083.27,15496,24186
1001,1001,pv_6_8542_1,24099.38,19808,29368
1002,1002,pv_6_7415_0,24102.23,32026,7866
1003,1003,pv_6_1032,24102.89,27352,2848
1004,1004,pv_6_2104_0,24106.02,29906,4794
1005,1005,pv_6_5128_0,24111.98,15702,31948
1006,1006,pv_6_10409_0,24121.51,2848,4436
1007,1007,pv_6_923_1,24126.82,2282,5100
1008,1008,pv_6_2943,24138.93,38082,8386
1009,1009,pv_6_1897,24174.11,1584,10958
1010,1010,pv_6_4095,24184.14,35766,3490
1011,1011,pv_6_8813_0,24187.89,19808,19028
1012,1012,pv_6_8087,24208.92,35728,29338
1013,1013,pv_6_4043_1,24212.4,636,5634
1014,1014,pv_6_2776,24212.65,6496,37746
1015,1015,pv_6_7814_1,24213.89,32026,24712
1016,1016,pv_6_2596_0,24221.76,26874,17924
1017,1017,pv_6_4369_0,24235.17,13758,13452
1018,1018,pv_6_1000_0,24244.18,27350,27624
1019,1019,pv_6_3517_1,24254.8,26242,9102
1020,1020,pv_6_11358_0,24259.16,19808,23124
1021,1021,pv_6_2564_1,24264.33,40908,37984
1022,1022,pv_6_2595_1,24267.14,20038,40374
1023,1023,pv_6_1804_1,24269.94,29196,506
1024,1024,pv_6_3270,24287.04,4778,3490
1025,1025,pv_6_5296,24291.41,35842,30920
1026,1026,pv_6_8564,24293.95,19808,32822
1027,1027,pv_6_4890,24294.48,36148,23614
1028,1028,pv_6_7065_0,24306.95,39108,3808
1029,1029,pv_6_8265,24312.42,39108,8150
1030,1030,pv_6_2115_0,24312.92,24786,41008
1031,1031,pv_6_722,24319.46,22912,17126
1032,1032,pv_6_273_0,24320.36,2064,19540
1033,1033,pv_6_6718,24323.17,22444,338
1034,1034,pv_6_3499_0,24325.37,41598,18702
1035,1035,pv_6_11165_0,24349.57,32026,37372
1036,1036,pv_6_1244_0,24350.33,20948,22444
1037,1037,pv_6_3319_1,24357.04,40878,18212
1038,1038,pv_6_8202_1,24357.72,35728,4298
1039,1039,pv_6_2313_0,24365.74,6340,19276
1040,1040,pv_6_2785_1,24373.58,33732,26100
1041,1041,pv_6_1300_0,24379.51,1078,30920
1042,1042,pv_6_3640_0,24380.02,19002,6308
1043,1043,pv_6_10222_0,24383.9,22976,38820
1044,1044,pv_6_4737,24389.61,26918,30920
1045,1045,pv_6_2007,24397.52,9402,30920
1046,1046,pv_6_11613_0,24398.75,31084,15508
1047,1047,pv_6_1353_1,24409.23,15970,30920
1048,1048,pv_6_7060_0,24412.82,39108,24034
1049,1049,pv_6_5199,24435.28,5256,34652
1050,1050,pv_6_4190_1,24454.75,39746,30920
1051,1051,pv_6_962,24462.1,22342,2396
1052,1052,pv_6_11130_0,24462.1,18362,33646
1053,1053,pv_6_10297_1,24463.06,2848,36684
1054,1054,pv_6_2750_1,24473.77,26938,30920
1055,1055,pv_6_3943_0,24475.03,13186,14942
1056,1056,pv_6_2481,24475.32,18206,34622
1057,1057,pv_6_3205_0,24487.27,15562,16772
1058,1058,pv_6_3019_1,24488.28,18640,2396
1059,1059,pv_6_11483_0,24488.9,3674,22912
1060,1060,pv_6_3412,24503.11,12648,30920
1061,1061,pv_6_4668,24503.92,3666,28152
1062,1062,pv_6_3315,24508.68,4778,23554
1063,1063,pv_6_9127_1,24519.16,41864,2652
1064,1064,pv_6_9578_1,24519.25,41864,1070
1065,1065,pv_6_8326_1,24521.37,19808,1300
1066,1066,pv_6_1032_0,24521.87,27352,2848
1067,1067,pv_6_7544_1,24522.76,32026,29786
1068,1068,pv_6_2313,24525.52,6340,19276
1069,1069,pv_6_11373_0,24534.73,21532,21250
1070,1070,pv_6_2513,24547.93,17000,17324
1071,1071,pv_6_8075,24557.71,35728,22672
1072,1072,pv_6_1028_1,24559.04,36256,2848
1073,1073,pv_6_1535,24562.16,24194,17126
1074,1074,pv_6_9697_1,24562.16,31476,15852
1075,1075,pv_6_2998,24566.38,5952,9552
1076,1076,pv_6_1104_0,24572.57,38248,37054
1077,1077,pv_6_7432_1,24586.86,32026,41734
1078,1078,pv_6_11258,24586.86,32026,9606
1079,1079,pv_6_675_0,24597.55,28392,5784
1080,1080,pv_6_5720,24602.12,39620,17126
1081,1081,pv_6_379,24603.95,37374,41876
1082,1082,pv_6_3857,24606.93,19576,2848
1083,1083,pv_6_5072_0,24607.75,24052,10798
1084,1084,pv_6_11435_0,24619.5,3786,20356
1085,1085,pv_6_10501_0,24622.88,22444,10962
1086,1086,pv_6_4789_1,24625.49,7412,15456
1087,1087,pv_6_9782_1,24632.75,20150,31698
1088,1088,pv_6_6326,24635.93,22444,30544
1089,1089,pv_6_4175,24637.58,29548,17126
1090,1090,pv_6_5120_1,24650.52,20584,24756
1091,1091,pv_6_5264_1,24666.04,25698,17126
1092,1092,pv_6_9602_0,24686.68,41864,4310
1093,1093,pv_6_2018_1,24690.05,2532,41876
1094,1094,pv_6_2425,24694.93,17896,30920
1095,1095,pv_6_7282,24698.78,20316,17916
1096,1096,pv_6_5779,24698.88,6990,24966
1097,1097,pv_6_5308,24699.05,9512,41876
1098,1098,pv_6_6956_1,24702.75,39108,24176
1099,1099,pv_6_11000_0,24704.64,39108,3534
1100,1100,pv_6_7958,24708.09,35728,19280
1101,1101,pv_6_1549,24709.53,37126,14254
1102,1102,pv_6_9779_1,24711.24,37194,8654
1103,1103,pv_6_1714_1,24711.78,36956,4476
1104,1104,pv_6_4976,24713.61,14316,30920
1105,1105,pv_6_512_0,24719.05,13958,26564
1106,1106,pv_6_1320_0,24720.25,24094,18360
1107,1107,pv_6_4500_0,24724.47,37614,22860
1108,1108,pv_6_5045,24736.87,3660,4276
1109,1109,pv_6_3985,24752.62,15498,14254
1110,1110,pv_6_5665_0,24756.46,25414,26764
1111,1111,pv_6_5135_0,24759.59,5666,32780
1112,1112,pv_6_438_0,24760.62,13164,37932
1113,1113,pv_6_5593_0,24773.89,9064,30920
1114,1114,pv_6_1239_0,24797.07,19468,2396
1115,1115,pv_6_11164,24799.68,32026,36906
1116,1116,pv_6_10700_0,24800.21,2396,21670
1117,1117,pv_6_11019,24802.27,39108,19488
1118,1118,pv_6_11641_1,24806.25,3638,23602
1119,1119,pv_6_1938_0,24829.83,6084,14102
1120,1120,pv_6_4857_0,24835.62,40778,30110
1121,1121,pv_6_2537_0,24841.47,39882,17514
1122,1122,pv_6_5549,24842.29,8662,3490
1123,1123,pv_6_10869_0,24850.29,23554,1202
1124,1124,pv_6_4629_1,24855.26,26822,35074
1125,1125,pv_6_4125_1,24859.26,38448,39648
1126,1126,pv_6_6961_1,24862.44,39108,40198
1127,1127,pv_6_22,24863.47,1238,30920
1128,1128,pv_6_4224,24864.71,18060,2888
1129,1129,pv_6_5238_1,24868.39,26028,22976
1130,1130,pv_6_3377_0,24873.59,34144,4022
1131,1131,pv_6_4653_1,24894.06,6222,15082
1132,1132,pv_6_9122,24901.82,41864,11668
1133,1133,pv_6_394_0,24905.01,35302,30920
1134,1134,pv_6_2658,24909.91,27644,29690
1135,1135,pv_6_8236_1,24919.3,2848,28490
1136,1136,pv_6_8135,24926.72,35728,41540
1137,1137,pv_6_8792_1,24929.34,19808,14420
1138,1138,pv_6_9970_0,24935.21,19808,10756
1139,1139,pv_6_2160,24937.97,10314,40054
1140,1140,pv_6_2176,24957.13,1342,17730
1141,1141,pv_6_11458,24962.05,34212,14446
1142,1142,pv_6_1586_0,24967.28,16048,33792
1143,1143,pv_6_11780_0,24968.08,15256,37196
1144,1144,pv_6_378,24970.3,33608,41876
1145,1145,pv_6_4992,24980.21,35748,41876
1146,1146,pv_6_9234_1,24992.06,41864,24172
1147,1147,pv_6_554_0,24994.07,18056,33796
1148,1148,pv_6_9101,24999.94,41864,41360
1149,1149,pv_6_10519,25005.37,2396,36218
1150,1150,pv_6_4236,25009.52,12354,31232
1151,1151,pv_6_8296,25012.49,19808,33290
1152,1152,pv_6_3930_1,25014.73,37206,21190
1153,1153,pv_6_9801,25015.77,15496,24608
1154,1154,pv_6_6905_0,25016.54,39108,7862
1155,1155,pv_6_3726_0,25017.01,41904,15460
1156,1156,pv_6_1074_0,25017.07,1352,41876
1157,1157,pv_6_8930_0,25021.46,19808,1118
1158,1158,pv_6_11219_0,25023.79,32026,2490
1159,1159,pv_6_1745_0,25030.32,22682,13858
1160,1160,pv_6_1834,25044.95,8076,22444
1161,1161,pv_6_8109_1,25047.98,35728,13032
1162,1162,pv_6_1074,25050.69,1352,41876
1163,1163,pv_6_2711,25052.91,6528,17126
1164,1164,pv_6_7000_1,25060.94,39108,9412
1165,1165,pv_6_9522,25062.49,41864,35516
1166,1166,pv_6_6886,25064.13,39108,19640
1167,1167,pv_6_8751,25087.93,19808,8370
1168,1168,pv_6_2620_0,25093.54,2504,17126
1169,1169,pv_6_9273_1,25097.76,41864,31770
1170,1170,pv_6_3528,25098.33,8560,36620
1171,1171,pv_6_7245_1,25104.65,15500,29090
1172,1172,pv_6_10567,25109.45,22444,17308
1173,1173,pv_6_8348_0,25113.98,19808,6820
1174,1174,pv_6_7398,25117.02,32026,2104
1175,1175,pv_6_3667_1,25118.96,23032,14254
1176,1176,pv_6_8277_1,25122.46,19808,40646
1177,1177,pv_6_11389_1,25127.84,210,26322
1178,1178,pv_6_3624_1,25143.02,7910,28676
1179,1179,pv_6_4999,25156.66,24064,30920
1180,1180,pv_6_31_1,25156.77,21044,3790
1181,1181,pv_6_798_1,25161.17,39780,41912
1182,1182,pv_6_4660,25180.03,7510,20486
1183,1183,pv_6_4552,25191.97,37612,30920
1184,1184,pv_7_8910_1,25210.0,19808,19466
1185,1185,pv_7_3805_0,25212.0,2616,24360
1186,1186,pv_7_7604_0,25220.0,32026,30562
1187,1187,pv_7_11469_1,25232.0,16550,29396
1188,1188,pv_7_11169,25239.0,32026,4096
1189,1189,pv_7_4287_1,25265.0,30042,14254
1190,1190,pv_7_11702,25266.0,26822,23608
1191,1191,pv_7_3423_0,25269.0,17802,34758
1192,1192,pv_7_7690_1,25270.0,32026,13924
1193,1193,pv_7_3959_1,25272.0,19824,7312
1194,1194,pv_7_9801_1,25277.0,15496,24608
1195,1195,pv_7_7153_1,25287.0,18634,19224
1196,1196,pv_7_1824_0,25288.0,8958,30920
1197,1197,pv_7_6462,25294.0,2396,18044
1198,1198,pv_7_4738,25298.0,3672,30920
1199,1199,pv_7_1714,25300.0,36956,4476
1200,1200,pv_7_3655_1,25304.0,19016,22444
1201,1201,pv_7_3715_0,25311.0,37162,24638
1202,1202,pv_7_8501_1,25322.0,19808,28576
1203,1203,pv_7_10316_1,25323.0,2848,3632
1204,1204,pv_7_2499,25326.0,35898,3362
1205,1205,pv_7_214,25332.0,19338,37656
1206,1206,pv_7_1815_1,25335.0,3560,30920
1207,1207,pv_7_3839,25340.0,33124,38672
1208,1208,pv_7_591_1,25344.0,8176,30920
1209,1209,pv_7_2557_1,25352.0,40908,17126
1210,1210,pv_7_1888,25357.0,40926,40922
1211,1211,pv_7_2607_0,25365.0,22506,30920
1212,1212,pv_7_6737,25365.0,22444,25202
1213,1213,pv_7_7181_0,25366.0,12534,17422
1214,1214,pv_7_4016_0,25370.0,15504,22976
1215,1215,pv_7_5738_1,25375.0,27652,41876
1216,1216,pv_7_7038_0,25378.0,39108,22730
1217,1217,pv_7_11065_0,25382.0,39108,23874
1218,1218,pv_7_6649_1,25383.0,2396,36726
1219,1219,pv_7_172,25390.0,21920,30920
1220,1220,pv_7_11564,25402.0,20120,20012
1221,1221,pv_7_1571_1,25405.0,15832,30920
1222,1222,pv_7_9837_1,25415.0,19808,30530
1223,1223,pv_7_1913_1,25422.0,11722,15180
1224,1224,pv_7_11690,25424.0,23706,16262
1225,1225,pv_7_8167_1,25429.0,35728,35760
1226,1226,pv_7_5222_1,25440.0,9530,9874
1227,1227,pv_7_10031_0,25442.0,19808,1208
1228,1228,pv_7_11359_1,25443.0,19808,11134
1229,1229,pv_7_3809_0,25444.0,2762,19536
1230,1230,pv_7_3570_1,25459.0,26186,32408
1231,1231,pv_7_8320_0,25466.0,19808,33496
1232,1232,pv_7_5194_0,25469.0,9684,29452
1233,1233,pv_7_3082,25473.0,26408,41876
1234,1234,pv_7_1182,25474.0,25712,27232
1235,1235,pv_7_1177_1,25479.0,36072,5232
1236,1236,pv_7_4511_0,25486.0,37612,20496
1237,1237,pv_7_4584_0,25495.0,8050,25164
1238,1238,pv_7_1110_0,25503.0,1512,16180
1239,1239,pv_7_7541_0,25508.0,32026,36948
1240,1240,pv_7_3024_0,25524.0,25622,22444
1241,1241,pv_7_5322_0,25537.0,25242,34704
1242,1242,pv_7_6131,25541.0,2848,24772
1243,1243,pv_7_4613_0,25543.0,7310,37566
1244,1244,pv_7_4962,25553.0,24046,14254
1245,1245,pv_7_1457,25557.0,29000,35892
1246,1246,pv_7_5857,25559.0,2848,27124
1247,1247,pv_7_11771,25565.0,23918,15678
1248,1248,pv_7_1157_0,25572.0,33412,8478
1249,1249,pv_7_11776,25576.0,36542,18666
1250,1250,pv_7_11469,25597.0,16550,29396
1251,1251,pv_7_1200,25598.0,16562,8016
1252,1252,pv_7_3673_1,25608.0,19016,30920
1253,1253,pv_7_2993,25614.0,7070,9526
1254,1254,pv_7_1845_1,25618.0,29644,32920
1255,1255,pv_7_233,25620.0,28588,20722
1256,1256,pv_7_1671,25623.0,1668,22444
1257,1257,pv_7_7174,25624.0,628,28886
1258,1258,pv_7_3199_0,25632.0,38332,35254
1259,1259,pv_7_5079_1,25633.0,24038,39348
1260,1260,pv_7_8912,25638.0,19808,27104
1261,1261,pv_7_1799,25646.0,39430,41876
1262,1262,pv_7_7794_0,25649.0,32026,20214
1263,1263,pv_7_3662,25649.0,7902,17126
1264,1264,pv_7_699_1,25656.0,7736,28640
1265,1265,pv_7_1264,25657.0,19494,17126
1266,1266,pv_7_9544,25658.0,41864,36314
1267,1267,pv_7_9345,25660.0,41864,38414
1268,1268,pv_7_11291_0,25661.0,32026,2052
1269,1269,pv_7_2760,25672.0,26968,30920
1270,1270,pv_7_964,25686.0,16670,726
1271,1271,pv_7_4726_0,25687.0,11510,41876
1272,1272,pv_7_3417,25688.0,13134,41876
1273,1273,pv_7_11500_0,25690.0,17778,1982
1274,1274,pv_7_8542,25698.0,19808,29368
1275,1275,pv_7_6350,25703.0,22444,13334
1276,1276,pv_7_7236,25704.0,33822,23778
1277,1277,pv_7_7088_1,25704.0,39108,2782
1278,1278,pv_7_2694_0,25711.0,6490,22888
1279,1279,pv_7_2916_1,25712.0,32676,7992
1280,1280,pv_7_5138_0,25715.0,30322,92
1281,1281,pv_7_11106,25716.0,508,26572
1282,1282,pv_7_11155_1,25724.0,32026,31656
1283,1283,pv_7_9779,25726.0,37194,8654
1284,1284,pv_7_148_1,25729.0,36206,17126
1285,1285,pv_7_2710,25730.0,16502,17126
1286,1286,pv_7_1364,25731.0,30884,22444
1287,1287,pv_7_963,25734.0,38534,2396
1288,1288,pv_7_11099,25736.0,17926,2718
1289,1289,pv_7_4118_0,25748.0,32484,21694
1290,1290,pv_7_3044,25749.0,11904,17126
1291,1291,pv_7_2045_0,25756.0,11724,22976
1292,1292,pv_7_11106_0,25762.0,508,26572
1293,1293,pv_7_5785_0,25772.0,2848,23792
1294,1294,pv_7_7736_1,25773.0,32026,16844
1295,1295,pv_7_1794_1,25801.0,28676,30920
1296,1296,pv_7_10831_0,25804.0,2396,24612
1297,1297,pv_7_5119_0,25812.0,10476,24638
1298,1298,pv_7_4190_1,25812.0,39746,30920
1299,1299,pv_7_8551,25814.0,19808,40856
1300,1300,pv_7_2513_1,25824.0,17000,17324
1301,1301,pv_7_8322_1,25828.0,19808,36900
1302,1302,pv_7_7058,25832.0,39108,6302
1303,1303,pv_7_5383,25834.0,9666,21862
1304,1304,pv_7_1501,25847.0,25004,9516
1305,1305,pv_7_8304,25848.0,19808,33756
1306,1306,pv_7_7372,25870.0,32026,37258
1307,1307,pv_7_7957,25873.0,35728,16608
1308,1308,pv_7_7195_0,25875.0,18634,37624
1309,1309,pv_7_2725,25876.0,26940,14254
1310,1310,pv_7_314,25880.0,19614,12688
1311,1311,pv_7_11735_1,25888.0,22112,35852
1312,1312,pv_7_1318_1,25909.0,4436,18362
1313,1313,pv_7_9836,25914.0,19808,41884
1314,1314,pv_7_4202_0,25919.0,1334,41876
1315,1315,pv_7_3911,25922.0,15352,29856
1316,1316,pv_7_2475_0,25923.0,17906,92
1317,1317,pv_7_302,25923.0,34940,13130
1318,1318,pv_7_1466_0,25934.0,41264,34384
1319,1319,pv_7_3435_0,25934.0,11334,37564
1320,1320,pv_7_3499_1,25934.0,41598,18702
1321,1321,pv_7_4721_0,25935.0,37156,41876
1322,1322,pv_7_158_0,25940.0,41884,14860
1323,1323,pv_7_11027_1,25941.0,39108,37566
1324,1324,pv_7_5056_1,25945.0,3802,41808
1325,1325,pv_7_8553_0,25947.0,19808,34000
1326,1326,pv_7_4151_0,25985.0,8858,34124
1327,1327,pv_7_11485_1,25997.0,22702,15240
1328,1328,pv_7_8765_0,26000.0,19808,18964
1329,1329,pv_7_2110,26001.0,22620,1826
1330,1330,pv_7_1947_0,26003.0,18884,22444
1331,1331,pv_7_8386_1,26006.0,19808,11220
1332,1332,pv_7_5567_0,26034.0,26048,41876
1333,1333,pv_7_9999,26045.0,19808,30524
1334,1334,pv_7_3910_1,26047.0,4108,28892
1335,1335,pv_7_2917_0,26047.0,33766,1200
1336,1336,pv_7_11852_1,26052.0,7990,35120
1337,1337,pv_7_437,26055.0,8264,39652
1338,1338,pv_7_9460_0,26055.0,41864,7986
1339,1339,pv_7_1499_0,26059.0,21236,22886
1340,1340,pv_7_2620,26060.0,2504,17126
1341,1341,pv_7_5365_0,26089.0,5666,22444
1342,1342,pv_7_233_0,26093.0,28588,20722
1343,1343,pv_7_5343,26096.0,25662,30920
1344,1344,pv_7_3279_1,26098.0,21804,30920
1345,1345,pv_7_9174_1,26101.0,41864,1426
1346,1346,pv_7_5066,26111.0,7528,27416
1347,1347,pv_7_6290_0,26117.0,2848,20868
1348,1348,pv_7_9794,26136.0,10550,37746
1349,1349,pv_7_3804_1,26141.0,2766,24364
1350,1350,pv_7_8559,26142.0,19808,15566
1351,1351,pv_7_8492_0,26142.0,19808,17572
1352,1352,pv_7_638_0,26143.0,19156,8422
1353,1353,pv_7_548_0,26143.0,8248,17126
1354,1354,pv_7_4147_1,26147.0,8902,39196
1355,1355,pv_7_3212,26147.0,21708,13438
1356,1356,pv_7_4801_0,26150.0,7564,23758
1357,1357,pv_7_1461_0,26161.0,12554,11372
1358,1358,pv_7_11679_0,26173.0,5662,17210
1359,1359,pv_7_7973_1,26207.0,35728,19222
1360,1360,pv_7_5164_1,26212.0,17452,10222
1361,1361,pv_7_4161,26228.0,29516,10436
1362,1362,pv_7_8308,26230.0,19808,37932
1363,1363,pv_7_8355,26238.0,19808,22336
1364,1364,pv_7_3346_0,26243.0,4794,23664
1365,1365,pv_7_541_1,26255.0,31438,2396
1366,1366,pv_7_6786,26257.0,22444,24712
1367,1367,pv_7_4041_0,26265.0,34482,21860
1368,1368,pv_7_1262,26268.0,21570,17126
1369,1369,pv_7_8258,26284.0,39108,21068
1370,1370,pv_7_5288_0,26294.0,5276,14254
1371,1371,pv_7_5333_1,26296.0,30412,30920
1372,1372,pv_7_1431_0,26299.0,9256,11828
1373,1373,pv_7_1987_0,26309.0,21422,33780
1374,1374,pv_7_8188_1,26331.0,35728,556
1375,1375,pv_7_9774,26332.0,23528,150
1376,1376,pv_7_3841_0,26344.0,31100,28494
1377,1377,pv_7_8529,26345.0,19808,4382
1378,1378,pv_7_245,26345.0,32780,39772
1379,1379,pv_7_5045_0,26349.0,3660,4276
1380,1380,pv_7_3349_1,26364.0,25160,12292
1381,1381,pv_7_9658_1,26375.0,41864,14546
1382,1382,pv_7_4949_0,26379.0,28112,17126
1383,1383,pv_7_102_0,26385.0,17824,31436
1384,1384,pv_7_5092_0,26398.0,26682,8590
1385,1385,pv_7_4723,26399.0,7512,41876
1386,1386,pv_7_7159_1,26399.0,632,19342
1387,1387,pv_7_5477,26403.0,36160,26648
1388,1388,pv_7_7391,26415.0,32026,1302
1389,1389,pv_7_5152_0,26417.0,30406,5642
1390,1390,pv_7_7120,26424.0,39108,41914
1391,1391,pv_7_8052_0,26424.0,35728,15832
1392,1392,pv_7_1331,26429.0,41728,30920
1393,1393,pv_7_9133_0,26439.0,41864,22010
1394,1394,pv_7_152,26439.0,100,17126
1395,1395,pv_7_2843_0,26440.0,22138,2396
1396,1396,pv_7_9274_1,26443.0,41864,31124
1397,1397,pv_7_724_1,26446.0,18812,17126
1398,1398,pv_7_2199_1,26447.0,10654,22976
1399,1399,pv_7_5217_1,26449.0,25668,14316
1400,1400,pv_7_10970,26451.0,3396,20214
1401,1401,pv_7_3465_0,26462.0,35874,23918
1402,1402,pv_7_2325_1,26468.0,8462,7994
1403,1403,pv_7_11647_0,26478.0,4486,6010
1404,1404,pv_7_11319_1,26491.0,32026,18146
1405,1405,pv_7_1352_1,26493.0,41740,30920
1406,1406,pv_7_7305_0,26494.0,33818,3622
1407,1407,pv_7_9825,26508.0,23528,26100
1408,1408,pv_7_5405_0,26544.0,9592,34198
1409,1409,pv_7_785_1,26547.0,41006,17126
1410,1410,pv_7_4604_0,26547.0,6382,12546
1411,1411,pv_7_11141_1,26549.0,31478,41912
1412,1412,pv_7_4499_1,26553.0,8014,2770
1413,1413,pv_7_8563_1,26557.0,19808,1746
1414,1414,pv_7_1555,26559.0,21240,30920
1415,1415,pv_7_959,26559.0,2298,30920
1416,1416,pv_7_4686_1,26565.0,23984,17126
1417,1417,pv_7_8780_1,26566.0,19808,19902
1418,1418,pv_7_6777,26571.0,2396,1118
1419,1419,pv_7_7013_1,26588.0,39108,34274
1420,1420,pv_7_11259,26591.0,32026,30442
1421,1421,pv_7_8860_1,26606.0,19808,24962
1422,1422,pv_7_1941,26607.0,41930,22976
1423,1423,pv_7_7131,26619.0,39108,19540
1424,1424,pv_7_1248_0,26621.0,5500,22444
1425,1425,pv_7_10701,26622.0,2396,9814
1426,1426,pv_7_24_0,26630.0,10970,30920
1427,1427,pv_7_25_1,26637.0,31948,22976
1428,1428,pv_7_1469_1,26638.0,16008,27672
1429,1429,pv_7_5367_1,26642.0,30260,23554
1430,1430,pv_7_2090_1,26644.0,2528,32636
1431,1431,pv_7_9358,26648.0,41864,38582
1432,1432,pv_7_11150_1,26652.0,34748,26100
1433,1433,pv_7_1554_0,26661.0,21190,30920
1434,1434,pv_7_8304_1,26673.0,19808,33756
1435,1435,pv_7_1869_1,26675.0,9162,39578
1436,1436,pv_7_5387_0,26676.0,9534,15452
1437,1437,pv_7_3007,26683.0,38072,8654
1438,1438,pv_7_1328,26688.0,540,30920
1439,1439,pv_7_4775_0,26693.0,27938,3396
1440,1440,pv_7_3815,26700.0,23916,26100
1441,1441,pv_7_2810,26707.0,6642,18036
1442,1442,pv_7_787_0,26712.0,28408,23554
1443,1443,pv_7_1226_1,26713.0,10066,22976
1444,1444,pv_7_11765_0,26714.0,18702,12426
1445,1445,pv_7_11385,26719.0,33090,27984
1446,1446,pv_7_10031,26723.0,19808,1208
1447,1447,pv_7_1636_1,26727.0,28380,17126
1448,1448,pv_7_10314,26727.0,2848,28094
1449,1449,pv_7_9906_1,26737.0,19808,34970
1450,1450,pv_7_4047_1,26737.0,658,27466
1451,1451,pv_7_6111_0,26752.0,2848,39218
1452,1452,pv_7_4081_0,26752.0,39102,19180
1453,1453,pv_7_9373_0,26752.0,41864,12952
1454,1454,pv_7_8046_1,26756.0,35728,39984
1455,1455,pv_7_5284_1,26796.0,26030,14254
1456,1456,pv_7_6025_0,26797.0,22976,17092
1457,1457,pv_7_9265_1,26807.0,41864,22678
1458,1458,pv_7_9319_1,26810.0,41864,34018
1459,1459,pv_7_4933_0,26817.0,35748,22444
1460,1460,pv_7_4130,26830.0,39864,27352
1461,1461,pv_7_7362_1,26835.0,12536,19464
1462,1462,pv_7_1986_1,26836.0,33536,12502
1463,1463,pv_7_10912_1,26839.0,23554,29654
1464,1464,pv_7_1219_1,26856.0,20208,41876
1465,1465,pv_7_3804_0,26873.0,2766,24364
1466,1466,pv_7_9139,26874.0,41864,28220
1467,1467,pv_7_7164_1,26877.0,628,29992
1468,1468,pv_7_1007,26890.0,41938,3380
1469,1469,pv_7_3693,26891.0,30228,30920
1470,1470,pv_7_11688,26895.0,16568,18252
1471,1471,pv_7_6039_1,26897.0,22976,27404
1472,1472,pv_7_7378_0,26900.0,32026,16132
1473,1473,pv_7_9869_1,26905.0,19808,41450
1474,1474,pv_7_2820,26913.0,32682,29016
1475,1475,pv_7_1803,26938.0,29660,41876
1476,1476,pv_7_8764,26943.0,19808,39842
1477,1477,pv_7_1347_0,26948.0,4502,30920
1478,1478,pv_7_3058_1,26955.0,26434,30920
1479,1479,pv_7_8865_0,26955.0,19808,27650
1480,1480,pv_7_6945,26957.0,39108,16386
1481,1481,pv_7_11808,26963.0,38146,6408
1482,1482,pv_7_6876_0,26971.0,39108,41514
1483,1483,pv_7_3159_0,26972.0,19586,23650
1484,1484,pv_7_3168_1,26973.0,26630,11702
1485,1485,pv_7_410_0,26986.0,21946,23554
1486,1486,pv_7_10615_0,27003.0,2396,15370
1487,1487,pv_7_6757_1,27007.0,22444,16044
1488,1488,pv_7_4237_0,27012.0,8890,13060
1489,1489,pv_7_8288_1,27015.0,19808,2040
1490,1490,pv_7_1052,27016.0,21248,33796
1491,1491,pv_7_2199,27025.0,10654,22976
1492,1492,pv_7_7983,27026.0,35728,21942
1493,1493,pv_7_1550,27032.0,37818,30920
1494,1494,pv_7_2321_0,27034.0,31194,11478
1495,1495,pv_7_8762,27048.0,19808,1214
1496,1496,pv_7_8490,27049.0,19808,6018
1497,1497,pv_7_2730,27056.0,37710,30920
1498,1498,pv_7_2165_1,27060.0,29394,1904
1499,1499,pv_7_5856_1,27082.0,22976,14544
1500,1500,pv_7_5352_1,27087.0,9494,22976
1501,1501,pv_7_3525,27111.0,2650,16978
1502,1502,pv_7_8363,27136.0,19808,27350
1503,1503,pv_7_4514_1,27137.0,8008,24960
1504,1504,pv_7_3943_0,27152.0,13186,14942
1505,1505,pv_7_1916,27172.0,1582,28072
1506,1506,pv_7_9282,27176.0,41864,4352
1507,1507,pv_7_8_1,27178.0,21054,15020
1508,1508,pv_7_11726_1,27181.0,3682,40926
1509,1509,pv_7_1025_1,27181.0,3280,41872
1510,1510,pv_7_7085,27184.0,39108,22822
1511,1511,pv_7_4087,27185.0,11416,17126
1512,1512,pv_7_10383,27201.0,2848,24772
1513,1513,pv_7_5284_0,27211.0,26030,14254
1514,1514,pv_7_46_1,27219.0,26758,40336
1515,1515,pv_7_11078,27231.0,39108,15924
1516,1516,pv_7_1539_0,27234.0,37776,20404
1517,1517,pv_7_3643_1,27253.0,7902,9616
1518,1518,pv_7_4095,27263.0,35766,3490
1519,1519,pv_7_7263,27265.0,632,13636
1520,1520,pv_7_3626,27278.0,7164,22846
1521,1521,pv_7_3722,27278.0,7910,24364
1522,1522,pv_7_8198,27287.0,35728,4306
1523,1523,pv_7_8657_1,27287.0,19808,34418
1524,1524,pv_7_4338_0,27296.0,15806,17126
1525,1525,pv_7_847_1,27300.0,41058,13028
1526,1526,pv_7_8261_1,27301.0,39108,5642
1527,1527,pv_7_4499,27317.0,8014,2770
1528,1528,pv_7_5767,27318.0,39630,24584
1529,1529,pv_7_192_0,27324.0,9232,30920
1530,1530,pv_7_7891,27337.0,32026,14252
1531,1531,pv_7_4718,27346.0,6404,30920
1532,1532,pv_7_2564,27354.0,40908,37984
1533,1533,pv_7_3629,27370.0,28494,27248
1534,1534,pv_7_6325,27376.0,2396,9798
1535,1535,pv_7_6904,27387.0,39108,1680
1536,1536,pv_7_5135_0,27389.0,5666,32780
1537,1537,pv_7_11641,27391.0,3638,23602
1538,1538,pv_7_3642_1,27400.0,37768,8602
1539,1539,pv_7_1807_1,27402.0,29374,34756
1540,1540,pv_7_9670_1,27403.0,15496,23490
1541,1541,pv_7_3077_0,27403.0,40860,41876
1542,1542,pv_7_3670_0,27405.0,28484,14254
1543,1543,pv_7_4594,27408.0,38404,138
1544,1544,pv_7_3196_0,27414.0,1850,17574
1545,1545,pv_7_4741_1,27415.0,15184,30920
1546,1546,pv_7_7292,27417.0,632,644
1547,1547,pv_7_11417,27423.0,33780,15764
1548,1548,pv_7_8071,27427.0,35728,30104
1549,1549,pv_7_11724_0,27430.0,22864,14822
1550,1550,pv_7_151_1,27438.0,29950,17126
1551,1551,pv_7_9312_0,27448.0,41864,16992
1552,1552,pv_7_5387,27451.0,9534,15452
1553,1553,pv_7_11614_1,27458.0,638,26840
1554,1554,pv_7_6671_0,27462.0,22444,24038
1555,1555,pv_7_11593,27463.0,3196,31326
1556,1556,pv_7_3318_0,27464.0,21590,17126
1557,1557,pv_7_1282_0,27477.0,20934,14254
1558,1558,pv_7_11564_0,27481.0,20120,20012
1559,1559,pv_7_5754_1,27486.0,14746,30920
1560,1560,pv_7_4081_1,27488.0,39102,19180
1561,1561,pv_7_9708,27488.0,10552,19424
1562,1562,pv_7_8473_0,27489.0,19808,37126
1563,1563,pv_7_11843_0,27495.0,22118,31520
1564,1564,pv_7_5312_1,27509.0,30234,41876
1565,1565,pv_7_2487_1,27513.0,29328,7838
1566,1566,pv_7_4143_0,27514.0,33710,33732
1567,1567,pv_7_7945_0,27526.0,32026,31802
1568,1568,pv_7_1270_0,27529.0,10002,728
1569,1569,pv_7_7980_0,27529.0,35728,15658
1570,1570,pv_7_699,27530.0,7736,28640
1571,1571,pv_7_2403_1,27530.0,24280,14254
1572,1572,pv_7_2318_0,27530.0,40938,23410
1573,1573,pv_7_3296,27531.0,16236,30920
1574,1574,pv_7_2347_1,27534.0,39188,15458
1575,1575,pv_7_9551_0,27536.0,41864,28128
1576,1576,pv_7_9903,27537.0,19808,26264
1577,1577,pv_7_5663_1,27579.0,29164,7996
1578,1578,pv_7_6883_1,27587.0,39108,37934
1579,1579,pv_7_1467_1,27587.0,16014,27284
1580,1580,pv_7_3342_0,27596.0,30574,40382
1581,1581,pv_7_7812_0,27598.0,32026,24714
1582,1582,pv_7_11701,27615.0,6308,368
1583,1583,pv_7_3079,27621.0,26590,41876
1584,1584,pv_7_5034_1,27640.0,7476,3396
1585,1585,pv_7_4011_0,27643.0,20352,30920
1586,1586,pv_7_2594_0,27643.0,22558,13456
1587,1587,pv_7_2899,27651.0,17220,33794
1588,1588,pv_7_1402_1,27654.0,1956,5634
1589,1589,pv_7_5023_0,27655.0,23862,22976
1590,1590,pv_7_3478_0,27658.0,2244,30920
1591,1591,pv_7_2087,27660.0,8476,37516
1592,1592,pv_7_21,27661.0,576,30920
1593,1593,pv_7_1483_0,27665.0,2880,8014
1594,1594,pv_7_10222,27670.0,22976,38820
1595,1595,pv_7_3282_0,27673.0,38348,30920
1596,1596,pv_7_3670_1,27680.0,28484,14254
1597,1597,pv_7_2184_0,27701.0,31606,19820
1598,1598,pv_7_6128,27706.0,2848,24638
1599,1599,pv_7_6779,27709.0,22444,1124
1600,1600,pv_7_4023_1,27716.0,37054,15926
1601,1601,pv_7_7393_1,27719.0,32026,6154
1602,1602,pv_7_657_0,27723.0,33262,20962
1603,1603,pv_7_11842_1,27736.0,22118,5532
1604,1604,pv_7_3189_1,27758.0,15304,11502
1605,1605,pv_7_8003_1,27758.0,35728,14990
1606,1606,pv_7_6182,27762.0,2848,41748
1607,1607,pv_7_3483_0,27772.0,32860,30920
1608,1608,pv_7_8564_0,27775.0,19808,32822
1609,1609,pv_7_7188_0,27780.0,41826,34820
1610,1610,pv_7_838,27781.0,28284,370
1611,1611,pv_7_4013,27786.0,664,2848
1612,1612,pv_7_11161_0,27793.0,32026,15268
1613,1613,pv_7_7257_1,27794.0,11856,3980
1614,1614,pv_7_8163,27797.0,35728,5598
1615,1615,pv_7_3946_0,27797.0,20356,13716
1616,1616,pv_7_5180_1,27803.0,14022,6764
1617,1617,pv_7_476_0,27825.0,22574,30920
1618,1618,pv_7_9279_0,27825.0,41864,12568
1619,1619,pv_7_9_1,27826.0,41232,36782
1620,1620,pv_7_306,27828.0,9464,39710
1621,1621,pv_7_6872,27830.0,39108,11902
1622,1622,pv_7_11443,27833.0,40946,26866
1623,1623,pv_7_8492_1,27845.0,19808,17572
1624,1624,pv_7_2360_0,27850.0,29480,20130
1625,1625,pv_7_4975_0,27851.0,6202,30920
1626,1626,pv_7_11341,27852.0,32026,38130
1627,1627,pv_7_5721_1,27860.0,41862,17126
1628,1628,pv_7_560_1,27863.0,3704,14254
1629,1629,pv_7_2428_0,27867.0,9416,30920
1630,1630,pv_7_11468_0,27877.0,16546,28446
1631,1631,pv_7_3137,27883.0,5780,4310
1632,1632,pv_7_1549,27899.0,37126,14254
1633,1633,pv_7_4622_1,27902.0,16534,26938
1634,1634,pv_7_6574_0,27906.0,22444,27160
1635,1635,pv_7_5753_1,27913.0,41870,30920
1636,1636,pv_7_1976_0,27925.0,10250,17126
1637,1637,pv_7_9101,27934.0,41864,41360
1638,1638,pv_7_11146,27963.0,37194,37144
1639,1639,pv_7_1887,27966.0,21916,26156
1640,1640,pv_7_430_0,27970.0,33590,25108
1641,1641,pv_7_66,27986.0,19274,14254
1642,1642,pv_7_11099_0,27986.0,17926,2718
1643,1643,pv_7_8665_1,27987.0,19808,16738
1644,1644,pv_7_4053_1,27995.0,208,9140
1645,1645,pv_7_11460,28009.0,34196,11090
1646,1646,pv_7_5421,28009.0,26018,36542
1647,1647,pv_7_1252,28014.0,20918,17126
1648,1648,pv_7_4802,28023.0,15468,14860
1649,1649,pv_7_4744_1,28035.0,27912,30920
1650,1650,pv_7_11723,28040.0,22698,15798
1651,1651,pv_7_3053,28045.0,5778,14254
1652,1652,pv_7_4415_0,28055.0,35152,9500
1653,1653,pv_7_3390_0,28057.0,27544,16532
1654,1654,pv_7_3337_0,28063.0,21724,27510
1655,1655,pv_7_3578,28064.0,29174,3396
1656,1656,pv_7_5366_0,28064.0,30260,3396
1657,1657,pv_7_11417_1,28065.0,33780,15764
1658,1658,pv_7_4124_0,28083.0,29532,41878
1659,1659,pv_7_11257_0,28089.0,32026,41052
1660,1660,pv_7_3747_1,28095.0,28486,38246
1661,1661,pv_7_6173,28096.0,22976,20904
1662,1662,pv_7_4652_0,28109.0,6306,27410
1663,1663,pv_7_485,28110.0,7284,26100
1664,1664,pv_7_11449,28111.0,728,1334
1665,1665,pv_7_8212_1,28134.0,35728,15460
1666,1666,pv_7_569_0,28136.0,33682,30920
1667,1667,pv_7_11644_1,28139.0,23540,4578
1668,1668,pv_7_9786,28164.0,36430,24638
1669,1669,pv_7_8331,28172.0,19808,15284
1670,1670,pv_7_9956,28179.0,19808,3892
1671,1671,pv_7_7559_0,28182.0,32026,9090
1672,1672,pv_7_930_1,28184.0,18854,39840
1673,1673,pv_7_3933_1,28201.0,20326,29646
1674,1674,pv_7_975_0,28214.0,6842,28694
1675,1675,pv_7_1216,28216.0,27128,16322
1676,1676,pv_7_11703,28219.0,26820,11512
1677,1677,pv_7_2724_1,28220.0,6170,14254
1678,1678,pv_7_2596_1,28222.0,26874,17924
1679,1679,pv_7_3283_1,28222.0,37256,30920
1680,1680,pv_7_5143_0,28237.0,14342,31976
1681,1681,pv_7_7077_0,28248.0,39108,31344
1682,1682,pv_7_5140_1,28253.0,4590,22122
1683,1683,pv_7_8214_0,28255.0,35728,15460
1684,1684,pv_7_2675,28260.0,7092,16198
1685,1685,pv_7_2354,28275.0,3968,6514
1686,1686,pv_7_4224,28283.0,18060,2888
1687,1687,pv_7_433_1,28291.0,28870,6694
1688,1688,pv_7_9063_0,28292.0,19808,10864
1689,1689,pv_7_9785_0,28292.0,23528,7110
1690,1690,pv_7_4313,28297.0,20062,36902
1691,1691,pv_7_10958,28298.0,23554,19180
1692,1692,pv_7_3416_0,28304.0,34740,41876
1693,1693,pv_7_3906_0,28305.0,12564,15460
1694,1694,pv_7_5108_0,28308.0,32050,30920
1695,1695,pv_7_303,28309.0,13948,16786
1696,1696,pv_7_427_1,28321.0,15646,25532
1697,1697,pv_7_3782_0,28322.0,23910,17126
1698,1698,pv_7_7390,28324.0,32026,28470
1699,1699,pv_7_5492_0,28334.0,4630,34358
1700,1700,pv_7_9851,28335.0,19808,2286
1701,1701,pv_7_1565_1,28352.0,19202,30920
1702,1702,pv_7_7997,28370.0,35728,6594
1703,1703,pv_7_9314,28379.0,41864,26664
1704,1704,pv_7_3859,28386.0,11106,2396
1705,1705,pv_7_3423,28393.0,17802,34758
1706,1706,pv_7_7147_1,28394.0,25934,21486
1707,1707,pv_7_3262_0,28433.0,14398,17126
1708,1708,pv_7_8420_1,28435.0,19808,8152
1709,1709,pv_7_9731,28439.0,34752,12992
1710,1710,pv_7_8480_1,28443.0,19808,15832
1711,1711,pv_7_4163,28455.0,8886,32054
1712,1712,pv_7_7400_0,28456.0,32026,2662
1713,1713,pv_7_11402_1,28458.0,36202,4832
1714,1714,pv_7_5429,28475.0,7576,22128
1715,1715,pv_7_10293,28476.0,22976,13530
1716,1716,pv_7_6460_0,28476.0,2396,41324
1717,1717,pv_7_3156_1,28477.0,26410,19858
1718,1718,pv_7_380_1,28480.0,31994,41876
1719,1719,pv_7_1488_0,28483.0,37576,28038
1720,1720,pv_7_6909_0,28490.0,39108,26562
1721,1721,pv_7_7538,28502.0,32026,38966
1722,1722,pv_7_4388,28508.0,16832,22444
1723,1723,pv_7_7156_0,28512.0,15498,12484
1724,1724,pv_7_11743_1,28513.0,32552,1086
1725,1725,pv_7_8940_1,28526.0,19808,41748
1726,1726,pv_7_7382,28537.0,32026,37532
1727,1727,pv_7_1843_0,28543.0,28238,3396
1728,1728,pv_7_1729_1,28548.0,29600,23920
1729,1729,pv_7_11582,28561.0,23916,39228
1730,1730,pv_7_5813,28567.0,2848,24678
1731,1731,pv_7_11152,28570.0,32026,33614
1732,1732,pv_7_11429_1,28591.0,24026,28940
1733,1733,pv_7_11689,28608.0,3512,39586
1734,1734,pv_7_7606_1,28614.0,32026,16964
1735,1735,pv_7_10765_0,28614.0,2396,4230
1736,1736,pv_7_1101,28620.0,24868,15976
1737,1737,pv_7_11472_1,28624.0,38410,25702
1738,1738,pv_7_11820_0,28628.0,16868,26866
1739,1739,pv_7_9388_0,28641.0,41864,23534
1740,1740,pv_7_64_0,28649.0,6252,20412
1741,1741,pv_7_1336_1,28660.0,38300,30920
1742,1742,pv_7_11157_1,28663.0,32026,16134
1743,1743,pv_7_4135_0,28673.0,29524,29682
1744,1744,pv_7_2603,28674.0,17002,30920
1745,1745,pv_7_155_1,28678.0,36210,17126
1746,1746,pv_7_1638_1,28713.0,17852,17126
1747,1747,pv_7_3743,28716.0,7908,39354
1748,1748,pv_7_4960,28726.0,7086,14254
1749,1749,pv_7_11689_1,28728.0,3512,39586
1750,1750,pv_7_4230,28728.0,39432,24360
1751,1751,pv_7_9289,28736.0,41864,11080
1752,1752,pv_7_389_1,28743.0,37386,30920
1753,1753,pv_7_2727_0,28761.0,7096,14254
1754,1754,pv_7_3164,28763.0,10594,26138
1755,1755,pv_7_333_1,28768.0,21992,24950
1756,1756,pv_7_7342_0,28771.0,20310,23018
1757,1757,pv_7_5196,28790.0,9534,15014
1758,1758,pv_7_5782_0,28791.0,2848,40452
1759,1759,pv_7_4146,28791.0,8902,34424
1760,1760,pv_7_8002_0,28794.0,35728,19048
1761,1761,pv_8_11021_1,28806.0,39108,1156
1762,1762,pv_8_3795_1,28815.0,3682,37746
1763,1763,pv_8_2710,28828.0,16502,17126
1764,1764,pv_8_7255,28830.0,630,38754
1765,1765,pv_8_4680,28840.0,15198,2396
1766,1766,pv_8_7234,28845.0,39284,32590
1767,1767,pv_8_2564_1,28847.0,40908,37984
1768,1768,pv_8_3976_1,28847.0,20324,17126
1769,1769,pv_8_1912_1,28849.0,9108,11882
1770,1770,pv_8_2563,28854.0,41086,37984
1771,1771,pv_8_5209,28857.0,1654,31302
1772,1772,pv_8_502_1,28865.0,23576,3550
1773,1773,pv_8_9345_0,28881.0,41864,38414
1774,1774,pv_8_9396,28900.0,41864,38678
1775,1775,pv_8_7810_1,28902.0,32026,21220
1776,1776,pv_8_4150_1,28923.0,10682,14804
1777,1777,pv_8_11013_1,28923.0,39108,21290
1778,1778,pv_8_4804_1,28925.0,7414,32066
1779,1779,pv_8_2557,28929.0,40908,17126
1780,1780,pv_8_1502_0,28944.0,25008,5272
1781,1781,pv_8_670_0,28947.0,41060,40938
1782,1782,pv_8_3228,28957.0,1884,7560
1783,1783,pv_8_11403_0,28960.0,36212,19548
1784,1784,pv_8_1564_0,28966.0,41332,20152
1785,1785,pv_8_11855_1,28969.0,22736,13346
1786,1786,pv_8_8_1,28969.0,21054,15020
1787,1787,pv_8_3739_0,28981.0,40656,10956
1788,1788,pv_8_4237,28981.0,8890,13060
1789,1789,pv_8_2428_0,28989.0,9416,30920
1790,1790,pv_8_1656_0,29001.0,28264,18202
1791,1791,pv_8_10412,29013.0,2848,1110
1792,1792,pv_8_3427_0,29017.0,39712,506
1793,1793,pv_8_1539_1,29017.0,37776,20404
1794,1794,pv_8_8375_0,29034.0,19808,14542
1795,1795,pv_8_9842_0,29046.0,19808,15290
1796,1796,pv_8_6860_1,29047.0,22444,34096
1797,1797,pv_8_9581_1,29049.0,41864,4450
1798,1798,pv_8_7273_0,29055.0,33818,38786
1799,1799,pv_8_2497_0,29061.0,14388,29622
1800,1800,pv_8_9356,29074.0,41864,13092
1801,1801,pv_8_3262,29084.0,14398,17126
1802,1802,pv_8_2957,29094.0,26394,17950
1803,1803,pv_8_9485_1,29108.0,41864,25698
1804,1804,pv_8_4246_1,29119.0,21146,18360
1805,1805,pv_8_927_1,29134.0,4638,37124
1806,1806,pv_8_1516_1,29134.0,8394,22444
1807,1807,pv_8_1222,29134.0,17646,22976
1808,1808,pv_8_9559_1,29135.0,41864,24780
1809,1809,pv_8_2929_1,29140.0,26628,1288
1810,1810,pv_8_10963_1,29144.0,23554,15842
1811,1811,pv_8_11749,29148.0,38398,20032
1812,1812,pv_8_3712,29172.0,40660,23554
1813,1813,pv_8_4379_0,29174.0,6972,5508
1814,1814,pv_8_414,29178.0,19662,23554
1815,1815,pv_8_4129,29186.0,29516,27350
1816,1816,pv_8_9030_1,29188.0,19808,41814
1817,1817,pv_8_11284_1,29200.0,32026,4530
1818,1818,pv_8_8278_0,29216.0,19808,9802
1819,1819,pv_8_9653,29228.0,41864,21248
1820,1820,pv_8_1025_1,29234.0,3280,41872
1821,1821,pv_8_7156_1,29249.0,15498,12484
1822,1822,pv_8_1807_0,29254.0,29374,34756
1823,1823,pv_8_1565_0,29260.0,19202,30920
1824,1824,pv_8_8553,29262.0,19808,34000
1825,1825,pv_8_2593,29264.0,17004,506
1826,1826,pv_8_2408,29289.0,2596,30920
1827,1827,pv_8_4988,29292.0,6034,41876
1828,1828,pv_8_4226,29293.0,29534,1134
1829,1829,pv_8_8912,29294.0,19808,27104
1830,1830,pv_8_8856_1,29297.0,19808,14200
1831,1831,pv_8_4593_0,29299.0,27876,37534
1832,1832,pv_8_7183_1,29313.0,33820,1508
1833,1833,pv_8_490_0,29321.0,8136,18358
1834,1834,pv_8_7126_1,29321.0,39108,15460
1835,1835,pv_8_3640_1,29335.0,19002,6308
1836,1836,pv_8_9595_1,29337.0,41864,24608
1837,1837,pv_8_11722,29341.0,3678,1238
1838,1838,pv_8_9562_1,29341.0,41864,13994
1839,1839,pv_8_1032,29344.0,27352,2848
1840,1840,pv_8_3590,29350.0,26238,24608
1841,1841,pv_8_4376,29354.0,6892,9272
1842,1842,pv_8_2785,29362.0,33732,26100
1843,1843,pv_8_8775_1,29373.0,19808,28560
1844,1844,pv_8_2560_0,29373.0,17486,32452
1845,1845,pv_8_616,29375.0,12424,21566
1846,1846,pv_8_6175_0,29377.0,22976,24750
1847,1847,pv_8_1348,29378.0,38300,30920
1848,1848,pv_8_7343_1,29379.0,25934,2888
1849,1849,pv_8_2996_1,29428.0,26630,25662
1850,1850,pv_8_1095_1,29436.0,17956,22444
1851,1851,pv_8_8721,29439.0,19808,1630
1852,1852,pv_8_67_0,29440.0,22086,14254
1853,1853,pv_8_4738_0,29445.0,3672,30920
1854,1854,pv_8_6353_1,29454.0,2396,29938
1855,1855,pv_8_7233,29468.0,41826,32926
1856,1856,pv_8_11142_0,29471.0,18358,41910
1857,1857,pv_8_3431_0,29476.0,39528,40802
1858,1858,pv_8_4540,29478.0,8022,30920
1859,1859,pv_8_9234_1,29478.0,41864,24172
1860,1860,pv_8_5265_0,29481.0,14280,17126
1861,1861,pv_8_1729_1,29494.0,29600,23920
1862,1862,pv_8_941,29504.0,2306,17126
1863,1863,pv_8_5342,29524.0,25672,30920
1864,1864,pv_8_7235_1,29531.0,20316,5976
1865,1865,pv_8_5140_1,29533.0,4590,22122
1866,1866,pv_8_8261,29540.0,39108,5642
1867,1867,pv_8_7278,29543.0,33024,16554
1868,1868,pv_8_4557,29545.0,15880,30920
1869,1869,pv_8_2074,29546.0,40926,37746
1870,1870,pv_8_2311_0,29551.0,10262,18358
1871,1871,pv_8_4679_1,29554.0,7404,22444
1872,1872,pv_8_9842_1,29560.0,19808,15290
1873,1873,pv_8_6938,29561.0,39108,41434
1874,1874,pv_8_4059_0,29564.0,20328,36542
1875,1875,pv_8_6289_1,29571.0,22976,926
1876,1876,pv_8_3508_1,29573.0,22726,28470
1877,1877,pv_8_11507,29579.0,38552,5874
1878,1878,pv_8_8276,29579.0,19808,21070
1879,1879,pv_8_11359_1,29579.0,19808,11134
1880,1880,pv_8_1852_0,29591.0,9238,14850
1881,1881,pv_8_6992_0,29596.0,39108,36492
1882,1882,pv_8_5167_0,29604.0,28182,16340
1883,1883,pv_8_3360_1,29610.0,10952,18814
1884,1884,pv_8_3163_1,29620.0,3612,25230
1885,1885,pv_8_11699_0,29621.0,6310,23774
1886,1886,pv_8_4295_0,29622.0,29186,34754
1887,1887,pv_8_3838_0,29633.0,10228,15382
1888,1888,pv_8_166,29652.0,30516,30920
1889,1889,pv_8_9163_0,29654.0,41864,13458
1890,1890,pv_8_912_1,29654.0,11676,12432
1891,1891,pv_8_11842_0,29654.0,22118,5532
1892,1892,pv_8_8267_0,29661.0,39108,31566
1893,1893,pv_8_9850_1,29681.0,19808,2286
1894,1894,pv_8_5754_0,29691.0,14746,30920
1895,1895,pv_8_3637_1,29696.0,7904,28610
1896,1896,pv_8_7545_0,29705.0,32026,21416
1897,1897,pv_8_5118_1,29712.0,32052,17126
1898,1898,pv_8_4014_0,29713.0,656,22976
1899,1899,pv_8_453,29719.0,1702,7050
1900,1900,pv_8_4477,29723.0,8000,16134
1901,1901,pv_8_4247_1,29726.0,33446,36894
1902,1902,pv_8_2624_1,29728.0,38962,4270
1903,1903,pv_8_299_0,29728.0,28872,4354
1904,1904,pv_8_8106_1,29740.0,35728,36326
1905,1905,pv_8_3636_0,29754.0,19016,21536
1906,1906,pv_8_7538_0,29761.0,32026,38966
1907,1907,pv_8_9771,29765.0,34754,9576
1908,1908,pv_8_187,29768.0,30514,30920
1909,1909,pv_8_4680_0,29773.0,15198,2396
1910,1910,pv_8_3615_1,29773.0,7912,38172
1911,1911,pv_8_11171,29775.0,32026,7736
1912,1912,pv_8_1886,29780.0,29804,5004
1913,1913,pv_8_4397_1,29799.0,35152,2128
1914,1914,pv_8_3604_0,29801.0,22732,7888
1915,1915,pv_8_2018_1,29802.0,2532,41876
1916,1916,pv_8_3744,29822.0,28484,7826
1917,1917,pv_8_11152_1,29832.0,32026,33614
1918,1918,pv_8_7240_1,29837.0,17264,8080
1919,1919,pv_8_525_1,29838.0,3708,484
1920,1920,pv_8_3823,29839.0,3684,15180
1921,1921,pv_8_2855,29848.0,26324,14254
1922,1922,pv_8_7396,29850.0,32026,15680
1923,1923,pv_8_5226_0,29861.0,26032,16962
1924,1924,pv_8_8300,29872.0,19808,41492
1925,1925,pv_8_1550,29874.0,37818,30920
1926,1926,pv_8_3336,29875.0,1844,1290
1927,1927,pv_8_1795,29898.0,6390,41876
1928,1928,pv_8_7092_1,29902.0,39108,30276
1929,1929,pv_8_2751_0,29904.0,16104,30920
1930,1930,pv_8_1610_0,29912.0,39668,12904
1931,1931,pv_8_9999_1,29921.0,19808,30524
1932,1932,pv_8_5472,29923.0,18772,29690
1933,1933,pv_8_11329_1,29924.0,32026,7490
1934,1934,pv_8_5006_0,29926.0,7474,30920
1935,1935,pv_8_8561,29951.0,19808,4812
1936,1936,pv_8_5644_0,29952.0,22524,4520
1937,1937,pv_8_7622_0,29958.0,32026,38620
1938,1938,pv_8_10294_0,29966.0,22976,15106
1939,1939,pv_8_3711_0,29981.0,28494,22444
1940,1940,pv_8_11766_0,29987.0,29608,28794
1941,1941,pv_8_1587,29996.0,4642,30920
1942,1942,pv_8_6326_0,30002.0,22444,30544
1943,1943,pv_8_7307_0,30006.0,41826,6626
1944,1944,pv_8_5108_0,30007.0,32050,30920
1945,1945,pv_8_11341_0,30010.0,32026,38130
1946,1946,pv_8_5510,30013.0,8536,25674
1947,1947,pv_8_10626,30015.0,2396,17960
1948,1948,pv_8_2435,30016.0,11054,2848
1949,1949,pv_8_1572_1,30025.0,37840,30920
1950,1950,pv_8_11288,30030.0,32026,41502
1951,1951,pv_8_2459,30032.0,4378,15460
1952,1952,pv_8_4042,30034.0,20320,26100
1953,1953,pv_8_5199_0,30038.0,5256,34652
1954,1954,pv_8_2110,30041.0,22620,1826
1955,1955,pv_8_2725,30042.0,26940,14254
1956,1956,pv_8_9344,30044.0,41864,34140
1957,1957,pv_8_4929,30052.0,28112,2396
1958,1958,pv_8_5312,30062.0,30234,41876
1959,1959,pv_8_2898,30066.0,13048,33788
1960,1960,pv_8_11790,30068.0,17300,33682
1961,1961,pv_8_11291,30074.0,32026,2052
1962,1962,pv_8_9082_1,30082.0,41864,12374
1963,1963,pv_8_5663,30098.0,29164,7996
1964,1964,pv_8_3895,30102.0,26466,22976
1965,1965,pv_8_2467,30105.0,40836,14610
1966,1966,pv_8_5127_1,30108.0,22884,31948
1967,1967,pv_8_10998_0,30113.0,39108,22106
1968,1968,pv_8_4428_0,30115.0,35002,17126
1969,1969,pv_8_10562_1,30121.0,2396,27340
1970,1970,pv_8_4156,30125.0,8918,36026
1971,1971,pv_8_10956_1,30138.0,23554,30384
1972,1972,pv_8_2217,30146.0,11066,17126
1973,1973,pv_8_2787_0,30155.0,6452,14902
1974,1974,pv_8_1261_0,30175.0,25610,17126
1975,1975,pv_8_10016_0,30176.0,19808,39486
1976,1976,pv_8_476_1,30176.0,22574,30920
1977,1977,pv_8_7654,30193.0,32026,13248
1978,1978,pv_8_815_1,30209.0,7684,31704
1979,1979,pv_8_6683_0,30213.0,2396,39840
1980,1980,pv_8_9786,30219.0,36430,24638
1981,1981,pv_8_4149_0,30227.0,8860,34704
1982,1982,pv_8_4188_1,30228.0,10674,14254
1983,1983,pv_8_699,30230.0,7736,28640
1984,1984,pv_8_8180_0,30237.0,35728,32920
1985,1985,pv_8_7659,30238.0,32026,41824
1986,1986,pv_8_10946_1,30253.0,3396,28114
1987,1987,pv_8_2615_0,30254.0,40892,22976
1988,1988,pv_8_3969_1,30255.0,37204,2848
1989,1989,pv_8_8354_0,30263.0,19808,28294
1990,1990,pv_8_5382_1,30264.0,30378,37746
1991,1991,pv_8_527,30265.0,14064,40606
1992,1992,pv_8_3735_0,30266.0,7904,27842
1993,1993,pv_8_5403_1,30271.0,25700,31372
1994,1994,pv_8_3405_0,30272.0,18188,12520
1995,1995,pv_8_10779,30277.0,2396,14656
1996,1996,pv_8_433_1,30279.0,28870,6694
1997,1997,pv_8_11680,30281.0,29970,9798
1998,1998,pv_8_5035_0,30291.0,7486,3396
1999,1999,pv_8_1553_1,30298.0,20226,30920
2000,2000,pv_8_3841,30302.0,31100,28494
2001,2001,pv_8_5167,30304.0,28182,16340
2002,2002,pv_8_4890,30305.0,36148,23614
2003,2003,pv_8_9579,30310.0,41864,20942
2004,2004,pv_8_7173,30314.0,632,15662
2005,2005,pv_8_3207_1,30323.0,26978,34698
2006,2006,pv_8_799_0,30325.0,41026,41916
2007,2007,pv_8_7430,30350.0,32026,21834
2008,2008,pv_8_9301,30354.0,41864,40832
2009,2009,pv_8_1469,30365.0,16008,27672
2010,2010,pv_8_7168_1,30372.0,33818,36900
2011,2011,pv_8_1772,30382.0,18520,17126
2012,2012,pv_8_3640_0,30383.0,19002,6308
2013,2013,pv_8_2239_0,30387.0,31140,14254
2014,2014,pv_8_4205,30393.0,16648,13456
2015,2015,pv_8_10876_1,30395.0,23554,23762
2016,2016,pv_8_7099,30397.0,39108,22528
2017,2017,pv_8_4721_1,30407.0,37156,41876
2018,2018,pv_8_4873_0,30421.0,13872,5922
2019,2019,pv_8_4223_0,30422.0,41194,2888
2020,2020,pv_8_350,30435.0,33596,17126
2021,2021,pv_8_2789_1,30439.0,27044,20412
2022,2022,pv_8_7475_0,30443.0,32026,18036
2023,2023,pv_8_192_0,30448.0,9232,30920
2024,2024,pv_8_5138_0,30452.0,30322,92
2025,2025,pv_8_5405_0,30459.0,9592,34198
2026,2026,pv_8_10770,30459.0,22444,19162
2027,2027,pv_8_8328,30461.0,19808,92
2028,2028,pv_8_7172,30477.0,628,28872
2029,2029,pv_8_11020,30481.0,39108,16430
2030,2030,pv_8_597,30484.0,8172,22976
2031,2031,pv_8_9288_1,30496.0,41864,18988
2032,2032,pv_8_1457_1,30496.0,29000,35892
2033,2033,pv_8_1599_0,30499.0,39966,15636
2034,2034,pv_8_1246_0,30502.0,20708,22444
2035,2035,pv_8_8332_0,30504.0,19808,1288
2036,2036,pv_8_4392,30515.0,13796,21074
2037,2037,pv_8_2642_0,30516.0,16986,5694
2038,2038,pv_8_4852_0,30521.0,14266,6414
2039,2039,pv_8_3678,30523.0,28484,30920
2040,2040,pv_8_3296_0,30525.0,16236,30920
2041,2041,pv_8_11007_1,30529.0,39108,78
2042,2042,pv_8_1676,30532.0,6014,17126
2043,2043,pv_8_11097_1,30533.0,34750,1406
2044,2044,pv_8_4126_0,30551.0,17642,9006
2045,2045,pv_8_3630_0,30552.0,31220,38936
2046,2046,pv_8_7890_0,30556.0,32026,39316
2047,2047,pv_8_459_0,30570.0,1682,2848
2048,2048,pv_8_4037_0,30577.0,37196,15460
2049,2049,pv_8_2718_0,30583.0,36140,3490
2050,2050,pv_8_9850,30589.0,19808,2286
2051,2051,pv_8_2122,30598.0,5978,33796
2052,2052,pv_8_4020,30602.0,19824,11348
2053,2053,pv_8_10012_0,30606.0,19808,40486
2054,2054,pv_8_1549,30610.0,37126,14254
2055,2055,pv_8_4008_0,30627.0,638,30920
2056,2056,pv_8_1876_1,30628.0,32848,21336
2057,2057,pv_8_4808,30637.0,36828,2984
2058,2058,pv_8_5644_1,30639.0,22524,4520
2059,2059,pv_8_4934_0,30659.0,28038,22444
2060,2060,pv_8_5408_1,30663.0,5270,3246
2061,2061,pv_8_9105_0,30664.0,41864,41470
2062,2062,pv_8_10883,30667.0,3396,27846
2063,2063,pv_8_6398,30675.0,22444,8286
2064,2064,pv_8_2558_1,30682.0,18682,17126
2065,2065,pv_8_3396,30686.0,34116,39604
2066,2066,pv_8_372_1,30687.0,2066,41876
2067,2067,pv_8_298_1,30691.0,22034,35364
2068,2068,pv_8_8327_1,30705.0,19808,22128
2069,2069,pv_8_744,30708.0,7742,30920
2070,2070,pv_8_11688_0,30711.0,16568,18252
2071,2071,pv_8_10924_1,30713.0,23554,30580
2072,2072,pv_8_7002_1,30725.0,39108,7068
2073,2073,pv_8_10083_0,30726.0,2848,10966
2074,2074,pv_8_5305_0,30726.0,30220,30920
2075,2075,pv_8_7110_1,30727.0,39108,20952
2076,2076,pv_8_1316_1,30729.0,20966,41876
2077,2077,pv_8_11776_0,30731.0,36542,18666
2078,2078,pv_8_412,30732.0,12102,17126
2079,2079,pv_8_8013_0,30738.0,35728,28754
2080,2080,pv_8_8099_1,30749.0,35728,16738
2081,2081,pv_8_701_0,30749.0,28318,26176
2082,2082,pv_8_7141_0,30761.0,632,22036
2083,2083,pv_8_6934,30767.0,39108,16042
2084,2084,pv_8_4986_1,30779.0,7554,41876
2085,2085,pv_8_1468_1,30784.0,41434,30480
2086,2086,pv_8_2782_0,30794.0,7098,19536
2087,2087,pv_8_3137_0,30795.0,5780,4310
2088,2088,pv_8_8336,30796.0,19808,21292
2089,2089,pv_8_3701_0,30796.0,41904,30920
2090,2090,pv_8_2984_1,30797.0,6126,6044
2091,2091,pv_8_2648,30808.0,36976,21952
2092,2092,pv_8_1752_1,30826.0,16874,15760
2093,2093,pv_8_10301_1,30831.0,22976,36664
2094,2094,pv_8_4779_0,30832.0,27992,11390
2095,2095,pv_8_4028,30851.0,642,1150
2096,2096,pv_8_1220,30854.0,37246,22976
2097,2097,pv_8_11524_0,30855.0,32636,17002
2098,2098,pv_8_2087_0,30858.0,8476,37516
2099,2099,pv_8_6883_1,30861.0,39108,37934
2100,2100,pv_8_1934_0,30876.0,9086,3660
2101,2101,pv_8_10519,30890.0,2396,36218
2102,2102,pv_8_2151,30898.0,24914,32590
2103,2103,pv_8_3525,30898.0,2650,16978
2104,2104,pv_8_16_0,30902.0,1272,14254
2105,2105,pv_8_9265,30908.0,41864,22678
2106,2106,pv_8_1772_0,30915.0,18520,17126
2107,2107,pv_8_2459_1,30918.0,4378,15460
2108,2108,pv_8_10931_1,30928.0,3396,38670
2109,2109,pv_8_1030_0,30932.0,27362,2848
2110,2110,pv_8_5157,30935.0,18470,7796
2111,2111,pv_8_7134,30936.0,39108,19536
2112,2112,pv_8_1793_1,30936.0,8084,30920
2113,2113,pv_8_3078_0,30939.0,39216,41876
2114,2114,pv_8_9508_1,30945.0,41864,38130
2115,2115,pv_8_11848,30953.0,28586,18372
2116,2116,pv_8_1516_0,30956.0,8394,22444
2117,2117,pv_8_6931_0,30956.0,39108,37770
2118,2118,pv_8_5238,30956.0,26028,22976
2119,2119,pv_8_2805,30976.0,28944,17180
2120,2120,pv_8_8509,30986.0,19808,41092
2121,2121,pv_8_6460_0,30997.0,2396,41324
2122,2122,pv_8_10736,30998.0,2396,27516
2123,2123,pv_8_2603,30998.0,17002,30920
2124,2124,pv_8_1070_1,31004.0,31840,41876
2125,2125,pv_8_976,31012.0,21336,41884
2126,2126,pv_8_1270,31027.0,10002,728
2127,2127,pv_8_1116_1,31035.0,39512,7994
2128,2128,pv_8_992_0,31036.0,4482,26910
2129,2129,pv_8_10046,31037.0,19808,1312
2130,2130,pv_8_1689_1,31042.0,7796,22738
2131,2131,pv_8_8316_0,31049.0,19808,1320
2132,2132,pv_8_5725_1,31064.0,27664,12502
2133,2133,pv_8_3725_0,31068.0,30226,37144
2134,2134,pv_8_5209_0,31071.0,1654,31302
2135,2135,pv_8_3864,31072.0,20670,17126
2136,2136,pv_8_4984,31080.0,2002,41876
2137,2137,pv_8_1075,31092.0,38180,41876
2138,2138,pv_8_6678_1,31096.0,2396,24034
2139,2139,pv_8_3674_0,31108.0,28494,30920
2140,2140,pv_8_5729,31109.0,4850,30920
2141,2141,pv_8_8223_1,31118.0,35728,5634
2142,2142,pv_8_230,31129.0,38536,12366
2143,2143,pv_8_2048_0,31138.0,2538,22976
2144,2144,pv_8_410_0,31138.0,21946,23554
2145,2145,pv_8_5248_1,31141.0,25662,22444
2146,2146,pv_8_11509,31143.0,20408,4284
2147,2147,pv_8_1428,31147.0,8606,41862
2148,2148,pv_8_3723,31156.0,7904,24360
2149,2149,pv_8_3665_0,31156.0,37768,11392
2150,2150,pv_8_5218_0,31163.0,2790,4228
2151,2151,pv_8_10222,31166.0,22976,38820
2152,2152,pv_8_3799,31178.0,16908,22816
2153,2153,pv_8_10620_0,31184.0,22444,15836
2154,2154,pv_8_11672_0,31192.0,4902,17394
2155,2155,pv_8_6876_1,31195.0,39108,41514
2156,2156,pv_8_5494,31205.0,8662,17918
2157,2157,pv_8_7110,31219.0,39108,20952
2158,2158,pv_8_329_0,31228.0,22058,14198
2159,2159,pv_8_3628,31229.0,18472,38600
2160,2160,pv_8_1338,31235.0,516,30920
2161,2161,pv_8_3826_0,31242.0,882,40
2162,2162,pv_8_3416_0,31258.0,34740,41876
2163,2163,pv_8_1061,31268.0,31842,30920
2164,2164,pv_8_9811,31268.0,34754,37144
2165,2165,pv_8_7378_1,31273.0,32026,16132
2166,2166,pv_8_7907,31276.0,32026,41806
2167,2167,pv_8_11154,31294.0,32026,19308
2168,2168,pv_8_7320_1,31302.0,40850,9664
2169,2169,pv_8_50,31304.0,16668,36768
2170,2170,pv_8_1749,31308.0,28232,2780
2171,2171,pv_8_7367_1,31310.0,32026,2118
2172,2172,pv_8_1197,31321.0,34818,27562
2173,2173,pv_8_8908_1,31336.0,19808,6622
2174,2174,pv_8_1344_1,31359.0,6610,30920
2175,2175,pv_8_7266_1,31362.0,20310,37252
2176,2176,pv_8_10417,31371.0,2848,19488
2177,2177,pv_8_9115,31372.0,41864,39646
2178,2178,pv_8_3033,31372.0,8,17126
2179,2179,pv_8_5848,31381.0,22976,13738
2180,2180,pv_8_3664_1,31387.0,7912,20404
2181,2181,pv_8_158_0,31391.0,41884,14860
2182,2182,pv_8_721,31397.0,19152,17126
2183,2183,pv_8_637_1,31405.0,36946,14944
2184,2184,pv_8_1687_0,31413.0,21530,16326
2185,2185,pv_8_3176,31418.0,5204,19670
2186,2186,pv_8_4163,31419.0,8886,32054
2187,2187,pv_8_11786_0,31425.0,15182,34008
2188,2188,pv_8_68_1,31429.0,6242,30920
2189,2189,pv_8_3786_1,31433.0,38814,30920
2190,2190,pv_8_7055_1,31440.0,39108,26782
2191,2191,pv_8_3410_1,31449.0,16980,33796
2192,2192,pv_8_7549,31455.0,32026,32160
2193,2193,pv_8_3176_0,31457.0,5204,19670
2194,2194,pv_8_11068,31464.0,39108,26060
2195,2195,pv_8_11740_0,31474.0,24032,20202
2196,2196,pv_8_7376_1,31481.0,32026,41358
2197,2197,pv_8_8409_1,31486.0,19808,32926
2198,2198,pv_8_1906_0,31488.0,9400,5768
2199,2199,pv_8_10737_1,31500.0,2396,17300
2200,2200,pv_8_4931,31507.0,28110,2396
2201,2201,pv_8_2899,31508.0,17220,33794
2202,2202,pv_8_10964,31513.0,3396,23018
2203,2203,pv_8_9782_1,31517.0,20150,31698
2204,2204,pv_8_11405_0,31532.0,21134,34042
2205,2205,pv_8_2984_0,31537.0,6126,6044
2206,2206,pv_8_562,31550.0,36278,30920
2207,2207,pv_8_8204,31559.0,35728,4270
2208,2208,pv_8_8720_0,31566.0,19808,17080
2209,2209,pv_8_11397,31575.0,3592,29832
2210,2210,pv_8_434_0,31609.0,2662,14944
2211,2211,pv_8_7294,31615.0,25934,6934
2212,2212,pv_8_9574_1,31626.0,41864,20806
2213,2213,pv_8_1106_1,31626.0,1518,26100
2214,2214,pv_8_11363,31630.0,12512,10636
2215,2215,pv_8_8367_1,31649.0,19808,36234
2216,2216,pv_8_3179_1,31661.0,4822,39574
2217,2217,pv_8_11243_1,31663.0,32026,7436
2218,2218,pv_8_9544,31666.0,41864,36314
2219,2219,pv_8_929_0,31666.0,2306,24518
2220,2220,pv_8_1264_1,31679.0,19494,17126
2221,2221,pv_8_8490_1,31680.0,19808,6018
2222,2222,pv_8_8517_0,31683.0,19808,22508
2223,2223,pv_8_11062_0,31686.0,39108,7330
2224,2224,pv_8_8058_1,31688.0,35728,26110
2225,2225,pv_8_5629_0,31697.0,24170,20410
2226,2226,pv_8_1386_1,31704.0,39696,4276
2227,2227,pv_8_1635_1,31709.0,2820,17126
2228,2228,pv_8_906_1,31715.0,17724,2976
2229,2229,pv_8_5131_1,31717.0,30374,22544
2230,2230,pv_8_9020_1,31723.0,19808,14252
2231,2231,pv_8_4707_1,31727.0,7364,30920
2232,2232,pv_8_4752_1,31730.0,27926,30920
2233,2233,pv_8_5483_1,31740.0,17020,5680
2234,2234,pv_8_2845,31748.0,5838,17126
2235,2235,pv_8_4650_0,31754.0,26782,30624
2236,2236,pv_8_2474_1,31768.0,32070,2652
2237,2237,pv_8_425_0,31775.0,35304,23378
2238,2238,pv_8_2088_0,31781.0,2548,28676
2239,2239,pv_8_11457_0,31787.0,17794,28490
2240,2240,pv_8_7302,31790.0,20318,7556
2241,2241,pv_8_7098_0,31792.0,39108,18782
2242,2242,pv_8_10222_0,31794.0,22976,38820
2243,2243,pv_8_1939_1,31799.0,39024,35516
2244,2244,pv_8_550_1,31805.0,23966,17126
2245,2245,pv_8_2180_0,31807.0,41110,7560
2246,2246,pv_8_5082,31817.0,11432,9860
2247,2247,pv_8_4165_1,31821.0,29568,16836
2248,2248,pv_8_11451_1,31828.0,40388,15618
2249,2249,pv_8_5098,31830.0,19162,18958
2250,2250,pv_8_3548_1,31832.0,19742,17126
2251,2251,pv_8_9726_1,31834.0,31480,4768
2252,2252,pv_8_1937_0,31838.0,11136,36164
2253,2253,pv_8_4960_0,31858.0,7086,14254
2254,2254,pv_8_6977,31867.0,39108,22684
2255,2255,pv_8_3745_0,31870.0,41218,2770
2256,2256,pv_8_9158_0,31871.0,41864,8140
2257,2257,pv_8_5990_0,31886.0,2848,16638
2258,2258,pv_8_8016_0,31887.0,35728,18034
2259,2259,pv_8_8910_0,31887.0,19808,19466
2260,2260,pv_8_3928,31904.0,13186,15460
2261,2261,pv_8_7886_0,31916.0,32026,14252
2262,2262,pv_8_186_0,31925.0,38888,30920
2263,2263,pv_8_4324_0,31926.0,2702,34184
2264,2264,pv_8_3821,31929.0,23912,23396
2265,2265,pv_8_229,31932.0,36212,2064
2266,2266,pv_8_1437,31933.0,990,17298
2267,2267,pv_8_8823_0,31937.0,19808,30350
2268,2268,pv_8_3471_0,31939.0,2244,19402
2269,2269,pv_8_2092,31943.0,1566,16182
2270,2270,pv_8_7606,31946.0,32026,16964
2271,2271,pv_8_1598_1,31948.0,17852,3544
2272,2272,pv_8_3072_0,31949.0,26248,41876
2273,2273,pv_8_7948_1,31955.0,32026,39750
2274,2274,pv_8_3728,31957.0,7902,4518
2275,2275,pv_8_1343,31961.0,38280,30920
2276,2276,pv_8_5844,31968.0,22976,27116
2277,2277,pv_8_3626_1,31970.0,7164,22846
2278,2278,pv_8_10036_0,31973.0,19808,2454
2279,2279,pv_8_1535_1,31981.0,24194,17126
2280,2280,pv_8_1329_0,32005.0,30842,30920
2281,2281,pv_8_4686_0,32008.0,23984,17126
2282,2282,pv_8_2513_1,32009.0,17000,17324
2283,2283,pv_8_4826_0,32009.0,35202,19660
2284,2284,pv_8_11143_0,32011.0,34752,24364
2285,2285,pv_8_8330,32028.0,19808,36892
2286,2286,pv_8_4705_1,32029.0,27912,30920
2287,2287,pv_8_9468,32036.0,41864,21884
2288,2288,pv_8_9690,32044.0,34748,37746
2289,2289,pv_8_11389,32047.0,210,26322
2290,2290,pv_8_8073_1,32060.0,35728,11076
2291,2291,pv_8_4494_0,32065.0,8040,13728
2292,2292,pv_8_2474_0,32080.0,32070,2652
2293,2293,pv_8_1403_1,32081.0,29976,26100
2294,2294,pv_8_3622_0,32083.0,28484,15456
2295,2295,pv_8_7097_1,32088.0,39108,14102
2296,2296,pv_8_4046_0,32090.0,20328,20608
2297,2297,pv_8_8386_0,32102.0,19808,11220
2298,2298,pv_8_1593_1,32104.0,37776,14544
2299,2299,pv_8_5226_1,32111.0,26032,16962
2300,2300,pv_8_666_0,32122.0,41014,33532
2301,2301,pv_8_8267,32122.0,39108,31566
2302,2302,pv_8_3766,32124.0,21886,23924
2303,2303,pv_8_5379_1,32130.0,2786,37580
2304,2304,pv_8_8907_1,32134.0,19808,6622
2305,2305,pv_8_7978_1,32135.0,35728,28220
2306,2306,pv_8_10035_1,32137.0,19808,35642
2307,2307,pv_8_11789_0,32138.0,23722,33598
2308,2308,pv_8_3963,32149.0,20324,23874
2309,2309,pv_8_9688_0,32150.0,15496,37836
2310,2310,pv_8_801_0,32168.0,41010,41812
2311,2311,pv_8_1052,32172.0,21248,33796
2312,2312,pv_8_31_1,32176.0,21044,3790
2313,2313,pv_8_4187,32177.0,30142,14254
2314,2314,pv_8_1939,32185.0,39024,35516
2315,2315,pv_8_147_0,32186.0,41560,17126
2316,2316,pv_8_4273_0,32186.0,14504,18774
2317,2317,pv_8_3342_1,32189.0,30574,40382
2318,2318,pv_8_7103,32208.0,39108,28152
2319,2319,pv_8_5375_0,32210.0,25696,37818
2320,2320,pv_8_10804_0,32214.0,2396,29270
2321,2321,pv_8_3087,32216.0,13914,40384
2322,2322,pv_8_464_0,32222.0,10118,14254
2323,2323,pv_8_11771,32222.0,23918,15678
2324,2324,pv_8_1103_0,32224.0,38846,37144
2325,2325,pv_8_8559_0,32225.0,19808,15566
2326,2326,pv_8_8550_0,32234.0,19808,11360
2327,2327,pv_8_9283,32241.0,41864,26448
2328,2328,pv_8_11536_1,32244.0,25520,35762
2329,2329,pv_8_956_1,32252.0,32788,30920
2330,2330,pv_8_6119,32253.0,22976,24638
2331,2331,pv_8_11369,32255.0,8118,13632
2332,2332,pv_8_8737,32257.0,19808,9842
2333,2333,pv_8_2338_0,32265.0,40406,23952
2334,2334,pv_8_6_1,32268.0,10966,24248
2335,2335,pv_8_8420_1,32270.0,19808,8152
2336,2336,pv_8_5608,32277.0,29744,22976
2337,2337,pv_8_5979,32279.0,22976,94
2338,2338,pv_8_5232_0,32281.0,5656,2848
2339,2339,pv_8_11169,32291.0,32026,4096
2340,2340,pv_8_8888_0,32292.0,19808,37578
2341,2341,pv_8_8831_0,32298.0,19808,30396
2342,2342,pv_8_3228_0,32306.0,1884,7560
2343,2343,pv_8_10296_0,32314.0,2848,32896
2344,2344,pv_8_753_0,32317.0,27308,41876
2345,2345,pv_8_11783,32322.0,36882,152
2346,2346,pv_8_3654,32325.0,41218,22444
2347,2347,pv_8_9442,32327.0,41864,36152
2348,2348,pv_8_9403,32337.0,41864,30998
2349,2349,pv_8_11657_1,32349.0,24966,6502
2350,2350,pv_8_2069,32356.0,10816,3490
2351,2351,pv_8_3268_1,32359.0,1718,17126
2352,2352,pv_8_3497_1,32378.0,2234,7990
2353,2353,pv_8_1214,32381.0,36064,19012
2354,2354,pv_8_3615_0,32387.0,7912,38172
2355,2355,pv_8_8325_0,32397.0,19808,28166
