node_index,zone_id,is_centroid
0,4,0
1,4,0
2,-1,0
3,2,0
4,2,0
5,4,0
6,2,0
7,4,0
8,2,0
9,4,0
10,2,0
11,4,0
12,3,0
13,3,0
14,2,0
15,3,0
16,2,0
17,3,0
18,3,0
19,2,0
20,-1,0
21,2,0
22,1,0
23,1,0
24,2,0
25,1,0
26,-1,0
27,1,0
28,1,0
29,4,0
30,0,0
31,-1,0
32,-1,0
33,1,0
34,1,0
35,1,0
36,1,0
37,1,0
38,1,0
39,2,0
40,0,0
41,1,0
42,1,0
43,1,0
44,-1,0
45,-1,0
46,2,0
47,1,0
48,1,0
49,1,0
50,1,0
51,1,0
52,1,0
53,1,0
54,4,0
55,1,0
56,2,0
57,4,0
58,1,0
59,1,0
60,2,0
61,1,0
62,1,0
63,1,0
64,1,0
65,1,0
66,1,0
67,1,0
68,2,0
69,0,0
70,2,0
71,0,0
72,1,0
73,2,0
74,0,0
75,0,0
76,3,0
77,1,0
78,0,0
79,4,0
80,0,0
81,3,0
82,4,0
83,3,0
84,3,0
85,3,0
86,2,0
87,1,0
88,1,0
89,2,0
90,2,0
91,3,0
92,-1,0
93,0,0
94,0,0
95,-1,0
96,3,0
97,2,0
98,3,0
99,2,0
100,4,0
101,2,0
102,2,0
103,2,0
104,4,0
105,2,0
106,4,0
107,4,0
108,1,0
109,4,0
110,4,0
111,4,0
112,1,0
113,0,0
114,2,0
115,0,0
116,1,0
117,0,0
118,2,0
119,1,0
120,0,0
121,0,0
122,2,0
123,2,0
124,-1,0
125,2,0
126,4,0
127,4,0
128,4,0
129,-1,0
130,2,0
131,4,0
132,4,0
133,-1,0
134,-1,0
135,4,0
136,4,0
137,4,0
138,1,0
139,4,0
140,4,0
141,-1,0
142,4,0
143,4,0
144,-1,0
145,4,0
146,2,0
147,5,0
148,4,0
149,4,0
150,5,0
151,4,0
152,-1,0
153,4,0
154,4,0
155,-1,0
156,4,0
157,4,0
158,-1,0
159,4,0
160,-1,0
161,4,0
162,3,0
163,-1,0
164,4,0
165,-1,0
166,-1,0
167,4,0
168,-1,0
169,4,0
170,-1,0
171,-1,0
172,-1,0
173,-1,0
174,-1,0
175,-1,0
176,-1,0
177,-1,0
178,-1,0
179,-1,0
180,3,0
181,-1,0
182,-1,0
183,-1,0
184,4,0
185,-1,0
186,-1,0
187,-1,0
188,3,0
189,-1,0
190,-1,0
191,2,0
192,-1,0
193,-1,0
194,5,0
195,5,0
196,4,0
197,4,0
198,5,0
199,4,0
200,4,0
201,4,0
202,4,0
203,-1,0
204,3,0
205,3,0
206,-1,0
207,3,0
208,3,0
209,3,0
210,0,0
211,0,0
212,0,0
213,-1,0
214,-1,0
215,-1,0
216,-1,0
217,4,0
218,4,0
219,-1,0
220,3,0
221,3,0
222,5,0
223,5,0
224,3,0
225,-1,0
226,5,0
227,5,0
228,-1,0
229,1,0
230,1,0
231,-1,0
232,4,0
233,3,0
234,-1,0
235,4,0
236,3,0
237,3,0
238,3,0
239,3,0
240,-1,0
241,-1,0
242,-1,0
243,-1,0
244,5,0
245,5,0
246,5,0
247,-1,0
248,-1,0
249,1,0
250,1,0
251,1,0
252,-1,0
253,-1,0
254,-1,0
255,-1,0
256,1,0
257,1,0
258,2,0
259,2,0
260,1,0
261,3,0
262,2,0
263,2,0
264,2,0
265,2,0
266,2,0
267,2,0
268,2,0
269,2,0
270,-1,0
271,3,0
272,-1,0
273,-1,0
274,-1,0
275,3,0
276,2,0
277,-1,0
278,-1,0
279,-1,0
280,1,0
281,-1,0
282,-1,0
283,1,0
284,1,0
285,-1,0
286,-1,0
287,4,0
288,-1,0
289,4,0
290,1,0
291,4,0
292,-1,0
293,-1,0
294,4,0
295,-1,0
296,-1,0
297,-1,0
298,5,0
299,5,0
300,0,0
301,0,0
302,0,0
303,5,0
304,0,0
305,-1,0
306,5,0
307,0,0
308,5,0
309,5,0
310,1,0
311,5,0
312,5,0
313,-1,0
314,-1,0
315,1,0
316,1,0
317,1,0
318,1,0
319,1,0
320,0,0
321,-1,0
322,5,0
323,0,0
324,4,0
325,0,0
326,-1,0
327,-1,0
328,1,0
329,-1,0
330,3,0
331,0,0
332,5,0
333,5,0
334,3,0
335,-1,0
336,3,0
337,3,0
338,0,0
339,3,0
340,-1,0
341,-1,0
342,0,0
343,-1,0
344,-1,0
345,4,0
346,4,0
347,-1,0
348,0,0
349,0,0
350,0,0
351,0,0
352,3,0
353,2,0
354,2,0
355,-1,0
356,-1,0
357,-1,0
358,0,0
359,0,0
360,-1,0
361,2,0
362,-1,0
363,2,0
364,0,0
365,2,0
366,2,0
367,0,0
368,-1,0
369,0,0
370,2,0
371,-1,0
372,2,0
373,3,0
374,1,0
375,1,0
376,1,0
377,1,0
378,-1,0
379,-1,0
380,1,0
381,-1,0
382,-1,0
383,2,0
384,2,0
385,-1,0
386,1,0
387,4,0
388,2,0
389,2,0
390,0,0
391,0,0
392,0,0
393,0,0
394,0,0
395,-1,0
396,-1,0
397,5,0
398,2,0
399,2,0
400,5,0
401,2,0
402,5,0
403,2,0
404,5,0
405,5,0
406,2,0
407,-1,0
408,2,0
409,-1,0
410,-1,0
411,-1,0
412,-1,0
413,-1,0
414,2,0
415,1,0
416,1,0
417,1,0
418,1,0
419,-1,0
420,-1,0
421,-1,0
422,-1,0
423,-1,0
424,-1,0
425,3,0
426,-1,0
427,3,0
428,2,0
429,2,0
430,-1,0
431,2,0
432,3,0
433,3,0
434,3,0
435,0,0
436,0,0
437,0,0
438,2,0
439,-1,0
440,0,0
441,5,0
442,0,0
443,5,0
444,5,0
445,0,0
446,-1,0
447,4,0
448,-1,0
449,2,0
450,0,0
451,-1,0
452,-1,0
453,4,0
454,-1,0
455,-1,0
456,0,0
457,-1,0
458,5,0
459,2,0
460,-1,0
461,-1,0
462,3,0
463,2,0
464,-1,0
465,2,0
466,2,0
467,4,0
468,4,0
469,4,0
470,4,0
471,0,0
472,0,0
473,-1,0
474,0,0
475,2,0
476,2,0
477,0,0
478,2,0
479,2,0
480,0,0
481,0,0
482,4,0
483,0,0
484,0,0
485,2,0
486,3,0
487,0,0
488,0,0
489,3,0
490,1,0
491,0,0
492,0,0
493,0,0
494,0,0
495,0,0
496,0,0
497,0,0
498,-1,0
499,2,0
500,4,0
501,0,0
502,0,0
503,0,0
504,-1,0
505,2,0
506,0,0
507,2,0
508,0,0
509,0,0
510,0,0
511,0,0
512,1,0
513,0,0
514,-1,0
515,-1,0
516,-1,0
517,0,0
518,-1,0
519,-1,0
520,-1,0
521,-1,0
522,0,0
523,0,0
524,-1,0
525,0,0
526,0,0
527,-1,0
528,-1,0
529,3,0
530,-1,0
531,-1,0
532,-1,0
533,2,0
534,3,0
535,2,0
536,2,0
537,3,0
538,3,0
539,-1,0
540,-1,0
541,-1,0
542,3,0
543,3,0
544,3,0
545,-1,0
546,-1,0
547,-1,0
548,-1,0
549,3,0
550,3,0
551,-1,0
552,3,0
553,3,0
554,3,0
555,-1,0
556,-1,0
557,3,0
558,-1,0
559,-1,0
560,-1,0
561,-1,0
562,-1,0
563,-1,0
564,-1,0
565,-1,0
566,1,0
567,-1,0
568,-1,0
569,1,0
570,1,0
571,5,0
572,-1,0
573,-1,0
574,-1,0
575,0,0
576,-1,0
577,-1,0
578,-1,0
579,-1,0
580,-1,0
581,-1,0
582,-1,0
583,-1,0
584,5,0
585,3,0
586,5,0
587,-1,0
588,-1,0
589,-1,0
590,-1,0
591,3,0
592,3,0
593,0,0
594,4,0
595,2,0
596,3,0
597,0,0
598,5,0
599,0,0
600,0,0
601,0,0
602,3,0
603,3,0
604,3,0
605,-1,0
606,4,0
607,-1,0
608,2,0
609,-1,0
610,-1,0
611,2,0
612,0,0
613,1,0
614,1,0
615,-1,0
616,-1,0
617,4,0
618,-1,0
619,0,0
620,5,0
621,-1,0
622,0,0
623,-1,0
624,4,0
625,4,0
626,-1,0
627,5,0
628,5,0
629,0,0
630,0,0
631,0,0
632,2,0
633,-1,0
634,-1,0
635,-1,0
636,-1,0
637,2,0
638,-1,0
639,2,0
640,0,0
641,-1,0
642,1,0
643,-1,0
644,0,0
645,0,0
646,-1,0
647,-1,0
648,0,0
649,0,0
650,1,0
651,-1,0
652,1,0
653,1,0
654,-1,0
655,5,0
656,0,0
657,5,0
658,5,0
659,0,0
660,5,0
661,0,0
662,3,0
663,4,0
664,3,0
665,5,0
666,5,0
667,3,0
668,5,0
669,3,0
670,1,0
671,3,0
672,-1,0
673,5,0
674,4,0
675,3,0
676,3,0
677,-1,0
678,3,0
679,1,0
680,3,0
681,-1,0
682,1,0
683,3,0
684,2,0
685,-1,0
686,1,0
687,-1,0
688,-1,0
689,-1,0
690,1,0
691,1,0
692,1,0
693,-1,0
694,5,0
695,5,0
696,-1,0
697,2,0
698,-1,0
699,-1,0
700,-1,0
701,-1,0
702,-1,0
703,-1,0
704,-1,0
705,-1,0
706,-1,0
707,1,0
708,1,0
709,1,0
710,1,0
711,3,0
712,3,0
713,0,0
714,2,0
715,1,0
716,1,0
717,1,0
718,1,0
719,0,0
720,1,0
721,1,0
722,1,0
723,-1,0
724,-1,0
725,-1,0
726,3,0
727,1,0
728,1,0
729,3,0
730,3,0
731,3,0
732,3,0
733,2,0
734,5,0
735,5,0
736,-1,0
737,1,0
738,3,0
739,5,0
740,3,0
741,3,0
742,3,0
743,-1,0
744,2,0
745,-1,0
746,1,0
747,-1,0
748,-1,0
749,0,0
750,2,0
751,2,0
752,-1,0
753,-1,0
754,2,0
755,-1,0
756,-1,0
757,-1,0
758,-1,0
759,2,0
760,-1,0
761,-1,0
762,1,0
763,-1,0
764,5,0
765,5,0
766,2,0
767,2,0
768,-1,0
769,2,0
770,1,0
771,-1,0
772,2,0
773,-1,0
774,2,0
775,3,0
776,3,0
777,3,0
778,3,0
779,-1,0
780,-1,0
781,1,0
782,1,0
783,-1,0
784,-1,0
785,-1,0
786,2,0
787,-1,0
788,-1,0
789,-1,0
790,-1,0
791,-1,0
792,-1,0
793,2,0
794,2,0
795,-1,0
796,2,0
797,-1,0
798,2,0
799,2,0
800,2,0
801,0,0
802,-1,0
803,3,0
804,0,0
805,0,0
806,0,0
807,1,0
808,1,0
809,0,0
810,2,0
811,2,0
812,-1,0
813,-1,0
814,-1,0
815,-1,0
816,4,0
817,-1,0
818,2,0
819,2,0
820,2,0
821,3,0
822,1,0
823,1,0
824,4,0
825,2,0
826,2,0
827,2,0
828,-1,0
829,-1,0
830,2,0
831,3,0
832,3,0
833,-1,0
834,-1,0
835,3,0
836,3,0
837,5,0
838,5,0
839,5,0
840,2,0
841,2,0
842,2,0
843,2,0
844,-1,0
845,-1,0
846,2,0
847,2,0
848,2,0
849,2,0
850,2,0
851,0,0
852,0,0
853,2,0
854,2,0
855,4,0
856,-1,0
857,-1,0
858,-1,0
859,-1,0
860,2,0
861,3,0
862,2,0
863,-1,0
864,-1,0
865,-1,0
866,0,0
867,0,0
868,0,0
869,0,0
870,4,0
871,0,0
872,0,0
873,0,0
874,5,0
875,0,0
876,0,0
877,2,0
878,-1,0
879,4,0
880,2,0
881,-1,0
882,4,0
883,-1,0
884,4,0
885,1,0
886,1,0
887,2,0
888,3,0
889,2,0
890,-1,0
891,-1,0
892,-1,0
893,-1,0
894,-1,0
895,3,0
896,-1,0
897,-1,0
898,-1,0
899,-1,0
900,-1,0
901,4,0
902,3,0
903,5,0
904,-1,0
905,5,0
906,2,0
907,-1,0
908,0,0
909,-1,0
910,-1,0
911,5,0
912,2,0
913,3,0
914,2,0
915,2,0
916,0,0
917,0,0
918,2,0
919,-1,0
920,-1,0
921,-1,0
922,2,0
923,-1,0
924,2,0
925,2,0
926,2,0
927,2,0
928,4,0
929,4,0
930,4,0
931,4,0
932,-1,0
933,-1,0
934,-1,0
935,5,0
936,3,0
937,-1,0
938,2,0
939,2,0
940,3,0
941,4,0
942,2,0
943,2,0
944,2,0
945,-1,0
946,3,0
947,3,0
948,-1,0
949,-1,0
950,3,0
951,3,0
952,4,0
953,2,0
954,2,0
955,3,0
956,2,0
957,2,0
958,2,0
959,2,0
960,2,0
961,2,0
962,2,0
963,2,0
964,2,0
965,-1,0
966,-1,0
967,2,0
968,-1,0
969,2,0
970,2,0
971,5,0
972,-1,0
973,-1,0
974,-1,0
975,2,0
976,2,0
977,2,0
978,-1,0
979,2,0
980,2,0
981,2,0
982,-1,0
983,2,0
984,2,0
985,2,0
986,4,0
987,2,0
988,2,0
989,2,0
990,3,0
991,3,0
992,3,0
993,-1,0
994,2,0
995,-1,0
996,2,0
997,2,0
998,1,0
999,2,0
1000,2,0
1001,2,0
1002,-1,0
1003,1,0
1004,1,0
1005,5,0
1006,4,0
1007,2,0
1008,2,0
1009,-1,0
1010,2,0
1011,3,0
1012,-1,0
1013,1,0
1014,-1,0
1015,-1,0
1016,4,0
1017,-1,0
1018,4,0
1019,-1,0
1020,-1,0
1021,4,0
1022,4,0
1023,0,0
1024,-1,0
1025,-1,0
1026,-1,0
1027,-1,0
1028,-1,0
1029,-1,0
1030,3,0
1031,3,0
1032,5,0
1033,-1,0
1034,2,0
1035,3,0
1036,3,0
1037,2,0
1038,3,0
1039,3,0
1040,2,0
1041,5,0
1042,-1,0
1043,-1,0
1044,-1,0
1045,-1,0
1046,-1,0
1047,-1,0
1048,-1,0
1049,-1,0
1050,1,0
1051,1,0
1052,-1,0
1053,5,0
1054,5,0
1055,-1,0
1056,-1,0
1057,2,0
1058,2,0
1059,-1,0
1060,2,0
1061,2,0
1062,3,0
1063,0,0
1064,2,0
1065,-1,0
1066,4,0
1067,3,0
1068,3,0
1069,3,0
1070,3,0
1071,3,0
1072,4,0
1073,4,0
1074,3,0
1075,3,0
1076,4,0
1077,4,0
1078,4,0
1079,4,0
1080,4,0
1081,4,0
1082,4,0
1083,4,0
1084,0,0
1085,-1,0
1086,4,0
1087,-1,0
1088,-1,0
1089,4,0
1090,5,0
1091,3,0
1092,3,0
1093,3,0
1094,3,0
1095,3,0
1096,3,0
1097,3,0
1098,-1,0
1099,-1,0
1100,-1,0
1101,-1,0
1102,-1,0
1103,-1,0
1104,-1,0
1105,-1,0
1106,-1,0
1107,-1,0
1108,2,0
1109,-1,0
1110,-1,0
1111,1,0
1112,-1,0
1113,1,0
1114,3,0
1115,-1,0
1116,-1,0
1117,1,0
1118,2,0
1119,0,0
1120,0,0
1121,1,0
1122,1,0
1123,1,0
1124,1,0
1125,-1,0
1126,1,0
1127,-1,0
1128,5,0
1129,1,0
1130,1,0
1131,4,0
1132,4,0
1133,4,0
1134,1,0
1135,2,0
1136,1,0
1137,2,0
1138,4,0
1139,3,0
1140,2,0
1141,2,0
1142,5,0
1143,5,0
1144,3,0
1145,5,0
1146,3,0
1147,3,0
1148,5,0
1149,-1,0
1150,5,0
1151,-1,0
1152,2,0
1153,1,0
1154,3,0
1155,-1,0
1156,-1,0
1157,2,0
1158,2,0
1159,1,0
1160,1,0
1161,3,0
1162,3,0
1163,1,0
1164,2,0
1165,2,0
1166,2,0
1167,2,0
1168,2,0
1169,2,0
1170,2,0
1171,2,0
1172,2,0
1173,2,0
1174,3,0
1175,5,0
1176,-1,0
1177,3,0
1178,5,0
1179,-1,0
1180,5,0
1181,2,0
1182,2,0
1183,5,0
1184,-1,0
1185,5,0
1186,2,0
1187,2,0
1188,2,0
1189,5,0
1190,2,0
1191,5,0
1192,5,0
1193,3,0
1194,5,0
1195,1,0
1196,2,0
1197,2,0
1198,-1,0
1199,2,0
1200,2,0
1201,2,0
1202,2,0
1203,2,0
1204,2,0
1205,5,0
1206,-1,0
1207,3,0
1208,-1,0
1209,-1,0
1210,-1,0
1211,-1,0
1212,3,0
1213,1,0
1214,1,0
1215,2,0
1216,1,0
1217,1,0
1218,2,0
1219,0,0
1220,-1,0
1221,-1,0
1222,-1,0
1223,5,0
1224,5,0
1225,5,0
1226,-1,0
1227,5,0
1228,5,0
1229,5,0
1230,5,0
1231,5,0
1232,-1,0
1233,5,0
1234,5,0
1235,4,0
1236,5,0
1237,1,0
1238,5,0
1239,1,0
1240,5,0
1241,5,0
1242,-1,0
1243,1,0
1244,1,0
1245,1,0
1246,1,0
1247,5,0
1248,1,0
1249,1,0
1250,1,0
1251,-1,0
1252,-1,0
1253,1,0
1254,-1,0
1255,1,0
1256,1,0
1257,1,0
1258,5,0
1259,4,0
1260,4,0
1261,5,0
1262,5,0
1263,-1,0
1264,-1,0
1265,4,0
1266,1,0
1267,-1,0
1268,-1,0
1269,5,0
1270,5,0
1271,5,0
1272,3,0
1273,-1,0
1274,3,0
1275,-1,0
1276,5,0
1277,5,0
1278,5,0
1279,-1,0
1280,5,0
1281,5,0
1282,5,0
1283,-1,0
1284,-1,0
1285,5,0
1286,-1,0
1287,-1,0
1288,5,0
1289,5,0
1290,-1,0
1291,5,0
1292,-1,0
1293,-1,0
1294,5,0
1295,-1,0
1296,-1,0
1297,5,0
1298,5,0
1299,5,0
1300,3,0
1301,3,0
1302,-1,0
1303,-1,0
1304,-1,0
1305,-1,0
1306,-1,0
1307,4,0
1308,4,0
1309,-1,0
1310,-1,0
1311,4,0
1312,4,0
1313,-1,0
1314,-1,0
1315,-1,0
1316,-1,0
1317,4,0
1318,2,0
1319,0,0
1320,0,0
1321,0,0
1322,0,0
1323,2,0
1324,4,0
1325,5,0
1326,-1,0
1327,-1,0
1328,3,0
1329,2,0
1330,2,0
1331,5,0
1332,5,0
1333,5,0
1334,5,0
1335,-1,0
1336,-1,0
1337,5,0
1338,5,0
1339,3,0
1340,3,0
1341,3,0
1342,3,0
1343,-1,0
1344,2,0
1345,5,0
1346,3,0
1347,2,0
1348,-1,0
1349,-1,0
1350,-1,0
1351,2,0
1352,2,0
1353,2,0
1354,4,0
1355,4,0
1356,2,0
1357,2,0
1358,-1,0
1359,-1,0
1360,5,0
1361,5,0
1362,-1,0
1363,5,0
1364,5,0
1365,3,0
1366,2,0
1367,3,0
1368,5,0
1369,5,0
1370,2,0
1371,2,0
1372,1,0
1373,4,0
1374,4,0
1375,1,0
1376,1,0
1377,4,0
1378,-1,0
1379,4,0
1380,1,0
1381,1,0
1382,3,0
1383,5,0
1384,4,0
1385,5,0
1386,3,0
1387,1,0
1388,3,0
1389,-1,0
1390,3,0
1391,1,0
1392,1,0
1393,4,0
1394,3,0
1395,3,0
1396,3,0
1397,4,0
1398,5,0
1399,3,0
1400,3,0
1401,5,0
1402,3,0
1403,1,0
1404,5,0
1405,3,0
1406,3,0
1407,3,0
1408,3,0
1409,4,0
1410,4,0
1411,4,0
1412,4,0
1413,4,0
1414,4,0
1415,5,0
1416,4,0
1417,4,0
1418,5,0
1419,1,0
1420,0,0
1421,4,0
1422,4,0
1423,4,0
1424,4,0
1425,4,0
1426,3,0
1427,2,0
1428,3,0
1429,4,0
1430,-1,0
1431,-1,0
1432,1,0
1433,-1,0
1434,2,0
1435,-1,0
1436,3,0
1437,3,0
1438,-1,0
1439,5,0
1440,5,0
1441,5,0
1442,5,0
1443,5,0
1444,5,0
1445,5,0
1446,4,0
1447,1,0
1448,3,0
1449,-1,0
1450,-1,0
1451,-1,0
1452,-1,0
1453,-1,0
1454,-1,0
1455,-1,0
1456,3,0
1457,-1,0
1458,-1,0
1459,3,0
1460,-1,0
1461,-1,0
1462,3,0
1463,-1,0
1464,3,0
1465,-1,0
1466,-1,0
1467,-1,0
1468,-1,0
1469,-1,0
1470,-1,0
1471,5,0
1472,-1,0
1473,-1,0
1474,5,0
1475,5,0
1476,5,0
1477,5,0
1478,-1,0
1479,-1,0
1480,3,0
1481,3,0
1482,3,0
1483,3,0
1484,4,0
1485,1,0
1486,3,0
1487,3,0
1488,5,0
1489,-1,0
1490,-1,0
1491,-1,0
1492,5,0
1493,5,0
1494,-1,0
1495,5,0
1496,-1,0
1497,3,0
1498,-1,0
1499,-1,0
1500,-1,0
1501,-1,0
1502,3,0
1503,3,0
1504,1,0
1505,-1,0
1506,1,0
1507,5,0
1508,1,0
1509,-1,0
1510,-1,0
1511,-1,0
1512,5,0
1513,-1,0
1514,-1,0
1515,-1,0
1516,-1,0
1517,-1,0
1518,-1,0
1519,-1,0
1520,1,0
1521,-1,0
1522,-1,0
1523,-1,0
1524,-1,0
1525,-1,0
1526,4,0
1527,4,0
1528,4,0
1529,4,0
1530,4,0
1531,4,0
1532,4,0
1533,4,0
1534,4,0
1535,-1,0
1536,4,0
1537,-1,0
1538,4,0
1539,-1,0
1540,-1,0
1541,4,0
1542,3,0
1543,5,0
1544,5,0
1545,5,0
1546,0,0
1547,5,0
1548,-1,0
1549,5,0
1550,5,0
1551,5,0
1552,4,0
1553,5,0
1554,5,0
1555,5,0
1556,5,0
1557,4,0
1558,4,0
1559,-1,0
1560,2,0
1561,-1,0
1562,0,0
1563,-1,0
1564,-1,0
1565,-1,0
1566,-1,0
1567,0,0
1568,-1,0
1569,-1,0
1570,-1,0
1571,5,0
1572,3,0
1573,-1,0
1574,3,0
1575,3,0
1576,3,0
1577,-1,0
1578,-1,0
1579,-1,0
1580,-1,0
1581,-1,0
1582,-1,0
1583,3,0
1584,3,0
1585,-1,0
1586,3,0
1587,3,0
1588,-1,0
1589,-1,0
1590,3,0
1591,5,0
1592,-1,0
1593,3,0
1594,5,0
1595,5,0
1596,3,0
1597,5,0
1598,5,0
1599,5,0
1600,5,0
1601,5,0
1602,5,0
1603,5,0
1604,5,0
1605,5,0
1606,5,0
1607,5,0
1608,5,0
1609,0,0
1610,3,0
1611,0,0
1612,-1,0
1613,0,0
1614,3,0
1615,-1,0
1616,-1,0
1617,0,0
1618,0,0
1619,1,0
1620,3,0
1621,-1,0
1622,5,0
1623,5,0
1624,-1,0
1625,-1,0
1626,1,0
1627,1,0
1628,5,0
1629,3,0
1630,-1,0
1631,3,0
1632,3,0
1633,3,0
1634,-1,0
1635,5,0
1636,3,0
1637,2,0
1638,-1,0
1639,5,0
1640,2,0
1641,-1,0
1642,4,0
1643,4,0
1644,4,0
1645,4,0
1646,-1,0
1647,3,0
1648,-1,0
1649,4,0
1650,3,0
1651,-1,0
1652,-1,0
1653,3,0
1654,4,0
1655,3,0
1656,3,0
1657,3,0
1658,3,0
1659,3,0
1660,3,0
1661,2,0
1662,3,0
1663,-1,0
1664,3,0
1665,3,0
1666,4,0
1667,-1,0
1668,4,0
1669,4,0
1670,2,0
1671,4,0
1672,5,0
1673,-1,0
1674,-1,0
1675,-1,0
1676,-1,0
1677,5,0
1678,2,0
1679,-1,0
1680,2,0
1681,-1,0
1682,-1,0
1683,-1,0
1684,1,0
1685,1,0
1686,-1,0
1687,1,0
1688,-1,0
1689,-1,0
1690,-1,0
1691,1,0
1692,-1,0
1693,3,0
1694,3,0
1695,2,0
1696,2,0
1697,3,0
1698,2,0
1699,3,0
1700,3,0
1701,3,0
1702,3,0
1703,3,0
1704,3,0
1705,3,0
1706,-1,0
1707,4,0
1708,4,0
1709,4,0
1710,3,0
1711,4,0
1712,-1,0
1713,-1,0
1714,-1,0
1715,4,0
1716,4,0
1717,4,0
1718,4,0
1719,4,0
1720,4,0
1721,4,0
1722,4,0
1723,-1,0
1724,-1,0
1725,4,0
1726,-1,0
1727,4,0
1728,-1,0
1729,4,0
1730,2,0
1731,-1,0
1732,4,0
1733,-1,0
1734,3,0
1735,2,0
1736,4,0
1737,3,0
1738,1,0
1739,4,0
1740,-1,0
1741,-1,0
1742,-1,0
1743,2,0
1744,2,0
1745,4,0
1746,-1,0
1747,5,0
1748,2,0
1749,-1,0
1750,5,0
1751,4,0
1752,4,0
1753,1,0
1754,1,0
1755,-1,0
1756,-1,0
1757,-1,0
1758,-1,0
1759,-1,0
1760,-1,0
1761,-1,0
1762,-1,0
1763,-1,0
1764,-1,0
1765,-1,0
1766,-1,0
1767,-1,0
1768,-1,0
1769,-1,0
1770,-1,0
1771,-1,0
1772,-1,0
1773,-1,0
1774,-1,0
1775,-1,0
1776,-1,0
1777,-1,0
1778,-1,0
1779,-1,0
1780,-1,0
1781,-1,0
1782,-1,0
1783,0,0
1784,0,0
1785,0,0
1786,-1,0
1787,-1,0
1788,-1,0
1789,-1,0
1790,-1,0
1791,-1,0
1792,-1,0
1793,-1,0
1794,-1,0
1795,-1,0
1796,-1,0
1797,-1,0
1798,4,0
1799,5,0
1800,-1,0
1801,2,0
1802,1,0
1803,2,0
1804,2,0
1805,2,0
1806,2,0
1807,3,0
1808,3,0
1809,-1,0
1810,3,0
1811,1,0
1812,2,0
1813,1,0
1814,1,0
1815,5,0
1816,-1,0
1817,-1,0
1818,-1,0
1819,-1,0
1820,1,0
1821,1,0
1822,-1,0
1823,-1,0
1824,4,0
1825,-1,0
1826,4,0
1827,3,0
1828,3,0
1829,3,0
1830,3,0
1831,1,0
1832,1,0
1833,3,0
1834,3,0
1835,3,0
1836,3,0
1837,-1,0
1838,5,0
1839,-1,0
1840,-1,0
1841,-1,0
1842,-1,0
1843,-1,0
1844,-1,0
1845,3,0
1846,3,0
1847,3,0
1848,5,0
1849,1,0
1850,3,0
1851,4,0
1852,3,0
1853,1,0
1854,2,0
1855,4,0
1856,4,0
1857,2,0
1858,-1,0
1859,1,0
1860,-1,0
1861,4,0
1862,-1,0
1863,-1,0
1864,-1,0
1865,5,0
1866,0,0
1867,0,0
1868,0,0
1869,0,0
1870,0,0
1871,-1,0
1872,0,0
1873,5,0
1874,-1,0
1875,5,0
1876,0,0
1877,1,0
1878,1,0
1879,5,0
1880,3,0
1881,5,0
1882,1,0
1883,2,0
1884,-1,0
1885,5,0
1886,5,0
1887,2,0
1888,-1,0
1889,3,0
1890,-1,0
1891,2,0
1892,2,0
1893,2,0
1894,3,0
1895,4,0
1896,-1,0
1897,4,0
1898,4,0
1899,4,0
1900,3,0
1901,4,0
1902,2,0
1903,2,0
1904,3,0
1905,2,0
1906,2,0
1907,2,0
1908,2,0
1909,2,0
1910,-1,0
1911,2,0
1912,4,0
1913,2,0
1914,-1,0
1915,-1,0
1916,-1,0
1917,-1,0
1918,-1,0
1919,4,0
1920,-1,0
1921,2,0
1922,-1,0
1923,-1,0
1924,-1,0
1925,2,0
1926,-1,0
1927,2,0
1928,3,0
1929,2,0
1930,-1,0
1931,2,0
1932,-1,0
1933,-1,0
1934,4,0
1935,4,0
1936,3,0
1937,4,0
1938,-1,0
1939,5,0
1940,5,0
1941,-1,0
1942,1,0
1943,1,0
1944,2,0
1945,-1,0
1946,3,0
1947,-1,0
1948,-1,0
1949,-1,0
1950,0,0
1951,0,0
1952,0,0
1953,3,0
1954,-1,0
1955,-1,0
1956,-1,0
1957,-1,0
1958,-1,0
1959,-1,0
1960,4,0
1961,4,0
1962,-1,0
1963,4,0
1964,-1,0
1965,-1,0
1966,-1,0
1967,-1,0
1968,4,0
1969,-1,0
1970,-1,0
1971,-1,0
1972,-1,0
1973,-1,0
1974,1,0
1975,1,0
1976,1,0
1977,3,0
1978,3,0
1979,-1,0
1980,-1,0
1981,-1,0
1982,1,0
1983,1,0
1984,1,0
1985,1,0
1986,1,0
1987,1,0
1988,1,0
1989,1,0
1990,1,0
1991,1,0
1992,1,0
1993,1,0
1994,1,0
1995,-1,0
1996,1,0
1997,1,0
1998,1,0
1999,1,0
2000,1,0
2001,1,0
2002,1,0
2003,-1,0
2004,-1,0
2005,-1,0
2006,-1,0
2007,-1,0
2008,-1,0
2009,-1,0
2010,-1,0
2011,-1,0
2012,3,0
2013,3,0
2014,2,0
2015,3,0
2016,2,0
2017,-1,0
2018,-1,0
2019,-1,0
2020,-1,0
2021,-1,0
2022,-1,0
2023,3,0
2024,3,0
2025,3,0
2026,3,0
2027,3,0
2028,0,0
2029,0,0
2030,1,0
2031,0,0
2032,0,0
2033,1,0
2034,0,0
2035,1,0
2036,-1,0
2037,1,0
2038,1,0
2039,-1,0
2040,-1,0
2041,-1,0
2042,1,0
2043,1,0
2044,0,0
2045,3,0
2046,0,0
2047,5,0
2048,0,0
2049,2,0
2050,-1,0
2051,-1,0
2052,0,0
2053,-1,0
2054,0,0
2055,0,0
2056,2,0
2057,2,0
2058,2,0
2059,2,0
2060,-1,0
2061,4,0
2062,-1,0
2063,4,0
2064,-1,0
2065,3,0
2066,5,0
2067,4,0
2068,3,0
2069,3,0
2070,3,0
2071,4,0
2072,3,0
2073,4,0
2074,4,0
2075,3,0
2076,3,0
2077,3,0
2078,-1,0
2079,3,0
2080,-1,0
2081,-1,0
2082,-1,0
2083,-1,0
2084,-1,0
2085,-1,0
2086,-1,0
2087,3,0
2088,-1,0
2089,-1,0
2090,-1,0
2091,-1,0
2092,2,0
2093,5,0
2094,-1,0
2095,1,0
2096,5,0
2097,0,0
2098,3,0
2099,0,0
2100,0,0
2101,1,0
2102,0,0
2103,5,0
2104,-1,0
2105,-1,0
2106,-1,0
2107,-1,0
2108,0,0
2109,-1,0
2110,-1,0
2111,4,0
2112,-1,0
2113,-1,0
2114,-1,0
2115,3,0
2116,3,0
2117,3,0
2118,3,0
2119,3,0
2120,3,0
2121,3,0
2122,4,0
2123,4,0
2124,0,0
2125,-1,0
2126,-1,0
2127,0,0
2128,3,0
2129,0,0
2130,5,0
2131,4,0
2132,4,0
2133,4,0
2134,4,0
2135,2,0
2136,4,0
2137,5,0
2138,3,0
2139,3,0
2140,3,0
2141,5,0
2142,3,0
2143,3,0
2144,-1,0
2145,3,0
2146,-1,0
2147,3,0
2148,3,0
2149,3,0
2150,5,0
2151,5,0
2152,5,0
2153,5,0
2154,5,0
2155,5,0
2156,-1,0
2157,0,0
2158,-1,0
2159,-1,0
2160,-1,0
2161,-1,0
2162,-1,0
2163,-1,0
2164,5,0
2165,5,0
2166,-1,0
2167,5,0
2168,0,0
2169,5,0
2170,0,0
2171,5,0
2172,5,0
2173,0,0
2174,-1,0
2175,-1,0
2176,-1,0
2177,0,0
2178,0,0
2179,0,0
2180,2,0
2181,2,0
2182,-1,0
2183,-1,0
2184,0,0
2185,2,0
2186,0,0
2187,4,0
2188,0,0
2189,0,0
2190,5,0
2191,0,0
2192,0,0
2193,0,0
2194,0,0
2195,-1,0
2196,0,0
2197,2,0
2198,2,0
2199,2,0
2200,2,0
2201,2,0
2202,0,0
2203,2,0
2204,0,0
2205,5,0
2206,0,0
2207,0,0
2208,2,0
2209,-1,0
2210,-1,0
2211,-1,0
2212,-1,0
2213,-1,0
2214,2,0
2215,-1,0
2216,-1,0
2217,-1,0
2218,-1,0
2219,-1,0
2220,-1,0
2221,-1,0
2222,1,0
2223,1,0
2224,1,0
2225,1,0
2226,1,0
2227,-1,0
2228,1,0
2229,5,0
2230,5,0
2231,1,0
2232,1,0
2233,1,0
2234,1,0
2235,1,0
2236,5,0
2237,5,0
2238,1,0
2239,2,0
2240,-1,0
2241,1,0
2242,1,0
2243,-1,0
2244,-1,0
2245,2,0
2246,-1,0
2247,-1,0
2248,-1,0
2249,-1,0
2250,-1,0
2251,2,0
2252,-1,0
2253,-1,0
2254,-1,0
2255,-1,0
2256,-1,0
2257,-1,0
2258,3,0
2259,5,0
2260,3,0
2261,3,0
2262,5,0
2263,-1,0
2264,2,0
2265,1,0
2266,-1,0
2267,1,0
2268,2,0
2269,-1,0
2270,-1,0
2271,3,0
2272,3,0
2273,3,0
2274,3,0
2275,3,0
2276,-1,0
2277,3,0
2278,-1,0
2279,1,0
2280,1,0
2281,1,0
2282,5,0
2283,-1,0
2284,-1,0
2285,-1,0
2286,2,0
2287,2,0
2288,0,0
2289,-1,0
2290,-1,0
2291,2,0
2292,2,0
2293,2,0
2294,1,0
2295,2,0
2296,1,0
2297,1,0
2298,2,0
2299,-1,0
2300,1,0
2301,1,0
2302,3,0
2303,1,0
2304,1,0
2305,-1,0
2306,4,0
2307,2,0
2308,-1,0
2309,-1,0
2310,-1,0
2311,-1,0
2312,-1,0
2313,-1,0
2314,2,0
2315,1,0
2316,-1,0
2317,1,0
2318,1,0
2319,1,0
2320,1,0
2321,1,0
2322,1,0
2323,1,0
2324,1,0
2325,1,0
2326,1,0
2327,1,0
2328,5,0
2329,-1,0
2330,-1,0
2331,-1,0
2332,-1,0
2333,5,0
2334,-1,0
2335,-1,0
2336,-1,0
2337,1,0
2338,1,0
2339,2,0
2340,1,0
2341,1,0
2342,1,0
2343,2,0
2344,1,0
2345,1,0
2346,1,0
2347,5,0
2348,5,0
2349,5,0
2350,5,0
2351,5,0
2352,1,0
2353,1,0
2354,1,0
2355,0,0
2356,1,0
2357,-1,0
2358,-1,0
2359,-1,0
2360,-1,0
2361,0,0
2362,0,0
2363,0,0
2364,0,0
2365,-1,0
2366,0,0
2367,2,0
2368,2,0
2369,0,0
2370,-1,0
2371,-1,0
2372,-1,0
2373,0,0
2374,-1,0
2375,-1,0
2376,2,0
2377,2,0
2378,2,0
2379,-1,0
2380,-1,0
2381,-1,0
2382,-1,0
2383,-1,0
2384,0,0
2385,0,0
2386,2,0
2387,-1,0
2388,-1,0
2389,-1,0
2390,3,0
2391,-1,0
2392,-1,0
2393,1,0
2394,1,0
2395,1,0
2396,1,0
2397,-1,0
2398,2,0
2399,1,0
2400,1,0
2401,3,0
2402,1,0
2403,-1,0
2404,1,0
2405,1,0
2406,2,0
2407,2,0
2408,2,0
2409,-1,0
2410,1,0
2411,2,0
2412,3,0
2413,3,0
2414,3,0
2415,3,0
2416,-1,0
2417,2,0
2418,2,0
2419,2,0
2420,1,0
2421,-1,0
2422,1,0
2423,-1,0
2424,1,0
2425,1,0
2426,-1,0
2427,1,0
2428,1,0
2429,1,0
2430,-1,0
2431,-1,0
2432,-1,0
2433,-1,0
2434,-1,0
2435,-1,0
2436,-1,0
2437,-1,0
2438,-1,0
2439,1,0
2440,-1,0
2441,-1,0
2442,-1,0
2443,1,0
2444,-1,0
2445,2,0
2446,1,0
2447,1,0
2448,1,0
2449,2,0
2450,2,0
2451,-1,0
2452,1,0
2453,1,0
2454,1,0
2455,2,0
2456,3,0
2457,3,0
2458,1,0
2459,1,0
2460,1,0
2461,-1,0
2462,3,0
2463,0,0
2464,3,0
2465,3,0
2466,3,0
2467,4,0
2468,3,0
2469,1,0
2470,5,0
2471,-1,0
2472,-1,0
2473,-1,0
2474,0,0
2475,0,0
2476,0,0
2477,4,0
2478,4,0
2479,4,0
2480,3,0
2481,1,0
2482,3,0
2483,-1,0
2484,4,0
2485,4,0
2486,3,0
2487,-1,0
2488,3,0
2489,3,0
2490,3,0
2491,-1,0
2492,-1,0
2493,-1,0
2494,-1,0
2495,-1,0
2496,2,0
2497,3,0
2498,-1,0
2499,-1,0
2500,0,0
2501,0,0
2502,4,0
2503,4,0
2504,-1,0
2505,4,0
2506,-1,0
2507,3,0
2508,-1,0
2509,-1,0
2510,-1,0
2511,-1,0
2512,3,0
2513,4,0
2514,3,0
2515,3,0
2516,-1,0
2517,-1,0
2518,-1,0
2519,-1,0
2520,-1,0
2521,4,0
2522,-1,0
2523,5,0
2524,4,0
2525,4,0
2526,4,0
2527,-1,0
2528,-1,0
2529,1,0
2530,4,0
2531,4,0
2532,-1,0
2533,2,0
2534,3,0
2535,3,0
2536,3,0
2537,4,0
2538,-1,0
2539,3,0
2540,4,0
2541,4,0
2542,5,0
2543,4,0
2544,4,0
2545,-1,0
2546,4,0
2547,4,0
2548,4,0
2549,5,0
2550,4,0
2551,4,0
2552,3,0
2553,4,0
2554,3,0
2555,4,0
2556,-1,0
2557,3,0
2558,4,0
2559,3,0
2560,-1,0
2561,4,0
2562,-1,0
2563,-1,0
2564,-1,0
2565,-1,0
2566,1,0
2567,1,0
2568,3,0
2569,-1,0
2570,4,0
2571,1,0
2572,2,0
2573,1,0
2574,3,0
2575,3,0
2576,1,0
2577,1,0
2578,2,0
2579,2,0
2580,-1,0
2581,2,0
2582,-1,0
2583,-1,0
2584,-1,0
2585,-1,0
2586,-1,0
2587,-1,0
2588,-1,0
2589,-1,0
2590,-1,0
2591,2,0
2592,0,0
2593,-1,0
2594,-1,0
2595,-1,0
2596,2,0
2597,-1,0
2598,2,0
2599,-1,0
2600,2,0
2601,2,0
2602,2,0
2603,2,0
2604,2,0
2605,2,0
2606,2,0
2607,5,0
2608,5,0
2609,5,0
2610,5,0
2611,4,0
2612,5,0
2613,4,0
2614,4,0
2615,4,0
2616,3,0
2617,-1,0
2618,-1,0
2619,3,0
2620,1,0
2621,1,0
2622,1,0
2623,1,0
2624,1,0
2625,-1,0
2626,1,0
2627,5,0
2628,-1,0
2629,1,0
2630,1,0
2631,5,0
2632,1,0
2633,1,0
2634,5,0
2635,3,0
2636,1,0
2637,3,0
2638,5,0
2639,5,0
2640,5,0
2641,3,0
2642,5,0
2643,5,0
2644,-1,0
2645,-1,0
2646,-1,0
2647,-1,0
2648,-1,0
2649,-1,0
2650,2,0
2651,1,0
2652,5,0
2653,2,0
2654,-1,0
2655,-1,0
2656,2,0
2657,1,0
2658,1,0
2659,2,0
2660,2,0
2661,2,0
2662,0,0
2663,-1,0
2664,2,0
2665,2,0
2666,3,0
2667,2,0
2668,2,0
2669,3,0
2670,3,0
2671,-1,0
2672,-1,0
2673,-1,0
2674,-1,0
2675,-1,0
2676,-1,0
2677,-1,0
2678,-1,0
2679,-1,0
2680,2,0
2681,2,0
2682,2,0
2683,2,0
2684,2,0
2685,-1,0
2686,-1,0
2687,2,0
2688,-1,0
2689,-1,0
2690,-1,0
2691,-1,0
2692,-1,0
2693,-1,0
2694,2,0
2695,-1,0
2696,-1,0
2697,-1,0
2698,-1,0
2699,-1,0
2700,-1,0
2701,2,0
2702,-1,0
2703,1,0
2704,1,0
2705,1,0
2706,1,0
2707,0,0
2708,1,0
2709,3,0
2710,5,0
2711,1,0
2712,-1,0
2713,-1,0
2714,-1,0
2715,4,0
2716,1,0
2717,1,0
2718,3,0
2719,-1,0
2720,4,0
2721,-1,0
2722,3,0
2723,-1,0
2724,3,0
2725,3,0
2726,0,0
2727,-1,0
2728,-1,0
2729,-1,0
2730,1,0
2731,-1,0
2732,-1,0
2733,1,0
2734,-1,0
2735,2,0
2736,2,0
2737,-1,0
2738,-1,0
2739,-1,0
2740,3,0
2741,3,0
2742,1,0
2743,5,0
2744,1,0
2745,3,0
2746,1,0
2747,3,0
2748,3,0
2749,-1,0
2750,2,0
2751,-1,0
2752,3,0
2753,3,0
2754,-1,0
2755,3,0
2756,0,0
2757,0,0
2758,1,0
2759,3,0
2760,3,0
2761,1,0
2762,5,0
2763,-1,0
2764,-1,0
2765,1,0
2766,1,0
2767,1,0
2768,1,0
2769,3,0
2770,-1,0
2771,3,0
2772,1,0
2773,-1,0
2774,1,0
2775,1,0
2776,1,0
2777,-1,0
2778,-1,0
2779,-1,0
2780,-1,0
2781,3,0
2782,4,0
2783,2,0
2784,-1,0
2785,2,0
2786,2,0
2787,2,0
2788,2,0
2789,2,0
2790,-1,0
2791,2,0
2792,-1,0
2793,2,0
2794,2,0
2795,2,0
2796,-1,0
2797,-1,0
2798,-1,0
2799,-1,0
2800,2,0
2801,4,0
2802,2,0
2803,2,0
2804,2,0
2805,2,0
2806,2,0
2807,2,0
2808,4,0
2809,2,0
2810,2,0
2811,2,0
2812,2,0
2813,2,0
2814,2,0
2815,-1,0
2816,2,0
2817,2,0
2818,2,0
2819,2,0
2820,2,0
2821,2,0
2822,2,0
2823,2,0
2824,2,0
2825,2,0
2826,0,0
2827,0,0
2828,2,0
2829,0,0
2830,0,0
2831,-1,0
2832,0,0
2833,1,0
2834,1,0
2835,3,0
2836,3,0
2837,3,0
2838,3,0
2839,3,0
2840,-1,0
2841,-1,0
2842,-1,0
2843,-1,0
2844,-1,0
2845,4,0
2846,-1,0
2847,3,0
2848,5,0
2849,3,0
2850,2,0
2851,2,0
2852,2,0
2853,2,0
2854,2,0
2855,2,0
2856,2,0
2857,-1,0
2858,2,0
2859,2,0
2860,2,0
2861,2,0
2862,-1,0
2863,-1,0
2864,2,0
2865,-1,0
2866,-1,0
2867,3,0
2868,0,0
2869,0,0
2870,0,0
2871,0,0
2872,2,0
2873,2,0
2874,2,0
2875,-1,0
2876,4,0
2877,2,0
2878,2,0
2879,5,0
2880,2,0
2881,2,0
2882,-1,0
2883,-1,0
2884,4,0
2885,-1,0
2886,4,0
2887,3,0
2888,2,0
2889,3,0
2890,2,0
2891,2,0
2892,3,0
2893,3,0
2894,-1,0
2895,3,0
2896,-1,0
2897,-1,0
2898,-1,0
2899,3,0
2900,2,0
2901,2,0
2902,2,0
2903,3,0
2904,-1,0
2905,-1,0
2906,4,0
2907,-1,0
2908,3,0
2909,4,0
2910,3,0
2911,4,0
2912,2,0
2913,3,0
2914,2,0
2915,2,0
2916,-1,0
2917,3,0
2918,2,0
2919,2,0
2920,2,0
2921,-1,0
2922,3,0
2923,2,0
2924,2,0
2925,-1,0
2926,-1,0
2927,2,0
2928,2,0
2929,2,0
2930,3,0
2931,2,0
2932,3,0
2933,2,0
2934,5,0
2935,2,0
2936,-1,0
2937,2,0
2938,-1,0
2939,5,0
2940,1,0
2941,-1,0
2942,2,0
2943,-1,0
2944,5,0
2945,2,0
2946,2,0
2947,2,0
2948,2,0
2949,2,0
2950,5,0
2951,5,0
2952,5,0
2953,2,0
2954,-1,0
2955,5,0
2956,2,0
2957,2,0
2958,-1,0
2959,2,0
2960,0,0
2961,2,0
2962,0,0
2963,2,0
2964,2,0
2965,4,0
2966,5,1
2967,4,1
2968,4,0
2969,3,1
2970,3,0
2971,1,0
2972,0,0
2973,0,1
2974,2,0
2975,2,0
2976,2,0
2977,2,0
2978,2,0
2979,2,0
2980,2,0
2981,2,0
2982,2,0
2983,2,0
2984,2,1
2985,2,0
2986,2,0
2987,0,0
2988,0,0
2989,1,1
2990,3,0
2991,3,0
2992,4,0
2993,4,0
2994,4,0
2995,2,0
2996,2,0
2997,2,0
2998,4,0
2999,2,0
3000,4,0
3001,4,0
3002,3,0
3003,3,0
3004,2,0
3005,2,0
3006,2,0
3007,3,0
3008,3,0
3009,3,0
3010,3,0
3011,2,0
3012,2,0
3013,2,0
3014,2,0
3015,-1,0
3016,2,0
3017,2,0
3018,2,0
3019,2,0
3020,1,0
3021,1,0
3022,1,0
3023,1,0
3024,1,0
3025,1,0
3026,-1,0
3027,1,0
3028,1,0
3029,0,0
3030,0,0
3031,-1,0
3032,-1,0
3033,1,0
3034,1,0
3035,1,0
3036,1,0
3037,1,0
3038,1,0
3039,1,0
3040,1,0
3041,1,0
3042,1,0
3043,1,0
3044,2,0
3045,0,0
3046,1,0
3047,1,0
3048,1,0
3049,1,0
3050,1,0
3051,1,0
3052,1,0
3053,2,0
3054,1,0
3055,1,0
3056,1,0
3057,1,0
3058,1,0
3059,1,0
3060,1,0
3061,2,0
3062,2,0
3063,0,0
3064,0,0
3065,1,0
3066,1,0
3067,1,0
3068,2,0
3069,0,0
3070,3,0
3071,4,0
3072,3,0
3073,3,0
3074,3,0
3075,2,0
3076,2,0
3077,1,0
3078,2,0
3079,2,0
3080,3,0
3081,-1,0
3082,0,0
3083,0,0
3084,0,0
3085,0,0
3086,-1,0
3087,3,0
3088,2,0
3089,2,0
3090,2,0
3091,2,0
3092,2,0
3093,4,0
3094,4,0
3095,4,0
3096,4,0
3097,4,0
3098,4,0
3099,1,0
3100,1,0
3101,0,0
3102,0,0
3103,2,0
3104,1,0
3105,0,0
3106,0,0
3107,0,0
3108,0,0
3109,2,0
3110,2,0
3111,1,0
3112,0,0
3113,0,0
3114,0,0
3115,0,0
3116,0,0
3117,0,0
3118,0,0
3119,0,0
3120,0,0
3121,0,0
3122,0,0
3123,0,0
3124,0,0
3125,2,0
3126,2,0
3127,4,0
3128,4,0
3129,4,0
3130,-1,0
3131,2,0
3132,2,0
3133,4,0
3134,4,0
3135,-1,0
3136,-1,0
3137,-1,0
3138,-1,0
3139,-1,0
3140,-1,0
3141,4,0
3142,4,0
3143,4,0
3144,4,0
3145,4,0
3146,1,0
3147,-1,0
3148,4,0
3149,4,0
3150,4,0
3151,-1,0
3152,4,0
3153,4,0
3154,2,0
3155,2,0
3156,5,0
3157,4,0
3158,4,0
3159,4,0
3160,4,0
3161,4,0
3162,4,0
3163,-1,0
3164,-1,0
3165,4,0
3166,4,0
3167,4,0
3168,-1,0
3169,-1,0
3170,4,0
3171,4,0
3172,4,0
3173,-1,0
3174,-1,0
3175,4,0
3176,-1,0
3177,-1,0
3178,-1,0
3179,-1,0
3180,-1,0
3181,-1,0
3182,-1,0
3183,-1,0
3184,-1,0
3185,-1,0
3186,-1,0
3187,-1,0
3188,3,0
3189,-1,0
3190,-1,0
3191,-1,0
3192,4,0
3193,-1,0
3194,-1,0
3195,3,0
3196,-1,0
3197,-1,0
3198,-1,0
3199,-1,0
3200,5,0
3201,3,0
3202,3,0
3203,-1,0
3204,3,0
3205,3,0
3206,0,0
3207,0,0
3208,0,0
3209,0,0
3210,0,0
3211,0,0
3212,-1,0
3213,-1,0
3214,-1,0
3215,-1,0
3216,3,0
3217,3,0
3218,5,0
3219,5,0
3220,3,0
3221,-1,0
3222,5,0
3223,1,0
3224,1,0
3225,-1,0
3226,3,0
3227,-1,0
3228,4,0
3229,3,0
3230,3,0
3231,3,0
3232,3,0
3233,-1,0
3234,-1,0
3235,-1,0
3236,-1,0
3237,-1,0
3238,5,0
3239,-1,0
3240,1,0
3241,1,0
3242,1,0
3243,1,0
3244,1,0
3245,1,0
3246,1,0
3247,-1,0
3248,-1,0
3249,-1,0
3250,-1,0
3251,1,0
3252,1,0
3253,2,0
3254,2,0
3255,2,0
3256,2,0
3257,1,0
3258,1,0
3259,3,0
3260,2,0
3261,2,0
3262,2,0
3263,2,0
3264,2,0
3265,2,0
3266,2,0
3267,2,0
3268,2,0
3269,-1,0
3270,3,0
3271,3,0
3272,-1,0
3273,-1,0
3274,2,0
3275,-1,0
3276,-1,0
3277,-1,0
3278,1,0
3279,-1,0
3280,-1,0
3281,1,0
3282,1,0
3283,-1,0
3284,4,0
3285,1,0
3286,-1,0
3287,5,0
3288,5,0
3289,0,0
3290,0,0
3291,0,0
3292,0,0
3293,0,0
3294,5,0
3295,0,0
3296,0,0
3297,5,0
3298,5,0
3299,5,0
3300,1,0
3301,5,0
3302,5,0
3303,-1,0
3304,-1,0
3305,1,0
3306,1,0
3307,1,0
3308,1,0
3309,1,0
3310,-1,0
3311,-1,0
3312,5,0
3313,0,0
3314,0,0
3315,-1,0
3316,1,0
3317,3,0
3318,5,0
3319,5,0
3320,5,0
3321,-1,0
3322,3,0
3323,-1,0
3324,0,0
3325,-1,0
3326,-1,0
3327,4,0
3328,-1,0
3329,0,0
3330,0,0
3331,0,0
3332,0,0
3333,3,0
3334,3,0
3335,2,0
3336,-1,0
3337,-1,0
3338,0,0
3339,0,0
3340,0,0
3341,0,0
3342,0,0
3343,0,0
3344,0,0
3345,-1,0
3346,0,0
3347,0,0
3348,0,0
3349,0,0
3350,-1,0
3351,-1,0
3352,-1,0
3353,0,0
3354,0,0
3355,-1,0
3356,-1,0
3357,-1,0
3358,1,0
3359,-1,0
3360,-1,0
3361,-1,0
3362,1,0
3363,-1,0
3364,-1,0
3365,-1,0
3366,1,0
3367,4,0
3368,4,0
3369,4,0
3370,4,0
3371,2,0
3372,0,0
3373,0,0
3374,0,0
3375,0,0
3376,0,0
3377,0,0
3378,-1,0
3379,-1,0
3380,5,0
3381,2,0
3382,5,0
3383,2,0
3384,2,0
3385,5,0
3386,5,0
3387,2,0
3388,2,0
3389,-1,0
3390,2,0
3391,2,0
3392,-1,0
3393,-1,0
3394,-1,0
3395,-1,0
3396,-1,0
3397,-1,0
3398,-1,0
3399,-1,0
3400,-1,0
3401,-1,0
3402,-1,0
3403,-1,0
3404,-1,0
3405,-1,0
3406,2,0
3407,1,0
3408,1,0
3409,1,0
3410,1,0
3411,1,0
3412,1,0
3413,1,0
3414,1,0
3415,1,0
3416,-1,0
3417,-1,0
3418,-1,0
3419,-1,0
3420,-1,0
3421,-1,0
3422,-1,0
3423,3,0
3424,2,0
3425,2,0
3426,2,0
3427,-1,0
3428,-1,0
3429,3,0
3430,0,0
3431,0,0
3432,0,0
3433,0,0
3434,0,0
3435,2,0
3436,2,0
3437,2,0
3438,-1,0
3439,5,0
3440,5,0
3441,0,0
3442,0,0
3443,5,0
3444,5,0
3445,0,0
3446,0,0
3447,0,0
3448,-1,0
3449,4,0
3450,4,0
3451,-1,0
3452,2,0
3453,2,0
3454,2,0
3455,0,0
3456,0,0
3457,-1,0
3458,-1,0
3459,0,0
3460,5,0
3461,2,0
3462,2,0
3463,-1,0
3464,-1,0
3465,-1,0
3466,2,0
3467,4,0
3468,4,0
3469,4,0
3470,4,0
3471,0,0
3472,0,0
3473,0,0
3474,0,0
3475,0,0
3476,0,0
3477,0,0
3478,2,0
3479,2,0
3480,2,0
3481,2,0
3482,0,0
3483,0,0
3484,0,0
3485,0,0
3486,0,0
3487,4,0
3488,4,0
3489,0,0
3490,2,0
3491,3,0
3492,3,0
3493,0,0
3494,1,0
3495,0,0
3496,0,0
3497,0,0
3498,0,0
3499,0,0
3500,0,0
3501,0,0
3502,0,0
3503,0,0
3504,0,0
3505,0,0
3506,0,0
3507,0,0
3508,0,0
3509,0,0
3510,0,0
3511,0,0
3512,0,0
3513,0,0
3514,0,0
3515,0,0
3516,-1,0
3517,2,0
3518,0,0
3519,0,0
3520,0,0
3521,0,0
3522,0,0
3523,0,0
3524,0,0
3525,0,0
3526,2,0
3527,2,0
3528,2,0
3529,2,0
3530,0,0
3531,0,0
3532,0,0
3533,0,0
3534,0,0
3535,0,0
3536,0,0
3537,0,0
3538,-1,0
3539,-1,0
3540,0,0
3541,-1,0
3542,-1,0
3543,-1,0
3544,3,0
3545,-1,0
3546,-1,0
3547,-1,0
3548,-1,0
3549,2,0
3550,2,0
3551,3,0
3552,2,0
3553,2,0
3554,3,0
3555,-1,0
3556,-1,0
3557,-1,0
3558,3,0
3559,3,0
3560,3,0
3561,-1,0
3562,-1,0
3563,3,0
3564,3,0
3565,3,0
3566,3,0
3567,3,0
3568,-1,0
3569,-1,0
3570,-1,0
3571,3,0
3572,3,0
3573,-1,0
3574,-1,0
3575,-1,0
3576,-1,0
3577,-1,0
3578,-1,0
3579,-1,0
3580,-1,0
3581,-1,0
3582,-1,0
3583,-1,0
3584,-1,0
3585,1,0
3586,-1,0
3587,-1,0
3588,-1,0
3589,-1,0
3590,1,0
3591,5,0
3592,5,0
3593,-1,0
3594,-1,0
3595,-1,0
3596,-1,0
3597,-1,0
3598,0,0
3599,-1,0
3600,-1,0
3601,-1,0
3602,-1,0
3603,-1,0
3604,-1,0
3605,-1,0
3606,-1,0
3607,-1,0
3608,-1,0
3609,-1,0
3610,-1,0
3611,-1,0
3612,-1,0
3613,-1,0
3614,-1,0
3615,5,0
3616,5,0
3617,-1,0
3618,-1,0
3619,-1,0
3620,-1,0
3621,3,0
3622,3,0
3623,0,0
3624,0,0
3625,0,0
3626,2,0
3627,3,0
3628,0,0
3629,0,0
3630,5,0
3631,5,0
3632,0,0
3633,0,0
3634,0,0
3635,0,0
3636,3,0
3637,3,0
3638,3,0
3639,3,0
3640,3,0
3641,3,0
3642,3,0
3643,3,0
3644,-1,0
3645,4,0
3646,-1,0
3647,2,0
3648,2,0
3649,-1,0
3650,-1,0
3651,-1,0
3652,2,0
3653,2,0
3654,0,0
3655,1,0
3656,1,0
3657,1,0
3658,-1,0
3659,-1,0
3660,-1,0
3661,-1,0
3662,0,0
3663,5,0
3664,0,0
3665,0,0
3666,0,0
3667,-1,0
3668,4,0
3669,4,0
3670,-1,0
3671,0,0
3672,0,0
3673,0,0
3674,0,0
3675,0,0
3676,0,0
3677,0,0
3678,0,0
3679,0,0
3680,0,0
3681,2,0
3682,-1,0
3683,-1,0
3684,-1,0
3685,-1,0
3686,2,0
3687,2,0
3688,2,0
3689,-1,0
3690,2,0
3691,2,0
3692,2,0
3693,2,0
3694,-1,0
3695,-1,0
3696,0,0
3697,0,0
3698,0,0
3699,-1,0
3700,-1,0
3701,-1,0
3702,0,0
3703,0,0
3704,0,0
3705,0,0
3706,0,0
3707,0,0
3708,0,0
3709,0,0
3710,1,0
3711,1,0
3712,-1,0
3713,5,0
3714,5,0
3715,5,0
3716,0,0
3717,5,0
3718,5,0
3719,0,0
3720,0,0
3721,0,0
3722,3,0
3723,4,0
3724,4,0
3725,3,0
3726,3,0
3727,3,0
3728,3,0
3729,1,0
3730,3,0
3731,3,0
3732,3,0
3733,-1,0
3734,-1,0
3735,5,0
3736,3,0
3737,3,0
3738,-1,0
3739,-1,0
3740,3,0
3741,1,0
3742,1,0
3743,3,0
3744,3,0
3745,2,0
3746,-1,0
3747,1,0
3748,1,0
3749,2,0
3750,-1,0
3751,-1,0
3752,-1,0
3753,-1,0
3754,-1,0
3755,-1,0
3756,-1,0
3757,-1,0
3758,-1,0
3759,-1,0
3760,-1,0
3761,1,0
3762,1,0
3763,1,0
3764,1,0
3765,3,0
3766,3,0
3767,2,0
3768,1,0
3769,1,0
3770,1,0
3771,1,0
3772,1,0
3773,0,0
3774,1,0
3775,1,0
3776,1,0
3777,-1,0
3778,-1,0
3779,-1,0
3780,-1,0
3781,-1,0
3782,-1,0
3783,3,0
3784,1,0
3785,1,0
3786,3,0
3787,3,0
3788,3,0
3789,3,0
3790,3,0
3791,3,0
3792,-1,0
3793,1,0
3794,3,0
3795,3,0
3796,3,0
3797,-1,0
3798,-1,0
3799,-1,0
3800,2,0
3801,2,0
3802,2,0
3803,2,0
3804,-1,0
3805,-1,0
3806,1,0
3807,1,0
3808,1,0
3809,-1,0
3810,-1,0
3811,-1,0
3812,-1,0
3813,-1,0
3814,-1,0
3815,-1,0
3816,0,0
3817,2,0
3818,2,0
3819,2,0
3820,2,0
3821,-1,0
3822,-1,0
3823,-1,0
3824,2,0
3825,2,0
3826,-1,0
3827,-1,0
3828,-1,0
3829,-1,0
3830,-1,0
3831,-1,0
3832,2,0
3833,-1,0
3834,-1,0
3835,5,0
3836,2,0
3837,-1,0
3838,-1,0
3839,-1,0
3840,-1,0
3841,2,0
3842,2,0
3843,2,0
3844,-1,0
3845,-1,0
3846,2,0
3847,3,0
3848,3,0
3849,3,0
3850,3,0
3851,3,0
3852,3,0
3853,-1,0
3854,-1,0
3855,-1,0
3856,-1,0
3857,-1,0
3858,-1,0
3859,1,0
3860,1,0
3861,1,0
3862,1,0
3863,-1,0
3864,2,0
3865,-1,0
3866,-1,0
3867,-1,0
3868,-1,0
3869,-1,0
3870,-1,0
3871,-1,0
3872,-1,0
3873,-1,0
3874,2,0
3875,2,0
3876,-1,0
3877,2,0
3878,-1,0
3879,2,0
3880,0,0
3881,3,0
3882,3,0
3883,0,0
3884,0,0
3885,0,0
3886,0,0
3887,2,0
3888,-1,0
3889,-1,0
3890,-1,0
3891,-1,0
3892,-1,0
3893,-1,0
3894,4,0
3895,4,0
3896,4,0
3897,-1,0
3898,-1,0
3899,-1,0
3900,2,0
3901,2,0
3902,2,0
3903,1,0
3904,1,0
3905,1,0
3906,1,0
3907,4,0
3908,4,0
3909,2,0
3910,2,0
3911,2,0
3912,-1,0
3913,-1,0
3914,2,0
3915,5,0
3916,5,0
3917,2,0
3918,2,0
3919,-1,0
3920,-1,0
3921,2,0
3922,0,0
3923,0,0
3924,0,0
3925,0,0
3926,2,0
3927,2,0
3928,2,0
3929,2,0
3930,-1,0
3931,-1,0
3932,-1,0
3933,-1,0
3934,-1,0
3935,2,0
3936,2,0
3937,-1,0
3938,-1,0
3939,-1,0
3940,-1,0
3941,-1,0
3942,-1,0
3943,-1,0
3944,-1,0
3945,-1,0
3946,0,0
3947,0,0
3948,0,0
3949,0,0
3950,0,0
3951,0,0
3952,0,0
3953,0,0
3954,4,0
3955,4,0
3956,0,0
3957,0,0
3958,0,0
3959,0,0
3960,0,0
3961,0,0
3962,0,0
3963,0,0
3964,0,0
3965,0,0
3966,0,0
3967,5,0
3968,0,0
3969,0,0
3970,0,0
3971,0,0
3972,0,0
3973,2,0
3974,-1,0
3975,-1,0
3976,4,0
3977,4,0
3978,4,0
3979,2,0
3980,2,0
3981,-1,0
3982,-1,0
3983,4,0
3984,4,0
3985,4,0
3986,1,0
3987,1,0
3988,3,0
3989,-1,0
3990,-1,0
3991,-1,0
3992,-1,0
3993,-1,0
3994,-1,0
3995,-1,0
3996,-1,0
3997,-1,0
3998,-1,0
3999,-1,0
4000,-1,0
4001,5,0
4002,5,0
4003,5,0
4004,0,0
4005,0,0
4006,0,0
4007,-1,0
4008,-1,0
4009,-1,0
4010,-1,0
4011,-1,0
4012,2,0
4013,2,0
4014,2,0
4015,3,0
4016,3,0
4017,0,0
4018,0,0
4019,0,0
4020,0,0
4021,0,0
4022,2,0
4023,2,0
4024,-1,0
4025,-1,0
4026,-1,0
4027,-1,0
4028,-1,0
4029,-1,0
4030,-1,0
4031,-1,0
4032,2,0
4033,-1,0
4034,-1,0
4035,-1,0
4036,-1,0
4037,-1,0
4038,2,0
4039,2,0
4040,2,0
4041,2,0
4042,2,0
4043,4,0
4044,4,0
4045,4,0
4046,4,0
4047,4,0
4048,4,0
4049,4,0
4050,4,0
4051,5,0
4052,5,0
4053,5,0
4054,3,0
4055,3,0
4056,4,0
4057,2,0
4058,2,0
4059,2,0
4060,-1,0
4061,-1,0
4062,3,0
4063,3,0
4064,3,0
4065,3,0
4066,-1,0
4067,-1,0
4068,-1,0
4069,3,0
4070,3,0
4071,3,0
4072,3,0
4073,3,0
4074,2,0
4075,2,0
4076,2,0
4077,-1,0
4078,5,0
4079,5,0
4080,-1,0
4081,-1,0
4082,-1,0
4083,-1,0
4084,-1,0
4085,2,0
4086,2,0
4087,-1,0
4088,2,0
4089,3,0
4090,3,0
4091,3,0
4092,3,0
4093,-1,0
4094,-1,0
4095,-1,0
4096,-1,0
4097,2,0
4098,2,0
4099,2,0
4100,1,0
4101,2,0
4102,2,0
4103,2,0
4104,2,0
4105,-1,0
4106,1,0
4107,5,0
4108,5,0
4109,4,0
4110,4,0
4111,4,0
4112,-1,0
4113,3,0
4114,3,0
4115,1,0
4116,1,0
4117,4,0
4118,4,0
4119,-1,0
4120,-1,0
4121,-1,0
4122,-1,0
4123,4,0
4124,4,0
4125,4,0
4126,4,0
4127,4,0
4128,0,0
4129,0,0
4130,-1,0
4131,-1,0
4132,-1,0
4133,-1,0
4134,-1,0
4135,-1,0
4136,-1,0
4137,3,0
4138,3,0
4139,2,0
4140,3,0
4141,3,0
4142,3,0
4143,2,0
4144,3,0
4145,3,0
4146,-1,0
4147,-1,0
4148,-1,0
4149,-1,0
4150,-1,0
4151,-1,0
4152,-1,0
4153,-1,0
4154,-1,0
4155,-1,0
4156,-1,0
4157,-1,0
4158,-1,0
4159,-1,0
4160,-1,0
4161,1,0
4162,1,0
4163,5,0
4164,5,0
4165,-1,0
4166,-1,0
4167,-1,0
4168,2,0
4169,2,0
4170,-1,0
4171,2,0
4172,3,0
4173,3,0
4174,0,0
4175,0,0
4176,2,0
4177,2,0
4178,2,0
4179,4,0
4180,4,0
4181,3,0
4182,3,0
4183,3,0
4184,3,0
4185,3,0
4186,3,0
4187,3,0
4188,3,0
4189,3,0
4190,3,0
4191,3,0
4192,3,0
4193,3,0
4194,3,0
4195,3,0
4196,4,0
4197,4,0
4198,3,0
4199,3,0
4200,3,0
4201,3,0
4202,3,0
4203,3,0
4204,3,0
4205,3,0
4206,3,0
4207,3,0
4208,3,0
4209,4,0
4210,4,0
4211,4,0
4212,4,0
4213,4,0
4214,4,0
4215,4,0
4216,4,0
4217,4,0
4218,4,0
4219,4,0
4220,4,0
4221,4,0
4222,4,0
4223,4,0
4224,4,0
4225,0,0
4226,-1,0
4227,4,0
4228,3,0
4229,-1,0
4230,-1,0
4231,-1,0
4232,-1,0
4233,-1,0
4234,-1,0
4235,-1,0
4236,-1,0
4237,-1,0
4238,-1,0
4239,-1,0
4240,-1,0
4241,-1,0
4242,-1,0
4243,-1,0
4244,1,0
4245,-1,0
4246,1,0
4247,1,0
4248,3,0
4249,-1,0
4250,-1,0
4251,2,0
4252,2,0
4253,2,0
4254,0,0
4255,1,0
4256,1,0
4257,1,0
4258,1,0
4259,1,0
4260,1,0
4261,-1,0
4262,1,0
4263,1,0
4264,4,0
4265,4,0
4266,4,0
4267,1,0
4268,1,0
4269,1,0
4270,2,0
4271,2,0
4272,3,0
4273,2,0
4274,2,0
4275,2,0
4276,2,0
4277,2,0
4278,3,0
4279,5,0
4280,5,0
4281,2,0
4282,3,0
4283,-1,0
4284,-1,0
4285,-1,0
4286,2,0
4287,2,0
4288,1,0
4289,1,0
4290,1,0
4291,3,0
4292,3,0
4293,3,0
4294,3,0
4295,3,0
4296,3,0
4297,3,0
4298,3,0
4299,1,0
4300,1,0
4301,1,0
4302,2,0
4303,2,0
4304,2,0
4305,2,0
4306,2,0
4307,2,0
4308,2,0
4309,2,0
4310,2,0
4311,2,0
4312,2,0
4313,2,0
4314,2,0
4315,3,0
4316,5,0
4317,5,0
4318,-1,0
4319,-1,0
4320,-1,0
4321,3,0
4322,5,0
4323,5,0
4324,2,0
4325,2,0
4326,2,0
4327,2,0
4328,5,0
4329,5,0
4330,-1,0
4331,-1,0
4332,2,0
4333,2,0
4334,2,0
4335,2,0
4336,5,0
4337,3,0
4338,1,0
4339,2,0
4340,2,0
4341,2,0
4342,2,0
4343,2,0
4344,2,0
4345,2,0
4346,2,0
4347,-1,0
4348,-1,0
4349,3,0
4350,-1,0
4351,-1,0
4352,-1,0
4353,-1,0
4354,-1,0
4355,-1,0
4356,3,0
4357,1,0
4358,1,0
4359,1,0
4360,1,0
4361,1,0
4362,1,0
4363,1,0
4364,1,0
4365,2,0
4366,0,0
4367,0,0
4368,0,0
4369,0,0
4370,0,0
4371,0,0
4372,-1,0
4373,-1,0
4374,-1,0
4375,-1,0
4376,-1,0
4377,-1,0
4378,-1,0
4379,-1,0
4380,5,0
4381,5,0
4382,5,0
4383,5,0
4384,-1,0
4385,-1,0
4386,5,0
4387,5,0
4388,5,0
4389,5,0
4390,5,0
4391,5,0
4392,5,0
4393,4,0
4394,4,0
4395,5,0
4396,1,0
4397,1,0
4398,5,0
4399,5,0
4400,1,0
4401,1,0
4402,5,0
4403,5,0
4404,5,0
4405,1,0
4406,1,0
4407,1,0
4408,1,0
4409,1,0
4410,5,0
4411,1,0
4412,1,0
4413,1,0
4414,1,0
4415,1,0
4416,1,0
4417,1,0
4418,-1,0
4419,-1,0
4420,-1,0
4421,1,0
4422,1,0
4423,1,0
4424,1,0
4425,1,0
4426,-1,0
4427,1,0
4428,1,0
4429,1,0
4430,5,0
4431,5,0
4432,-1,0
4433,-1,0
4434,-1,0
4435,5,0
4436,5,0
4437,5,0
4438,3,0
4439,3,0
4440,5,0
4441,5,0
4442,5,0
4443,5,0
4444,-1,0
4445,-1,0
4446,-1,0
4447,5,0
4448,5,0
4449,5,0
4450,-1,0
4451,-1,0
4452,-1,0
4453,5,0
4454,-1,0
4455,-1,0
4456,-1,0
4457,-1,0
4458,-1,0
4459,-1,0
4460,5,0
4461,5,0
4462,-1,0
4463,-1,0
4464,5,0
4465,5,0
4466,-1,0
4467,-1,0
4468,5,0
4469,5,0
4470,3,0
4471,-1,0
4472,-1,0
4473,-1,0
4474,-1,0
4475,-1,0
4476,-1,0
4477,-1,0
4478,-1,0
4479,-1,0
4480,-1,0
4481,-1,0
4482,4,0
4483,4,0
4484,4,0
4485,4,0
4486,-1,0
4487,4,0
4488,4,0
4489,4,0
4490,4,0
4491,4,0
4492,4,0
4493,-1,0
4494,-1,0
4495,2,0
4496,2,0
4497,0,0
4498,0,0
4499,0,0
4500,0,0
4501,0,0
4502,0,0
4503,0,0
4504,4,0
4505,4,0
4506,5,0
4507,2,0
4508,5,0
4509,5,0
4510,-1,0
4511,-1,0
4512,3,0
4513,3,0
4514,3,0
4515,-1,0
4516,2,0
4517,5,0
4518,2,0
4519,2,0
4520,-1,0
4521,2,0
4522,2,0
4523,2,0
4524,2,0
4525,2,0
4526,2,0
4527,2,0
4528,2,0
4529,2,0
4530,2,0
4531,2,0
4532,2,0
4533,-1,0
4534,5,0
4535,5,0
4536,4,0
4537,4,0
4538,-1,0
4539,4,0
4540,4,0
4541,4,0
4542,1,0
4543,1,0
4544,1,0
4545,3,0
4546,3,0
4547,3,0
4548,3,0
4549,3,0
4550,1,0
4551,1,0
4552,3,0
4553,3,0
4554,3,0
4555,3,0
4556,-1,0
4557,-1,0
4558,-1,0
4559,1,0
4560,1,0
4561,1,0
4562,1,0
4563,1,0
4564,1,0
4565,3,0
4566,3,0
4567,5,0
4568,3,0
4569,3,0
4570,3,0
4571,3,0
4572,3,0
4573,3,0
4574,3,0
4575,3,0
4576,3,0
4577,3,0
4578,1,0
4579,5,0
4580,3,0
4581,3,0
4582,3,0
4583,3,0
4584,3,0
4585,3,0
4586,3,0
4587,3,0
4588,3,0
4589,3,0
4590,3,0
4591,3,0
4592,4,0
4593,4,0
4594,4,0
4595,4,0
4596,4,0
4597,4,0
4598,4,0
4599,4,0
4600,4,0
4601,4,0
4602,4,0
4603,4,0
4604,4,0
4605,4,0
4606,4,0
4607,4,0
4608,5,0
4609,1,0
4610,1,0
4611,1,0
4612,1,0
4613,0,0
4614,0,0
4615,4,0
4616,4,0
4617,4,0
4618,4,0
4619,4,0
4620,4,0
4621,4,0
4622,4,0
4623,4,0
4624,4,0
4625,4,0
4626,4,0
4627,4,0
4628,3,0
4629,2,0
4630,2,0
4631,-1,0
4632,-1,0
4633,-1,0
4634,-1,0
4635,2,0
4636,2,0
4637,-1,0
4638,-1,0
4639,-1,0
4640,-1,0
4641,3,0
4642,-1,0
4643,-1,0
4644,-1,0
4645,-1,0
4646,5,0
4647,5,0
4648,5,0
4649,5,0
4650,5,0
4651,5,0
4652,5,0
4653,5,0
4654,5,0
4655,5,0
4656,5,0
4657,5,0
4658,5,0
4659,5,0
4660,4,0
4661,4,0
4662,4,0
4663,4,0
4664,1,0
4665,3,0
4666,3,0
4667,-1,0
4668,-1,0
4669,-1,0
4670,-1,0
4671,-1,0
4672,-1,0
4673,-1,0
4674,-1,0
4675,-1,0
4676,-1,0
4677,-1,0
4678,-1,0
4679,-1,0
4680,-1,0
4681,3,0
4682,3,0
4683,-1,0
4684,-1,0
4685,3,0
4686,3,0
4687,-1,0
4688,-1,0
4689,-1,0
4690,-1,0
4691,-1,0
4692,-1,0
4693,-1,0
4694,-1,0
4695,-1,0
4696,-1,0
4697,-1,0
4698,-1,0
4699,-1,0
4700,-1,0
4701,-1,0
4702,-1,0
4703,5,0
4704,5,0
4705,5,0
4706,5,0
4707,5,0
4708,5,0
4709,5,0
4710,5,0
4711,-1,0
4712,-1,0
4713,3,0
4714,3,0
4715,3,0
4716,3,0
4717,3,0
4718,3,0
4719,3,0
4720,3,0
4721,4,0
4722,4,0
4723,3,0
4724,3,0
4725,5,0
4726,5,0
4727,5,0
4728,-1,0
4729,-1,0
4730,5,0
4731,5,0
4732,5,0
4733,5,0
4734,-1,0
4735,3,0
4736,3,0
4737,3,0
4738,-1,0
4739,-1,0
4740,-1,0
4741,3,0
4742,3,0
4743,1,0
4744,1,0
4745,1,0
4746,1,0
4747,1,0
4748,-1,0
4749,-1,0
4750,1,0
4751,1,0
4752,-1,0
4753,-1,0
4754,-1,0
4755,-1,0
4756,-1,0
4757,-1,0
4758,-1,0
4759,-1,0
4760,5,0
4761,-1,0
4762,-1,0
4763,-1,0
4764,-1,0
4765,-1,0
4766,-1,0
4767,-1,0
4768,-1,0
4769,-1,0
4770,-1,0
4771,-1,0
4772,-1,0
4773,-1,0
4774,-1,0
4775,-1,0
4776,-1,0
4777,-1,0
4778,-1,0
4779,-1,0
4780,-1,0
4781,-1,0
4782,-1,0
4783,-1,0
4784,-1,0
4785,-1,0
4786,-1,0
4787,-1,0
4788,-1,0
4789,-1,0
4790,-1,0
4791,4,0
4792,4,0
4793,-1,0
4794,-1,0
4795,-1,0
4796,-1,0
4797,3,0
4798,3,0
4799,3,0
4800,5,0
4801,5,0
4802,0,0
4803,5,0
4804,5,0
4805,5,0
4806,5,0
4807,5,0
4808,5,0
4809,5,0
4810,-1,0
4811,2,0
4812,-1,0
4813,-1,0
4814,-1,0
4815,-1,0
4816,-1,0
4817,0,0
4818,0,0
4819,-1,0
4820,-1,0
4821,5,0
4822,5,0
4823,3,0
4824,3,0
4825,3,0
4826,3,0
4827,3,0
4828,3,0
4829,3,0
4830,-1,0
4831,-1,0
4832,-1,0
4833,-1,0
4834,-1,0
4835,-1,0
4836,-1,0
4837,-1,0
4838,-1,0
4839,-1,0
4840,-1,0
4841,3,0
4842,3,0
4843,-1,0
4844,3,0
4845,3,0
4846,3,0
4847,5,0
4848,3,0
4849,3,0
4850,3,0
4851,5,0
4852,5,0
4853,5,0
4854,5,0
4855,5,0
4856,5,0
4857,5,0
4858,5,0
4859,5,0
4860,5,0
4861,5,0
4862,5,0
4863,5,0
4864,5,0
4865,5,0
4866,5,0
4867,5,0
4868,5,0
4869,5,0
4870,5,0
4871,5,0
4872,5,0
4873,5,0
4874,5,0
4875,5,0
4876,5,0
4877,5,0
4878,5,0
4879,5,0
4880,5,0
4881,5,0
4882,5,0
4883,5,0
4884,5,0
4885,5,0
4886,5,0
4887,5,0
4888,5,0
4889,5,0
4890,5,0
4891,5,0
4892,5,0
4893,5,0
4894,5,0
4895,5,0
4896,5,0
4897,5,0
4898,5,0
4899,5,0
4900,5,0
4901,5,0
4902,5,0
4903,5,0
4904,5,0
4905,5,0
4906,5,0
4907,0,0
4908,0,0
4909,0,0
4910,-1,0
4911,-1,0
4912,0,0
4913,3,0
4914,-1,0
4915,-1,0
4916,-1,0
4917,-1,0
4918,-1,0
4919,0,0
4920,0,0
4921,0,0
4922,1,0
4923,1,0
4924,-1,0
4925,-1,0
4926,-1,0
4927,-1,0
4928,-1,0
4929,-1,0
4930,1,0
4931,1,0
4932,1,0
4933,1,0
4934,1,0
4935,3,0
4936,3,0
4937,3,0
4938,-1,0
4939,3,0
4940,3,0
4941,3,0
4942,-1,0
4943,-1,0
4944,-1,0
4945,5,0
4946,5,0
4947,5,0
4948,3,0
4949,3,0
4950,3,0
4951,3,0
4952,-1,0
4953,5,0
4954,5,0
4955,5,0
4956,5,0
4957,5,0
4958,5,0
4959,5,0
4960,4,0
4961,4,0
4962,4,0
4963,4,0
4964,4,0
4965,4,0
4966,4,0
4967,4,0
4968,4,0
4969,4,0
4970,4,0
4971,3,0
4972,3,0
4973,3,0
4974,3,0
4975,3,0
4976,4,0
4977,4,0
4978,4,0
4979,3,0
4980,3,0
4981,3,0
4982,3,0
4983,3,0
4984,3,0
4985,3,0
4986,3,0
4987,3,0
4988,3,0
4989,3,0
4990,3,0
4991,3,0
4992,3,0
4993,2,0
4994,3,0
4995,-1,0
4996,3,0
4997,3,0
4998,3,0
4999,3,0
5000,3,0
5001,3,0
5002,3,0
5003,-1,0
5004,4,0
5005,4,0
5006,4,0
5007,-1,0
5008,-1,0
5009,-1,0
5010,-1,0
5011,-1,0
5012,-1,0
5013,5,0
5014,5,0
5015,5,0
5016,5,0
5017,5,0
5018,5,0
5019,5,0
5020,-1,0
5021,2,0
5022,-1,0
5023,-1,0
5024,-1,0
5025,-1,0
5026,-1,0
5027,-1,0
5028,1,0
5029,1,0
5030,-1,0
5031,-1,0
5032,1,0
5033,1,0
5034,-1,0
5035,-1,0
5036,-1,0
5037,-1,0
5038,-1,0
5039,-1,0
5040,-1,0
5041,-1,0
5042,1,0
5043,1,0
5044,1,0
5045,1,0
5046,3,0
5047,3,0
5048,3,0
5049,3,0
5050,2,0
5051,2,0
5052,2,0
5053,2,0
5054,2,0
5055,2,0
5056,2,0
5057,3,0
5058,3,0
5059,3,0
5060,3,0
5061,3,0
5062,3,0
5063,3,0
5064,3,0
5065,3,0
5066,3,0
5067,-1,0
5068,-1,0
5069,-1,0
5070,-1,0
5071,4,0
5072,3,0
5073,3,0
5074,3,0
5075,4,0
5076,4,0
5077,4,0
5078,4,0
5079,4,0
5080,4,0
5081,4,0
5082,4,0
5083,-1,0
5084,-1,0
5085,-1,0
5086,4,0
5087,4,0
5088,4,0
5089,4,0
5090,4,0
5091,4,0
5092,3,0
5093,3,0
5094,-1,0
5095,-1,0
5096,-1,0
5097,-1,0
5098,-1,0
5099,2,0
5100,2,0
5101,2,0
5102,2,0
5103,-1,0
5104,2,0
5105,2,0
5106,2,0
5107,5,0
5108,5,0
5109,4,0
5110,4,0
5111,4,0
5112,4,0
5113,1,0
5114,1,0
5115,-1,0
5116,-1,0
5117,-1,0
5118,-1,0
5119,-1,0
5120,-1,0
5121,-1,0
5122,-1,0
5123,-1,0
5124,-1,0
5125,-1,0
5126,-1,0
5127,-1,0
5128,-1,0
5129,-1,0
5130,-1,0
5131,-1,0
5132,-1,0
5133,-1,0
5134,-1,0
5135,-1,0
5136,-1,0
5137,-1,0
5138,-1,0
5139,-1,0
5140,-1,0
5141,-1,0
5142,-1,0
5143,-1,0
5144,-1,0
5145,-1,0
5146,-1,0
5147,-1,0
5148,-1,0
5149,-1,0
5150,-1,0
5151,-1,0
5152,-1,0
5153,-1,0
5154,-1,0
5155,-1,0
5156,-1,0
5157,-1,0
5158,-1,0
5159,-1,0
5160,-1,0
5161,-1,0
5162,-1,0
5163,-1,0
5164,-1,0
5165,-1,0
5166,-1,0
5167,-1,0
5168,-1,0
5169,-1,0
5170,-1,0
5171,-1,0
5172,-1,0
5173,-1,0
5174,-1,0
5175,-1,0
5176,-1,0
5177,-1,0
5178,-1,0
5179,-1,0
5180,-1,0
5181,0,0
5182,0,0
5183,0,0
5184,0,0
5185,0,0
5186,0,0
5187,0,0
5188,0,0
5189,0,0
5190,0,0
5191,0,0
5192,-1,0
5193,-1,0
5194,-1,0
5195,-1,0
5196,-1,0
5197,-1,0
5198,-1,0
5199,-1,0
5200,-1,0
5201,-1,0
5202,-1,0
5203,-1,0
5204,-1,0
5205,-1,0
5206,-1,0
5207,-1,0
5208,-1,0
5209,-1,0
5210,-1,0
5211,-1,0
5212,-1,0
5213,-1,0
5214,-1,0
5215,-1,0
5216,-1,0
5217,-1,0
5218,-1,0
5219,4,0
5220,4,0
5221,4,0
5222,4,0
5223,5,0
5224,5,0
5225,5,0
5226,5,0
5227,5,0
5228,5,0
5229,5,0
5230,5,0
5231,5,0
5232,5,0
5233,5,0
5234,5,0
5235,-1,0
5236,-1,0
5237,2,0
5238,2,0
5239,2,0
5240,2,0
5241,2,0
5242,2,0
5243,2,0
5244,2,0
5245,2,0
5246,2,0
5247,2,0
5248,3,0
5249,3,0
5250,3,0
5251,3,0
5252,3,0
5253,3,0
5254,1,0
5255,1,0
5256,1,0
5257,1,0
5258,1,0
5259,1,0
5260,1,0
5261,1,0
5262,1,0
5263,-1,0
5264,-1,0
5265,-1,0
5266,-1,0
5267,-1,0
5268,-1,0
5269,-1,0
5270,1,0
5271,1,0
5272,-1,0
5273,-1,0
5274,3,0
5275,3,0
5276,3,0
5277,3,0
5278,3,0
5279,3,0
5280,3,0
5281,3,0
5282,3,0
5283,1,0
5284,1,0
5285,1,0
5286,1,0
5287,1,0
5288,1,0
5289,1,0
5290,1,0
5291,3,0
5292,3,0
5293,3,0
5294,3,0
5295,3,0
5296,3,0
5297,3,0
5298,3,0
5299,3,0
5300,-1,0
5301,-1,0
5302,-1,0
5303,-1,0
5304,-1,0
5305,-1,0
5306,-1,0
5307,-1,0
5308,-1,0
5309,-1,0
5310,-1,0
5311,-1,0
5312,-1,0
5313,-1,0
5314,-1,0
5315,-1,0
5316,-1,0
5317,-1,0
5318,3,0
5319,1,0
5320,3,0
5321,3,0
5322,3,0
5323,3,0
5324,3,0
5325,3,0
5326,3,0
5327,3,0
5328,3,0
5329,1,0
5330,1,0
5331,1,0
5332,1,0
5333,1,0
5334,4,0
5335,4,0
5336,4,0
5337,4,0
5338,2,0
5339,-1,0
5340,-1,0
5341,-1,0
5342,-1,0
5343,1,0
5344,-1,0
5345,-1,0
5346,5,0
5347,5,0
5348,5,0
5349,5,0
5350,5,0
5351,0,0
5352,0,0
5353,0,0
5354,0,0
5355,0,0
5356,0,0
5357,0,0
5358,0,0
5359,0,0
5360,0,0
5361,0,0
5362,0,0
5363,0,0
5364,0,0
5365,1,0
5366,1,0
5367,1,0
5368,1,0
5369,5,0
5370,5,0
5371,5,0
5372,5,0
5373,1,0
5374,2,0
5375,-1,0
5376,-1,0
5377,-1,0
5378,2,0
5379,2,0
5380,2,0
5381,2,0
5382,2,0
5383,-1,0
5384,-1,0
5385,-1,0
5386,-1,0
5387,-1,0
5388,-1,0
5389,2,0
5390,2,0
5391,2,0
5392,-1,0
5393,-1,0
5394,2,0
5395,2,0
5396,2,0
5397,2,0
5398,2,0
5399,2,0
5400,2,0
5401,2,0
5402,2,0
5403,2,0
5404,2,0
5405,-1,0
5406,-1,0
5407,-1,0
5408,-1,0
5409,-1,0
5410,-1,0
5411,-1,0
5412,-1,0
5413,4,0
5414,2,0
5415,-1,0
5416,-1,0
5417,2,0
5418,2,0
5419,-1,0
5420,-1,0
5421,2,0
5422,2,0
5423,2,0
5424,2,0
5425,3,0
5426,3,0
5427,2,0
5428,2,0
5429,-1,0
5430,-1,0
5431,-1,0
5432,-1,0
5433,-1,0
5434,-1,0
5435,-1,0
5436,-1,0
5437,-1,0
5438,-1,0
5439,-1,0
5440,-1,0
5441,4,0
5442,3,0
5443,3,0
5444,4,0
5445,-1,0
5446,1,0
5447,2,0
5448,2,0
5449,3,0
5450,0,0
5451,0,0
5452,0,0
5453,0,0
5454,0,0
5455,-1,0
5456,-1,0
5457,-1,0
5458,-1,0
5459,-1,0
5460,-1,0
5461,-1,0
5462,-1,0
5463,-1,0
5464,4,0
5465,4,0
5466,4,0
5467,4,0
5468,4,0
5469,4,0
5470,-1,0
5471,-1,0
5472,-1,0
5473,-1,0
5474,-1,0
5475,-1,0
5476,-1,0
5477,-1,0
5478,-1,0
5479,1,0
5480,1,0
5481,1,0
5482,1,0
5483,1,0
5484,1,0
5485,1,0
5486,1,0
5487,1,0
5488,1,0
5489,-1,0
5490,-1,0
5491,-1,0
5492,-1,0
5493,-1,0
5494,1,0
5495,1,0
5496,1,0
5497,1,0
5498,1,0
5499,1,0
5500,1,0
5501,1,0
5502,1,0
5503,1,0
5504,1,0
5505,1,0
5506,1,0
5507,1,0
5508,1,0
5509,1,0
5510,1,0
5511,1,0
5512,1,0
5513,1,0
5514,1,0
5515,1,0
5516,1,0
5517,1,0
5518,1,0
5519,1,0
5520,1,0
5521,1,0
5522,1,0
5523,1,0
5524,1,0
5525,1,0
5526,1,0
5527,1,0
5528,1,0
5529,1,0
5530,1,0
5531,1,0
5532,1,0
5533,1,0
5534,1,0
5535,1,0
5536,1,0
5537,1,0
5538,1,0
5539,1,0
5540,1,0
5541,1,0
5542,-1,0
5543,1,0
5544,1,0
5545,1,0
5546,1,0
5547,1,0
5548,1,0
5549,1,0
5550,1,0
5551,1,0
5552,1,0
5553,1,0
5554,1,0
5555,1,0
5556,1,0
5557,1,0
5558,1,0
5559,1,0
5560,1,0
5561,1,0
5562,1,0
5563,1,0
5564,1,0
5565,1,0
5566,1,0
5567,1,0
5568,1,0
5569,1,0
5570,1,0
5571,1,0
5572,1,0
5573,1,0
5574,1,0
5575,1,0
5576,1,0
5577,1,0
5578,1,0
5579,1,0
5580,1,0
5581,1,0
5582,1,0
5583,1,0
5584,1,0
5585,1,0
5586,1,0
5587,1,0
5588,1,0
5589,1,0
5590,1,0
5591,1,0
5592,1,0
5593,1,0
5594,1,0
5595,1,0
5596,1,0
5597,1,0
5598,1,0
5599,1,0
5600,1,0
5601,1,0
5602,1,0
5603,1,0
5604,1,0
5605,1,0
5606,1,0
5607,1,0
5608,-1,0
5609,-1,0
5610,-1,0
5611,-1,0
5612,-1,0
5613,-1,0
5614,-1,0
5615,-1,0
5616,-1,0
5617,-1,0
5618,-1,0
5619,-1,0
5620,-1,0
5621,-1,0
5622,-1,0
5623,-1,0
5624,-1,0
5625,-1,0
5626,-1,0
5627,-1,0
5628,-1,0
5629,3,0
5630,3,0
5631,3,0
5632,3,0
5633,2,0
5634,-1,0
5635,-1,0
5636,-1,0
5637,-1,0
5638,-1,0
5639,-1,0
5640,-1,0
5641,-1,0
5642,-1,0
5643,-1,0
5644,-1,0
5645,-1,0
5646,-1,0
5647,-1,0
5648,3,0
5649,3,0
5650,3,0
5651,3,0
5652,3,0
5653,3,0
5654,3,0
5655,3,0
5656,3,0
5657,3,0
5658,3,0
5659,3,0
5660,3,0
5661,3,0
5662,0,0
5663,0,0
5664,0,0
5665,0,0
5666,1,0
5667,1,0
5668,0,0
5669,0,0
5670,0,0
5671,0,0
5672,0,0
5673,0,0
5674,0,0
5675,0,0
5676,0,0
5677,0,0
5678,1,0
5679,1,0
5680,0,0
5681,1,0
5682,-1,0
5683,-1,0
5684,-1,0
5685,1,0
5686,1,0
5687,1,0
5688,1,0
5689,1,0
5690,1,0
5691,1,0
5692,-1,0
5693,-1,0
5694,1,0
5695,1,0
5696,1,0
5697,1,0
5698,1,0
5699,1,0
5700,0,0
5701,0,0
5702,0,0
5703,0,0
5704,3,0
5705,5,0
5706,5,0
5707,5,0
5708,0,0
5709,0,0
5710,0,0
5711,0,0
5712,-1,0
5713,-1,0
5714,-1,0
5715,-1,0
5716,-1,0
5717,-1,0
5718,-1,0
5719,-1,0
5720,-1,0
5721,-1,0
5722,-1,0
5723,-1,0
5724,-1,0
5725,-1,0
5726,-1,0
5727,-1,0
5728,-1,0
5729,-1,0
5730,-1,0
5731,0,0
5732,0,0
5733,0,0
5734,0,0
5735,0,0
5736,0,0
5737,-1,0
5738,-1,0
5739,-1,0
5740,-1,0
5741,-1,0
5742,-1,0
5743,0,0
5744,0,0
5745,2,0
5746,2,0
5747,-1,0
5748,-1,0
5749,-1,0
5750,-1,0
5751,-1,0
5752,-1,0
5753,-1,0
5754,-1,0
5755,-1,0
5756,-1,0
5757,-1,0
5758,3,0
5759,3,0
5760,3,0
5761,3,0
5762,3,0
5763,3,0
5764,3,0
5765,5,0
5766,3,0
5767,3,0
5768,3,0
5769,3,0
5770,3,0
5771,3,0
5772,3,0
5773,3,0
5774,3,0
5775,3,0
5776,-1,0
5777,-1,0
5778,-1,0
5779,-1,0
5780,-1,0
5781,-1,0
5782,-1,0
5783,-1,0
5784,-1,0
5785,-1,0
5786,-1,0
5787,-1,0
5788,-1,0
5789,-1,0
5790,-1,0
5791,-1,0
5792,-1,0
5793,3,0
5794,3,0
5795,3,0
5796,-1,0
5797,-1,0
5798,-1,0
5799,-1,0
5800,-1,0
5801,-1,0
5802,-1,0
5803,-1,0
5804,-1,0
5805,-1,0
5806,-1,0
5807,-1,0
5808,-1,0
5809,5,0
5810,5,0
5811,5,0
5812,1,0
5813,1,0
5814,1,0
5815,1,0
5816,1,0
5817,1,0
5818,1,0
5819,5,0
5820,5,0
5821,5,0
5822,5,0
5823,0,0
5824,0,0
5825,3,0
5826,3,0
5827,3,0
5828,0,0
5829,0,0
5830,0,0
5831,0,0
5832,0,0
5833,0,0
5834,1,0
5835,1,0
5836,1,0
5837,0,0
5838,0,0
5839,0,0
5840,5,0
5841,5,0
5842,5,0
5843,-1,0
5844,-1,0
5845,-1,0
5846,-1,0
5847,-1,0
5848,-1,0
5849,-1,0
5850,-1,0
5851,-1,0
5852,0,0
5853,-1,0
5854,-1,0
5855,4,0
5856,-1,0
5857,-1,0
5858,3,0
5859,3,0
5860,3,0
5861,3,0
5862,3,0
5863,3,0
5864,3,0
5865,3,0
5866,3,0
5867,3,0
5868,3,0
5869,3,0
5870,3,0
5871,3,0
5872,3,0
5873,3,0
5874,3,0
5875,3,0
5876,3,0
5877,3,0
5878,3,0
5879,3,0
5880,3,0
5881,3,0
5882,3,0
5883,3,0
5884,3,0
5885,0,0
5886,0,0
5887,0,0
5888,0,0
5889,0,0
5890,0,0
5891,0,0
5892,-1,0
5893,0,0
5894,0,0
5895,0,0
5896,0,0
5897,0,0
5898,0,0
5899,0,0
5900,0,0
5901,0,0
5902,5,0
5903,5,0
5904,5,0
5905,5,0
5906,5,0
5907,4,0
5908,4,0
5909,4,0
5910,4,0
5911,4,0
5912,4,0
5913,4,0
5914,4,0
5915,4,0
5916,4,0
5917,4,0
5918,4,0
5919,4,0
5920,4,0
5921,4,0
5922,4,0
5923,4,0
5924,4,0
5925,4,0
5926,4,0
5927,4,0
5928,4,0
5929,4,0
5930,4,0
5931,4,0
5932,4,0
5933,4,0
5934,4,0
5935,4,0
5936,4,0
5937,5,0
5938,5,0
5939,3,0
5940,3,0
5941,3,0
5942,3,0
5943,3,0
5944,3,0
5945,3,0
5946,3,0
5947,3,0
5948,3,0
5949,3,0
5950,3,0
5951,3,0
5952,5,0
5953,5,0
5954,3,0
5955,3,0
5956,3,0
5957,3,0
5958,3,0
5959,3,0
5960,3,0
5961,3,0
5962,3,0
5963,3,0
5964,3,0
5965,3,0
5966,3,0
5967,3,0
5968,-1,0
5969,3,0
5970,3,0
5971,3,0
5972,3,0
5973,3,0
5974,-1,0
5975,-1,0
5976,3,0
5977,3,0
5978,3,0
5979,3,0
5980,3,0
5981,3,0
5982,5,0
5983,5,0
5984,5,0
5985,5,0
5986,5,0
5987,5,0
5988,5,0
5989,5,0
5990,5,0
5991,0,0
5992,0,0
5993,-1,0
5994,-1,0
5995,-1,0
5996,-1,0
5997,-1,0
5998,-1,0
5999,-1,0
6000,-1,0
6001,-1,0
6002,-1,0
6003,-1,0
6004,5,0
6005,5,0
6006,5,0
6007,-1,0
6008,5,0
6009,0,0
6010,0,0
6011,0,0
6012,0,0
6013,0,0
6014,5,0
6015,5,0
6016,5,0
6017,-1,0
6018,-1,0
6019,-1,0
6020,-1,0
6021,-1,0
6022,0,0
6023,0,0
6024,0,0
6025,0,0
6026,0,0
6027,0,0
6028,2,0
6029,2,0
6030,2,0
6031,2,0
6032,2,0
6033,2,0
6034,2,0
6035,2,0
6036,0,0
6037,0,0
6038,0,0
6039,0,0
6040,0,0
6041,0,0
6042,0,0
6043,0,0
6044,0,0
6045,0,0
6046,0,0
6047,0,0
6048,5,0
6049,0,0
6050,0,0
6051,-1,0
6052,-1,0
6053,-1,0
6054,2,0
6055,2,0
6056,2,0
6057,2,0
6058,2,0
6059,2,0
6060,2,0
6061,2,0
6062,2,0
6063,2,0
6064,2,0
6065,2,0
6066,0,0
6067,0,0
6068,0,0
6069,0,0
6070,0,0
6071,0,0
6072,0,0
6073,0,0
6074,0,0
6075,0,0
6076,0,0
6077,0,0
6078,0,0
6079,0,0
6080,0,0
6081,0,0
6082,0,0
6083,-1,0
6084,-1,0
6085,-1,0
6086,-1,0
6087,-1,0
6088,-1,0
6089,-1,0
6090,-1,0
6091,-1,0
6092,2,0
6093,2,0
6094,2,0
6095,2,0
6096,-1,0
6097,-1,0
6098,-1,0
6099,-1,0
6100,-1,0
6101,-1,0
6102,-1,0
6103,-1,0
6104,-1,0
6105,-1,0
6106,-1,0
6107,-1,0
6108,-1,0
6109,1,0
6110,1,0
6111,1,0
6112,1,0
6113,1,0
6114,1,0
6115,1,0
6116,1,0
6117,1,0
6118,1,0
6119,1,0
6120,1,0
6121,1,0
6122,1,0
6123,1,0
6124,1,0
6125,1,0
6126,1,0
6127,1,0
6128,1,0
6129,1,0
6130,1,0
6131,1,0
6132,1,0
6133,1,0
6134,1,0
6135,1,0
6136,1,0
6137,1,0
6138,1,0
6139,1,0
6140,1,0
6141,1,0
6142,1,0
6143,1,0
6144,1,0
6145,1,0
6146,1,0
6147,1,0
6148,1,0
6149,1,0
6150,1,0
6151,1,0
6152,1,0
6153,1,0
6154,1,0
6155,1,0
6156,1,0
6157,-1,0
6158,-1,0
6159,-1,0
6160,-1,0
6161,-1,0
6162,-1,0
6163,-1,0
6164,-1,0
6165,-1,0
6166,-1,0
6167,-1,0
6168,-1,0
6169,1,0
6170,1,0
6171,1,0
6172,1,0
6173,1,0
6174,1,0
6175,1,0
6176,1,0
6177,1,0
6178,1,0
6179,1,0
6180,1,0
6181,5,0
6182,5,0
6183,5,0
6184,5,0
6185,1,0
6186,1,0
6187,1,0
6188,1,0
6189,1,0
6190,2,0
6191,-1,0
6192,-1,0
6193,-1,0
6194,-1,0
6195,-1,0
6196,-1,0
6197,-1,0
6198,-1,0
6199,-1,0
6200,-1,0
6201,2,0
6202,2,0
6203,-1,0
6204,-1,0
6205,-1,0
6206,-1,0
6207,-1,0
6208,-1,0
6209,-1,0
6210,-1,0
6211,-1,0
6212,-1,0
6213,-1,0
6214,-1,0
6215,-1,0
6216,-1,0
6217,-1,0
6218,-1,0
6219,-1,0
6220,3,0
6221,5,0
6222,3,0
6223,3,0
6224,3,0
6225,3,0
6226,5,0
6227,5,0
6228,5,0
6229,5,0
6230,-1,0
6231,-1,0
6232,-1,0
6233,-1,0
6234,-1,0
6235,-1,0
6236,1,0
6237,1,0
6238,3,0
6239,3,0
6240,3,0
6241,3,0
6242,3,0
6243,3,0
6244,3,0
6245,3,0
6246,3,0
6247,3,0
6248,3,0
6249,3,0
6250,3,0
6251,3,0
6252,3,0
6253,-1,0
6254,-1,0
6255,1,0
6256,1,0
6257,1,0
6258,1,0
6259,1,0
6260,1,0
6261,1,0
6262,5,0
6263,5,0
6264,5,0
6265,5,0
6266,5,0
6267,5,0
6268,5,0
6269,5,0
6270,5,0
6271,5,0
6272,5,0
6273,-1,0
6274,-1,0
6275,-1,0
6276,-1,0
6277,-1,0
6278,-1,0
6279,-1,0
6280,-1,0
6281,2,0
6282,-1,0
6283,-1,0
6284,-1,0
6285,-1,0
6286,-1,0
6287,-1,0
6288,-1,0
6289,-1,0
6290,-1,0
6291,-1,0
6292,-1,0
6293,-1,0
6294,-1,0
6295,2,0
6296,2,0
6297,2,0
6298,2,0
6299,2,0
6300,2,0
6301,2,0
6302,2,0
6303,2,0
6304,2,0
6305,2,0
6306,1,0
6307,1,0
6308,1,0
6309,1,0
6310,1,0
6311,1,0
6312,1,0
6313,1,0
6314,3,0
6315,3,0
6316,3,0
6317,3,0
6318,1,0
6319,1,0
6320,2,0
6321,2,0
6322,2,0
6323,-1,0
6324,-1,0
6325,-1,0
6326,-1,0
6327,-1,0
6328,-1,0
6329,-1,0
6330,-1,0
6331,-1,0
6332,1,0
6333,1,0
6334,1,0
6335,1,0
6336,1,0
6337,1,0
6338,1,0
6339,1,0
6340,1,0
6341,1,0
6342,1,0
6343,1,0
6344,1,0
6345,1,0
6346,1,0
6347,1,0
6348,1,0
6349,1,0
6350,1,0
6351,1,0
6352,1,0
6353,1,0
6354,1,0
6355,1,0
6356,1,0
6357,1,0
6358,1,0
6359,1,0
6360,1,0
6361,1,0
6362,1,0
6363,-1,0
6364,-1,0
6365,-1,0
6366,-1,0
6367,-1,0
6368,-1,0
6369,-1,0
6370,-1,0
6371,-1,0
6372,-1,0
6373,-1,0
6374,-1,0
6375,-1,0
6376,1,0
6377,1,0
6378,1,0
6379,1,0
6380,2,0
6381,1,0
6382,1,0
6383,1,0
6384,2,0
6385,2,0
6386,2,0
6387,1,0
6388,1,0
6389,1,0
6390,1,0
6391,1,0
6392,1,0
6393,1,0
6394,1,0
6395,1,0
6396,1,0
6397,1,0
6398,1,0
6399,1,0
6400,1,0
6401,1,0
6402,1,0
6403,1,0
6404,5,0
6405,5,0
6406,5,0
6407,5,0
6408,5,0
6409,5,0
6410,5,0
6411,5,0
6412,5,0
6413,5,0
6414,1,0
6415,1,0
6416,1,0
6417,0,0
6418,0,0
6419,0,0
6420,-1,0
6421,-1,0
6422,-1,0
6423,-1,0
6424,-1,0
6425,-1,0
6426,-1,0
6427,-1,0
6428,-1,0
6429,-1,0
6430,0,0
6431,0,0
6432,0,0
6433,0,0
6434,0,0
6435,0,0
6436,0,0
6437,0,0
6438,-1,0
6439,-1,0
6440,-1,0
6441,0,0
6442,0,0
6443,0,0
6444,0,0
6445,2,0
6446,2,0
6447,2,0
6448,2,0
6449,2,0
6450,2,0
6451,0,0
6452,0,0
6453,0,0
6454,-1,0
6455,-1,0
6456,-1,0
6457,-1,0
6458,-1,0
6459,-1,0
6460,-1,0
6461,-1,0
6462,-1,0
6463,-1,0
6464,-1,0
6465,-1,0
6466,-1,0
6467,-1,0
6468,-1,0
6469,0,0
6470,0,0
6471,0,0
6472,0,0
6473,0,0
6474,0,0
6475,-1,0
6476,-1,0
6477,-1,0
6478,-1,0
6479,2,0
6480,2,0
6481,-1,0
6482,-1,0
6483,-1,0
6484,-1,0
6485,-1,0
6486,-1,0
6487,-1,0
6488,-1,0
6489,-1,0
6490,0,0
6491,0,0
6492,0,0
6493,0,0
6494,0,0
6495,0,0
6496,0,0
6497,0,0
6498,0,0
6499,2,0
6500,2,0
6501,2,0
6502,-1,0
6503,-1,0
6504,-1,0
6505,-1,0
6506,-1,0
6507,3,0
6508,-1,0
6509,-1,0
6510,-1,0
6511,1,0
6512,1,0
6513,1,0
6514,1,0
6515,1,0
6516,1,0
6517,1,0
6518,1,0
6519,2,0
6520,2,0
6521,2,0
6522,1,0
6523,1,0
6524,1,0
6525,1,0
6526,1,0
6527,1,0
6528,1,0
6529,1,0
6530,2,0
6531,2,0
6532,2,0
6533,-1,0
6534,1,0
6535,1,0
6536,1,0
6537,2,0
6538,2,0
6539,3,0
6540,-1,0
6541,-1,0
6542,-1,0
6543,-1,0
6544,2,0
6545,2,0
6546,2,0
6547,2,0
6548,-1,0
6549,-1,0
6550,1,0
6551,1,0
6552,1,0
6553,1,0
6554,1,0
6555,1,0
6556,1,0
6557,1,0
6558,1,0
6559,1,0
6560,1,0
6561,1,0
6562,1,0
6563,1,0
6564,1,0
6565,1,0
6566,1,0
6567,1,0
6568,1,0
6569,1,0
6570,-1,0
6571,-1,0
6572,-1,0
6573,-1,0
6574,-1,0
6575,-1,0
6576,-1,0
6577,-1,0
6578,-1,0
6579,-1,0
6580,-1,0
6581,-1,0
6582,-1,0
6583,-1,0
6584,-1,0
6585,-1,0
6586,-1,0
6587,-1,0
6588,-1,0
6589,-1,0
6590,-1,0
6591,-1,0
6592,-1,0
6593,-1,0
6594,-1,0
6595,-1,0
6596,-1,0
6597,-1,0
6598,-1,0
6599,-1,0
6600,-1,0
6601,-1,0
6602,-1,0
6603,-1,0
6604,-1,0
6605,-1,0
6606,-1,0
6607,-1,0
6608,-1,0
6609,-1,0
6610,-1,0
6611,-1,0
6612,-1,0
6613,-1,0
6614,-1,0
6615,-1,0
6616,-1,0
6617,-1,0
6618,-1,0
6619,-1,0
6620,-1,0
6621,-1,0
6622,-1,0
6623,-1,0
6624,-1,0
6625,-1,0
6626,-1,0
6627,-1,0
6628,1,0
6629,1,0
6630,1,0
6631,1,0
6632,1,0
6633,2,0
6634,2,0
6635,2,0
6636,2,0
6637,2,0
6638,2,0
6639,1,0
6640,1,0
6641,1,0
6642,1,0
6643,1,0
6644,1,0
6645,3,0
6646,3,0
6647,1,0
6648,1,0
6649,1,0
6650,1,0
6651,1,0
6652,1,0
6653,1,0
6654,1,0
6655,1,0
6656,1,0
6657,1,0
6658,-1,0
6659,-1,0
6660,-1,0
6661,-1,0
6662,3,0
6663,0,0
6664,0,0
6665,0,0
6666,0,0
6667,3,0
6668,3,0
6669,4,0
6670,4,0
6671,4,0
6672,4,0
6673,4,0
6674,4,0
6675,4,0
6676,4,0
6677,4,0
6678,3,0
6679,3,0
6680,3,0
6681,3,0
6682,3,0
6683,-1,0
6684,-1,0
6685,-1,0
6686,-1,0
6687,-1,0
6688,-1,0
6689,-1,0
6690,-1,0
6691,0,0
6692,0,0
6693,0,0
6694,0,0
6695,0,0
6696,0,0
6697,0,0
6698,0,0
6699,0,0
6700,0,0
6701,0,0
6702,4,0
6703,4,0
6704,4,0
6705,4,0
6706,3,0
6707,1,0
6708,1,0
6709,3,0
6710,3,0
6711,3,0
6712,3,0
6713,-1,0
6714,-1,0
6715,4,0
6716,4,0
6717,3,0
6718,3,0
6719,3,0
6720,3,0
6721,3,0
6722,-1,0
6723,3,0
6724,3,0
6725,3,0
6726,3,0
6727,3,0
6728,3,0
6729,-1,0
6730,3,0
6731,-1,0
6732,-1,0
6733,-1,0
6734,0,0
6735,0,0
6736,0,0
6737,0,0
6738,0,0
6739,0,0
6740,4,0
6741,4,0
6742,-1,0
6743,3,0
6744,3,0
6745,-1,0
6746,-1,0
6747,-1,0
6748,-1,0
6749,-1,0
6750,-1,0
6751,-1,0
6752,-1,0
6753,3,0
6754,4,0
6755,4,0
6756,4,0
6757,3,0
6758,3,0
6759,3,0
6760,3,0
6761,3,0
6762,-1,0
6763,-1,0
6764,-1,0
6765,-1,0
6766,-1,0
6767,-1,0
6768,-1,0
6769,-1,0
6770,-1,0
6771,-1,0
6772,-1,0
6773,-1,0
6774,-1,0
6775,-1,0
6776,-1,0
6777,-1,0
6778,-1,0
6779,-1,0
6780,-1,0
6781,5,0
6782,5,0
6783,4,0
6784,4,0
6785,4,0
6786,4,0
6787,4,0
6788,4,0
6789,4,0
6790,4,0
6791,-1,0
6792,-1,0
6793,-1,0
6794,-1,0
6795,-1,0
6796,-1,0
6797,2,0
6798,3,0
6799,3,0
6800,3,0
6801,4,0
6802,-1,0
6803,-1,0
6804,3,0
6805,3,0
6806,4,0
6807,4,0
6808,4,0
6809,4,0
6810,4,0
6811,4,0
6812,4,0
6813,4,0
6814,4,0
6815,4,0
6816,5,0
6817,5,0
6818,4,0
6819,4,0
6820,4,0
6821,3,0
6822,3,0
6823,3,0
6824,3,0
6825,4,0
6826,4,0
6827,4,0
6828,4,0
6829,3,0
6830,3,0
6831,4,0
6832,4,0
6833,4,0
6834,4,0
6835,4,0
6836,-1,0
6837,3,0
6838,3,0
6839,3,0
6840,3,0
6841,4,0
6842,4,0
6843,4,0
6844,4,0
6845,4,0
6846,4,0
6847,-1,0
6848,-1,0
6849,-1,0
6850,4,0
6851,4,0
6852,4,0
6853,-1,0
6854,-1,0
6855,-1,0
6856,-1,0
6857,-1,0
6858,-1,0
6859,-1,0
6860,-1,0
6861,-1,0
6862,-1,0
6863,-1,0
6864,-1,0
6865,-1,0
6866,4,0
6867,4,0
6868,4,0
6869,4,0
6870,4,0
6871,4,0
6872,1,0
6873,1,0
6874,1,0
6875,1,0
6876,1,0
6877,1,0
6878,1,0
6879,3,0
6880,3,0
6881,-1,0
6882,-1,0
6883,-1,0
6884,-1,0
6885,-1,0
6886,-1,0
6887,-1,0
6888,-1,0
6889,-1,0
6890,-1,0
6891,-1,0
6892,-1,0
6893,-1,0
6894,-1,0
6895,-1,0
6896,-1,0
6897,-1,0
6898,-1,0
6899,-1,0
6900,-1,0
6901,-1,0
6902,-1,0
6903,-1,0
6904,-1,0
6905,-1,0
6906,-1,0
6907,-1,0
6908,-1,0
6909,-1,0
6910,2,0
6911,2,0
6912,0,0
6913,0,0
6914,-1,0
6915,-1,0
6916,-1,0
6917,2,0
6918,2,0
6919,-1,0
6920,-1,0
6921,2,0
6922,2,0
6923,2,0
6924,2,0
6925,2,0
6926,2,0
6927,2,0
6928,2,0
6929,2,0
6930,4,0
6931,4,0
6932,4,0
6933,3,0
6934,3,0
6935,-1,0
6936,-1,0
6937,-1,0
6938,-1,0
6939,-1,0
6940,-1,0
6941,-1,0
6942,-1,0
6943,-1,0
6944,3,0
6945,3,0
6946,3,0
6947,1,0
6948,1,0
6949,1,0
6950,1,0
6951,1,0
6952,1,0
6953,-1,0
6954,1,0
6955,1,0
6956,-1,0
6957,-1,0
6958,-1,0
6959,1,0
6960,1,0
6961,1,0
6962,1,0
6963,1,0
6964,1,0
6965,1,0
6966,1,0
6967,1,0
6968,1,0
6969,5,0
6970,3,0
6971,3,0
6972,1,0
6973,1,0
6974,1,0
6975,1,0
6976,3,0
6977,3,0
6978,3,0
6979,3,0
6980,3,0
6981,3,0
6982,5,0
6983,5,0
6984,5,0
6985,5,0
6986,5,0
6987,5,0
6988,5,0
6989,3,0
6990,5,0
6991,5,0
6992,5,0
6993,5,0
6994,5,0
6995,5,0
6996,5,0
6997,-1,0
6998,-1,0
6999,-1,0
7000,-1,0
7001,-1,0
7002,-1,0
7003,-1,0
7004,-1,0
7005,-1,0
7006,-1,0
7007,-1,0
7008,-1,0
7009,-1,0
7010,2,0
7011,2,0
7012,2,0
7013,1,0
7014,1,0
7015,1,0
7016,1,0
7017,1,0
7018,1,0
7019,5,0
7020,5,0
7021,2,0
7022,2,0
7023,2,0
7024,-1,0
7025,-1,0
7026,-1,0
7027,-1,0
7028,-1,0
7029,-1,0
7030,-1,0
7031,-1,0
7032,1,0
7033,1,0
7034,1,0
7035,1,0
7036,2,0
7037,2,0
7038,2,0
7039,0,0
7040,0,0
7041,0,0
7042,0,0
7043,0,0
7044,0,0
7045,0,0
7046,0,0
7047,0,0
7048,0,0
7049,3,0
7050,3,0
7051,3,0
7052,-1,0
7053,-1,0
7054,-1,0
7055,-1,0
7056,-1,0
7057,-1,0
7058,-1,0
7059,-1,0
7060,-1,0
7061,-1,0
7062,-1,0
7063,-1,0
7064,-1,0
7065,2,0
7066,2,0
7067,2,0
7068,2,0
7069,2,0
7070,2,0
7071,2,0
7072,-1,0
7073,-1,0
7074,-1,0
7075,-1,0
7076,-1,0
7077,-1,0
7078,-1,0
7079,-1,0
7080,-1,0
7081,-1,0
7082,-1,0
7083,-1,0
7084,-1,0
7085,-1,0
7086,-1,0
7087,-1,0
7088,2,0
7089,-1,0
7090,-1,0
7091,-1,0
7092,-1,0
7093,-1,0
7094,-1,0
7095,-1,0
7096,2,0
7097,2,0
7098,2,0
7099,2,0
7100,1,0
7101,1,0
7102,1,0
7103,0,0
7104,0,0
7105,0,0
7106,0,0
7107,0,0
7108,0,0
7109,1,0
7110,1,0
7111,5,0
7112,5,0
7113,1,0
7114,1,0
7115,1,0
7116,-1,0
7117,-1,0
7118,-1,0
7119,-1,0
7120,1,0
7121,1,0
7122,1,0
7123,1,0
7124,1,0
7125,1,0
7126,3,0
7127,3,0
7128,3,0
7129,3,0
7130,-1,0
7131,3,0
7132,3,0
7133,-1,0
7134,3,0
7135,3,0
7136,3,0
7137,3,0
7138,3,0
7139,3,0
7140,-1,0
7141,-1,0
7142,-1,0
7143,-1,0
7144,-1,0
7145,-1,0
7146,-1,0
7147,1,0
7148,1,0
7149,1,0
7150,1,0
7151,-1,0
7152,-1,0
7153,1,0
7154,-1,0
7155,-1,0
7156,-1,0
7157,-1,0
7158,2,0
7159,2,0
7160,2,0
7161,2,0
7162,-1,0
7163,-1,0
7164,-1,0
7165,-1,0
7166,-1,0
7167,-1,0
7168,-1,0
7169,-1,0
7170,-1,0
7171,-1,0
7172,-1,0
7173,-1,0
7174,-1,0
7175,-1,0
7176,-1,0
7177,3,0
7178,3,0
7179,3,0
7180,3,0
7181,3,0
7182,3,0
7183,-1,0
7184,2,0
7185,2,0
7186,3,0
7187,3,0
7188,3,0
7189,-1,0
7190,3,0
7191,3,0
7192,3,0
7193,3,0
7194,3,0
7195,3,0
7196,1,0
7197,5,0
7198,5,0
7199,5,0
7200,5,0
7201,5,0
7202,5,0
7203,5,0
7204,5,0
7205,5,0
7206,5,0
7207,5,0
7208,-1,0
7209,-1,0
7210,-1,0
7211,-1,0
7212,-1,0
7213,1,0
7214,1,0
7215,1,0
7216,1,0
7217,1,0
7218,1,0
7219,1,0
7220,1,0
7221,3,0
7222,3,0
7223,-1,0
7224,-1,0
7225,-1,0
7226,3,0
7227,1,0
7228,1,0
7229,1,0
7230,1,0
7231,-1,0
7232,-1,0
7233,-1,0
7234,-1,0
7235,-1,0
7236,1,0
7237,1,0
7238,1,0
7239,1,0
7240,1,0
7241,1,0
7242,1,0
7243,1,0
7244,1,0
7245,1,0
7246,1,0
7247,1,0
7248,1,0
7249,1,0
7250,1,0
7251,1,0
7252,1,0
7253,-1,0
7254,-1,0
7255,-1,0
7256,-1,0
7257,-1,0
7258,-1,0
7259,-1,0
7260,-1,0
7261,-1,0
7262,-1,0
7263,3,0
7264,3,0
7265,3,0
7266,3,0
7267,4,0
7268,4,0
7269,2,0
7270,2,0
7271,2,0
7272,-1,0
7273,2,0
7274,2,0
7275,2,0
7276,2,0
7277,2,0
7278,2,0
7279,2,0
7280,2,0
7281,2,0
7282,2,0
7283,2,0
7284,2,0
7285,2,0
7286,2,0
7287,2,0
7288,2,0
7289,2,0
7290,2,0
7291,2,0
7292,2,0
7293,2,0
7294,2,0
7295,2,0
7296,-1,0
7297,-1,0
7298,2,0
7299,2,0
7300,2,0
7301,2,0
7302,-1,0
7303,-1,0
7304,-1,0
7305,-1,0
7306,-1,0
7307,-1,0
7308,-1,0
7309,-1,0
7310,-1,0
7311,2,0
7312,2,0
7313,2,0
7314,2,0
7315,2,0
7316,2,0
7317,2,0
7318,2,0
7319,2,0
7320,2,0
7321,2,0
7322,2,0
7323,2,0
7324,2,0
7325,2,0
7326,2,0
7327,2,0
7328,2,0
7329,2,0
7330,2,0
7331,2,0
7332,2,0
7333,2,0
7334,2,0
7335,2,0
7336,2,0
7337,2,0
7338,2,0
7339,2,0
7340,2,0
7341,-1,0
7342,-1,0
7343,-1,0
7344,2,0
7345,2,0
7346,2,0
7347,2,0
7348,2,0
7349,2,0
7350,2,0
7351,2,0
7352,2,0
7353,2,0
7354,0,0
7355,0,0
7356,0,0
7357,0,0
7358,2,0
7359,2,0
7360,2,0
7361,0,0
7362,0,0
7363,0,0
7364,0,0
7365,0,0
7366,0,0
7367,0,0
7368,0,0
7369,0,0
7370,0,0
7371,-1,0
7372,-1,0
7373,-1,0
7374,-1,0
7375,-1,0
7376,0,0
7377,0,0
7378,0,0
7379,0,0
7380,0,0
7381,0,0
7382,0,0
7383,0,0
7384,1,0
7385,1,0
7386,1,0
7387,1,0
7388,1,0
7389,1,0
7390,1,0
7391,3,0
7392,3,0
7393,3,0
7394,3,0
7395,3,0
7396,3,0
7397,3,0
7398,3,0
7399,3,0
7400,3,0
7401,3,0
7402,-1,0
7403,-1,0
7404,-1,0
7405,-1,0
7406,4,0
7407,-1,0
7408,-1,0
7409,3,0
7410,3,0
7411,3,0
7412,3,0
7413,5,0
7414,5,0
7415,5,0
7416,3,0
7417,3,0
7418,3,0
7419,2,0
7420,-1,0
7421,-1,0
7422,2,0
7423,2,0
7424,2,0
7425,-1,0
7426,-1,0
7427,-1,0
7428,-1,0
7429,-1,0
7430,-1,0
7431,-1,0
7432,3,0
7433,3,0
7434,3,0
7435,3,0
7436,0,0
7437,0,0
7438,0,0
7439,0,0
7440,0,0
7441,0,0
7442,2,0
7443,2,0
7444,-1,0
7445,-1,0
7446,4,0
7447,4,0
7448,4,0
7449,4,0
7450,4,0
7451,4,0
7452,5,0
7453,5,0
7454,5,0
7455,-1,0
7456,-1,0
7457,-1,0
7458,-1,0
7459,-1,0
7460,-1,0
7461,4,0
7462,4,0
7463,4,0
7464,-1,0
7465,-1,0
7466,-1,0
7467,3,0
7468,2,0
7469,2,0
7470,2,0
7471,3,0
7472,3,0
7473,3,0
7474,3,0
7475,2,0
7476,3,0
7477,3,0
7478,3,0
7479,3,0
7480,3,0
7481,3,0
7482,3,0
7483,3,0
7484,3,0
7485,3,0
7486,3,0
7487,3,0
7488,-1,0
7489,-1,0
7490,-1,0
7491,-1,0
7492,-1,0
7493,-1,0
7494,3,0
7495,3,0
7496,3,0
7497,2,0
7498,2,0
7499,2,0
7500,2,0
7501,3,0
7502,3,0
7503,3,0
7504,-1,0
7505,-1,0
7506,-1,0
7507,3,0
7508,3,0
7509,3,0
7510,3,0
7511,2,0
7512,2,0
7513,2,0
7514,2,0
7515,2,0
7516,2,0
7517,2,0
7518,2,0
7519,3,0
7520,2,0
7521,2,0
7522,-1,0
7523,-1,0
7524,-1,0
7525,-1,0
7526,-1,0
7527,2,0
7528,2,0
7529,2,0
7530,2,0
7531,2,0
7532,2,0
7533,2,0
7534,2,0
7535,2,0
7536,2,0
7537,2,0
7538,2,0
7539,3,0
7540,5,0
7541,5,0
7542,5,0
7543,5,0
7544,-1,0
7545,2,0
7546,-1,0
7547,5,0
7548,5,0
7549,-1,0
7550,-1,0
7551,-1,0
7552,-1,0
7553,-1,0
7554,-1,0
7555,5,0
7556,5,0
7557,2,0
7558,2,0
7559,2,0
7560,2,0
7561,2,0
7562,2,0
7563,2,0
7564,2,0
7565,2,0
7566,2,0
7567,2,0
7568,2,0
7569,2,0
7570,2,0
7571,2,0
7572,2,0
7573,2,0
7574,2,0
7575,2,0
7576,2,0
7577,2,0
7578,5,0
7579,5,0
7580,5,0
7581,5,0
7582,5,0
7583,5,0
7584,5,0
7585,5,0
7586,5,0
7587,5,0
7588,5,0
7589,5,0
7590,5,0
7591,5,0
7592,5,0
7593,5,0
7594,5,0
7595,5,0
7596,5,0
7597,5,0
7598,5,0
7599,5,0
7600,5,0
7601,-1,0
7602,5,0
7603,0,0
7604,2,0
7605,0,0
7606,0,0
7607,0,0
7608,0,0
7609,0,0
7610,2,0
7611,2,0
7612,2,0
7613,4,0
7614,4,0
7615,4,0
7616,4,0
