,request_id,orig_id,rq_time,start,end
0,0,pv_23_6283,82800.02,20152,40820
1,1,pv_23_4233,82800.25,5262,30920
2,2,pv_23_1834,82800.5,8084,29376
3,3,pv_23_187,82800.99,37918,40900
4,4,pv_23_364_1,82801.1,12058,13720
5,5,pv_23_4465,82802.77,28154,30920
6,6,pv_23_3413_0,82803.87,11886,22708
7,7,pv_23_486_0,82808.05,22132,5964
8,8,pv_23_3188,82808.61,22734,16740
9,9,pv_23_2291_1,82811.81,14386,18602
10,10,pv_23_4929,82812.76,39108,37770
11,11,pv_23_3987,82814.19,15398,5682
12,12,pv_23_4472,82814.8,14094,30920
13,13,pv_23_5493,82815.86,19808,2710
14,14,pv_23_5161,82816.86,32026,31462
15,15,pv_23_5697_0,82817.6,41864,8592
16,16,pv_23_6447,82817.6,36206,7868
17,17,pv_23_6689_1,82822.02,40552,27968
18,18,pv_23_3457,82822.02,36766,30920
19,19,pv_23_3449,82822.46,15050,30920
20,20,pv_23_6481,82824.06,40944,29180
21,21,pv_23_6304,82827.55,19808,38948
22,22,pv_23_4517_1,82828.98,17022,40548
23,23,pv_23_4779,82830.94,22444,34100
24,24,pv_23_3607,82835.36,13904,3866
25,25,pv_23_539_0,82838.43,15798,41876
26,26,pv_23_2001_1,82838.43,39980,41876
27,27,pv_23_2765_1,82838.89,33934,7984
28,28,pv_23_4867,82839.56,2396,27868
29,29,pv_23_4062_0,82839.93,8596,30920
30,30,pv_23_6_0,82839.95,30536,18496
31,31,pv_23_2165,82842.61,40828,29888
32,32,pv_23_2427_1,82843.38,26624,11928
33,33,pv_23_144_1,82844.96,4558,30920
34,34,pv_23_3687,82846.11,17582,3984
35,35,pv_23_1386,82849.0,28188,17126
36,36,pv_23_6681,82851.59,13452,10050
37,37,pv_23_7161_0,82857.59,16276,7910
38,38,pv_23_15,82857.96,10972,10226
39,39,pv_23_6683,82858.05,40388,9376
40,40,pv_23_6203,82860.07,22444,23404
41,41,pv_23_1599_0,82860.91,37788,41876
42,42,pv_23_3565_1,82862.44,23988,14254
43,43,pv_23_6907_1,82862.69,3050,22734
44,44,pv_23_3561,82865.7,8430,17126
45,45,pv_23_2957_0,82866.05,17794,30920
46,46,pv_23_3732,82866.12,26536,28492
47,47,pv_23_744_0,82866.55,8140,2396
48,48,pv_23_4059,82867.57,37076,14254
49,49,pv_23_4237,82868.49,7608,30920
50,50,pv_23_601_1,82868.49,28896,32450
51,51,pv_23_2202,82868.74,34936,22976
52,52,pv_23_411_0,82868.74,15290,14254
53,53,pv_23_3829_0,82871.34,24068,17126
54,54,pv_23_3744,82871.6,13860,29542
55,55,pv_23_341,82872.16,21096,14650
56,56,pv_23_2884_0,82872.16,20130,33778
57,57,pv_23_785,82874.72,10850,38280
58,58,pv_23_1577_1,82875.61,32908,41876
59,59,pv_23_4203_1,82875.77,25656,17126
60,60,pv_23_121_0,82879.31,34910,14254
61,61,pv_23_6707,82879.31,1166,13666
62,62,pv_23_6250,82880.01,39108,7268
63,63,pv_23_3763,82881.02,2386,148
64,64,pv_23_1601_1,82881.02,23028,41876
65,65,pv_23_5322,82889.11,19808,39650
66,66,pv_23_4041,82891.82,15408,36448
67,67,pv_23_3964_0,82892.38,37088,17782
68,68,pv_23_5251,82893.75,35728,37854
69,69,pv_23_4_0,82894.11,41076,20910
70,70,pv_23_3857,82895.88,24128,14254
71,71,pv_23_491_0,82897.72,15632,28490
72,72,pv_23_5139_1,82900.22,32026,6358
73,73,pv_23_4075_0,82901.06,15406,41876
74,74,pv_23_2065_1,82901.22,4348,14254
75,75,pv_23_2542,82901.53,25098,40548
76,76,pv_23_3733_0,82902.61,2386,19014
77,77,pv_23_2418_1,82902.66,32434,39560
78,78,pv_23_5272,82903.42,35728,26642
79,79,pv_23_3618_0,82904.11,7934,19206
80,80,pv_23_6281,82911.98,508,17868
81,81,pv_23_5325_0,82911.98,19808,4096
82,82,pv_23_1740,82912.6,5636,17126
83,83,pv_23_7233,82914.35,2654,15186
84,84,pv_23_3419,82914.47,39964,2692
85,85,pv_23_3763_0,82916.19,2386,148
86,86,pv_23_143_1,82918.4,11398,13402
87,87,pv_23_6730_0,82918.71,21396,17948
88,88,pv_23_1408,82920.64,15458,17126
89,89,pv_23_4963,82920.97,39108,30228
90,90,pv_23_3179_0,82921.22,41596,17380
91,91,pv_23_3510_1,82921.22,8296,27660
92,92,pv_23_344,82921.69,15264,32986
93,93,pv_23_370_0,82922.72,38538,32208
94,94,pv_23_3232_1,82924.78,16908,8046
95,95,pv_23_2198_0,82926.63,40066,36400
96,96,pv_23_1875_1,82927.43,29958,14254
97,97,pv_23_3464_0,82930.18,33704,22444
98,98,pv_23_3444,82930.18,6922,12518
99,99,pv_23_2082,82931.43,1536,18212
100,100,pv_23_541_1,82932.85,1458,41876
101,101,pv_23_2301_1,82934.79,39886,22444
102,102,pv_23_4462_1,82936.67,26066,17126
103,103,pv_23_7212_0,82937.48,33502,26568
104,104,pv_23_5551_0,82937.91,41864,31414
105,105,pv_23_3451,82938.34,33048,41876
106,106,pv_23_618_1,82938.41,33230,3072
107,107,pv_23_6681_0,82938.41,13452,10050
108,108,pv_23_4155,82939.18,7612,29114
109,109,pv_23_7204_0,82940.94,33502,13606
110,110,pv_23_4521,82942.82,35676,30920
111,111,pv_23_7220,82944.76,28590,33108
112,112,pv_23_4827_1,82945.42,22444,12054
113,113,pv_23_945,82945.56,14946,20410
114,114,pv_23_4981_1,82947.22,39108,36150
115,115,pv_23_346,82948.1,21096,33626
116,116,pv_23_7237_1,82948.83,12292,6050
117,117,pv_23_157,82950.91,22594,2396
118,118,pv_23_3464_1,82951.67,33704,22444
119,119,pv_23_2651,82953.67,14750,21528
120,120,pv_23_4544_1,82955.81,30362,13402
121,121,pv_23_3859,82960.28,6056,14254
122,122,pv_23_2904_0,82966.75,6742,14254
123,123,pv_23_4691_1,82966.75,2848,19002
124,124,pv_23_6387,82967.88,27842,31678
125,125,pv_23_3003,82972.39,18156,41876
126,126,pv_23_547_1,82973.0,31980,41876
127,127,pv_23_6890_1,82974.74,40664,15716
128,128,pv_23_31,82975.23,41076,726
129,129,pv_23_2308_0,82978.24,40378,14254
130,130,pv_23_6435,82984.1,2762,634
131,131,pv_23_286_0,82984.54,41888,30920
132,132,pv_23_2304,82984.96,39882,17126
133,133,pv_23_4911_1,82986.02,39108,6854
134,134,pv_23_4237_0,82986.77,7608,30920
135,135,pv_23_3340,82989.21,41186,9030
136,136,pv_23_3996,82990.72,24718,358
137,137,pv_23_127_1,82996.91,26752,30920
138,138,pv_23_6359_1,82999.7,20412,9526
139,139,pv_23_5433_0,83004.4,19808,40852
140,140,pv_23_6932,83004.77,32450,18938
141,141,pv_23_5048,83004.9,20318,27044
142,142,pv_23_5495,83005.13,19808,30608
143,143,pv_23_758,83005.78,2298,30920
144,144,pv_23_2010_0,83006.65,10700,2396
145,145,pv_23_2339,83013.29,27166,17218
146,146,pv_23_2863_1,83015.65,34414,12512
147,147,pv_23_3795,83017.74,14712,22976
148,148,pv_23_481_1,83017.74,8260,36042
149,149,pv_23_1185_0,83017.83,19110,30352
150,150,pv_23_367_0,83023.81,39646,2648
151,151,pv_23_943_0,83023.91,20802,23554
152,152,pv_23_5619_0,83027.31,41864,10634
153,153,pv_23_6882_0,83029.76,27524,16562
154,154,pv_23_542,83031.92,15684,41876
155,155,pv_23_3586,83033.72,28016,17126
156,156,pv_23_606,83041.87,28774,30920
157,157,pv_23_5207,83049.5,32026,8302
158,158,pv_23_6523,83050.0,27604,5762
159,159,pv_23_1874_1,83054.73,17378,14254
160,160,pv_23_2425_0,83055.87,18572,690
161,161,pv_23_2225,83056.97,38150,20408
162,162,pv_23_6708_0,83059.72,1166,2710
163,163,pv_23_6381_1,83059.72,7288,28308
164,164,pv_23_2354,83060.56,39228,41876
165,165,pv_23_6458,83062.33,21116,1898
166,166,pv_23_2884,83062.91,20130,33778
167,167,pv_23_2901,83064.12,27278,14254
168,168,pv_23_912_0,83069.59,24760,14254
169,169,pv_23_4195,83069.72,7902,17126
170,170,pv_23_3227,83069.78,16908,6370
171,171,pv_23_32_1,83073.11,21036,14254
172,172,pv_23_2559_1,83078.87,4792,33502
173,173,pv_23_5662,83078.95,41864,15478
174,174,pv_23_6280_1,83079.78,13450,21864
175,175,pv_23_893,83079.92,6612,2396
176,176,pv_23_2172_1,83080.21,38308,40664
177,177,pv_23_4578,83080.37,7584,14980
178,178,pv_23_1014_1,83080.37,18036,21420
179,179,pv_23_602_0,83082.06,12432,20404
180,180,pv_23_41,83085.03,1240,22444
181,181,pv_23_2387,83086.5,5844,7908
182,182,pv_23_2175_1,83087.35,17194,29698
183,183,pv_23_2222_1,83088.18,17194,36448
184,184,pv_23_5261_0,83091.87,35728,12326
185,185,pv_23_4603,83092.57,4852,41876
186,186,pv_23_600,83094.36,14904,17126
187,187,pv_23_6382_0,83098.97,13164,25992
188,188,pv_23_947,83099.15,6614,726
189,189,pv_23_3839_0,83100.26,26792,17126
190,190,pv_23_3188_0,83102.4,22734,16740
191,191,pv_23_2121,83105.23,18894,17126
192,192,pv_23_6413,83108.92,23916,7670
193,193,pv_23_5770_0,83109.62,13450,41040
194,194,pv_23_5326_0,83110.77,19808,31988
195,195,pv_23_5576,83114.34,41864,41022
196,196,pv_23_5960,83114.58,19808,16622
197,197,pv_23_4564_0,83116.02,14622,11550
198,198,pv_23_5781_0,83124.89,19808,7654
199,199,pv_23_1831,83129.66,8088,40478
200,200,pv_23_483_1,83131.94,30192,370
201,201,pv_23_3376,83131.94,6332,23554
202,202,pv_23_584_0,83135.3,8356,17126
203,203,pv_23_6424,83135.47,31404,39978
204,204,pv_23_802,83135.54,24714,2848
205,205,pv_23_813_1,83136.83,3292,14254
206,206,pv_23_5206,83137.2,32026,35002
207,207,pv_23_2120,83143.28,31168,17126
208,208,pv_23_3248,83145.47,19194,20342
209,209,pv_23_916_0,83145.75,10072,30920
210,210,pv_23_1912,83145.75,41212,34066
211,211,pv_23_1925_0,83147.23,21444,21594
212,212,pv_23_4036_1,83147.23,20508,17126
213,213,pv_23_4915_0,83152.43,39108,22332
214,214,pv_23_4946,83153.44,39108,6504
215,215,pv_23_2364_1,83154.71,35600,17126
216,216,pv_23_7081_0,83154.98,38938,41218
217,217,pv_23_7064_0,83155.65,17926,16998
218,218,pv_23_1368,83155.7,20226,17126
219,219,pv_23_6551_0,83156.09,10800,28484
220,220,pv_23_1481_0,83156.9,32252,14254
221,221,pv_23_3830,83157.28,4226,17126
222,222,pv_23_386_1,83159.3,38536,14746
223,223,pv_23_3480,83160.38,13850,13648
224,224,pv_23_6447_1,83160.38,36206,7868
225,225,pv_23_6929,83165.07,38434,23580
226,226,pv_23_7162,83168.32,38762,28486
227,227,pv_23_32_0,83170.49,21036,14254
228,228,pv_23_4951_0,83174.98,39108,19586
229,229,pv_23_1493_1,83175.02,3854,14254
230,230,pv_23_339,83175.02,15286,26746
231,231,pv_23_6648_0,83181.03,16180,5924
232,232,pv_23_5641,83183.11,41864,40104
233,233,pv_23_3567_1,83183.11,19872,17126
234,234,pv_23_5094,83186.53,32026,8110
235,235,pv_23_5115_1,83186.69,32026,8140
236,236,pv_23_3732_0,83188.82,26536,28492
237,237,pv_23_486,83188.82,22132,5964
238,238,pv_23_4114_1,83191.15,26770,41076
239,239,pv_23_2427,83194.69,26624,11928
240,240,pv_23_3044_1,83195.83,18336,30920
241,241,pv_23_5639,83199.05,41864,5202
242,242,pv_23_1943_1,83199.74,22614,35392
243,243,pv_23_4747,83201.12,2396,38930
244,244,pv_23_1861_0,83203.6,2600,22444
245,245,pv_23_453_1,83204.61,12292,22444
246,246,pv_23_890,83205.48,19478,22976
247,247,pv_23_2063,83206.55,32914,11390
248,248,pv_23_2087_1,83206.55,8462,2396
249,249,pv_23_1528_0,83208.91,40212,30920
250,250,pv_23_277,83208.91,17446,14254
251,251,pv_23_7200_0,83209.0,33498,38150
252,252,pv_23_1407,83209.0,11204,17126
253,253,pv_23_6703_1,83209.96,20956,4378
254,254,pv_23_6543,83211.15,31756,4560
255,255,pv_23_4708,83212.25,22976,8042
256,256,pv_23_4351_0,83213.5,29290,22646
257,257,pv_23_6396,83216.28,11918,13746
258,258,pv_23_4009,83218.8,31362,8406
259,259,pv_23_5512,83218.96,19808,35216
260,260,pv_23_2606_0,83219.6,6534,28690
261,261,pv_23_488_0,83220.16,33594,22730
262,262,pv_23_4305_0,83221.47,18472,7994
263,263,pv_23_4986_0,83223.06,39108,22880
264,264,pv_23_4068,83223.06,19162,30920
265,265,pv_23_24_1,83223.34,21036,2848
266,266,pv_23_4721_0,83223.34,2848,11036
267,267,pv_23_714_0,83224.25,17782,12514
268,268,pv_23_552_0,83228.62,19606,17928
269,269,pv_23_732_0,83228.86,2300,10292
270,270,pv_23_2333,83233.14,36454,40568
271,271,pv_23_6707_1,83235.73,1166,13666
272,272,pv_23_6647_1,83235.84,38552,26964
273,273,pv_23_2342,83237.16,32670,17126
274,274,pv_23_3631_0,83240.18,13870,8976
275,275,pv_23_3995_0,83242.4,22818,4858
276,276,pv_23_6664_0,83243.28,228,9892
277,277,pv_23_1409,83245.36,6398,17126
278,278,pv_23_947_1,83248.04,6614,726
279,279,pv_23_1168_0,83248.06,33840,22456
280,280,pv_23_6384,83248.8,31410,8050
281,281,pv_23_5614_1,83252.88,41864,9106
282,282,pv_23_4307_0,83253.29,30400,33502
283,283,pv_23_2363,83253.29,33734,17126
284,284,pv_23_2558,83253.69,16250,36882
285,285,pv_23_3854,83254.31,3630,14254
286,286,pv_23_4481_1,83254.31,17514,30920
287,287,pv_23_474_0,83255.29,19606,23114
288,288,pv_23_5639_0,83260.57,41864,5202
289,289,pv_23_7056,83261.51,3244,3692
290,290,pv_23_2308_1,83264.56,40378,14254
291,291,pv_23_6094_1,83268.95,2848,38948
292,292,pv_23_4305,83269.6,18472,7994
293,293,pv_23_3421,83271.69,29450,13814
294,294,pv_23_591_1,83271.82,13962,16340
295,295,pv_23_4956_0,83273.39,39108,6146
296,296,pv_23_2107,83274.84,33552,17380
297,297,pv_23_2529_1,83276.09,1778,14254
298,298,pv_23_4257,83276.79,19028,34702
299,299,pv_23_4269,83277.6,5658,30920
300,300,pv_23_6073_1,83278.18,22976,29004
301,301,pv_23_6506,83278.18,3548,24876
302,302,pv_23_5983_1,83279.23,19808,15214
303,303,pv_23_351,83281.39,38538,17976
304,304,pv_23_2353,83282.4,16502,41876
305,305,pv_23_5928_1,83283.48,19808,2640
306,306,pv_23_4050_0,83289.0,37070,33778
307,307,pv_23_3518,83289.27,4078,2268
308,308,pv_23_4119,83291.42,26126,22116
309,309,pv_23_2293,83292.12,8676,2612
310,310,pv_23_4206_1,83292.69,41234,17126
311,311,pv_23_3501,83297.13,28910,23612
312,312,pv_23_313_1,83297.53,38876,30920
313,313,pv_23_2286_1,83299.49,16858,478
314,314,pv_23_579_1,83302.39,12748,37202
315,315,pv_23_2171,83302.39,24274,28494
316,316,pv_23_6882,83303.47,27524,16562
317,317,pv_23_5771,83307.61,19808,9796
318,318,pv_23_2025_1,83307.67,29904,28588
319,319,pv_23_2289,83307.96,40714,40116
320,320,pv_23_6708_1,83308.24,1166,2710
321,321,pv_23_5231_0,83308.24,35728,41462
322,322,pv_23_3422,83309.24,17298,8040
323,323,pv_23_868_1,83309.59,24748,31612
324,324,pv_23_2061,83316.97,18736,14860
325,325,pv_23_3188_1,83317.22,22734,16740
326,326,pv_23_1950_1,83318.27,3362,14610
327,327,pv_23_4486,83318.3,35672,30920
328,328,pv_23_7119_0,83321.93,17322,30514
329,329,pv_23_2629_1,83321.93,11796,33414
330,330,pv_23_3598_0,83323.39,15184,29846
331,331,pv_23_2232,83324.93,31548,14254
332,332,pv_23_2425_1,83333.62,18572,690
333,333,pv_23_585_0,83334.07,10120,17126
334,334,pv_23_4501_0,83336.87,16844,41876
335,335,pv_23_2536,83338.76,4192,41876
336,336,pv_23_6837_0,83338.84,23866,13818
337,337,pv_23_1998,83338.84,34068,30920
338,338,pv_23_4040_1,83340.78,30656,17126
339,339,pv_23_2254_0,83340.91,16438,41876
340,340,pv_23_1246_0,83341.25,37130,2848
341,341,pv_23_6006_1,83346.06,19808,28148
342,342,pv_23_2540_0,83346.63,1720,41876
343,343,pv_23_2077,83351.61,31770,41876
344,344,pv_23_7032,83354.69,3686,3470
345,345,pv_23_6879_1,83354.69,25120,8092
346,346,pv_23_2470,83356.2,13596,30920
347,347,pv_23_5139_0,83357.52,32026,6358
348,348,pv_23_583_1,83357.68,34476,17126
349,349,pv_23_5559_1,83358.49,41864,3324
350,350,pv_23_542_1,83360.29,15684,41876
351,351,pv_23_927_0,83361.79,39750,18212
352,352,pv_23_2819,83362.81,10950,2396
353,353,pv_23_7222_1,83363.01,33502,15506
354,354,pv_23_6670_0,83364.38,230,19040
355,355,pv_23_2359_1,83364.48,27644,30920
356,356,pv_23_5496,83364.49,19808,27572
357,357,pv_23_2172,83365.56,38308,40664
358,358,pv_23_4213_0,83365.56,33642,14254
359,359,pv_23_402_0,83369.94,33218,17126
360,360,pv_23_1901,83371.22,22614,21958
361,361,pv_23_2536_0,83371.22,4192,41876
362,362,pv_23_90,83371.73,22026,14626
363,363,pv_23_4865_1,83372.79,22444,27998
364,364,pv_23_1064_1,83374.27,24172,5826
365,365,pv_23_4205_1,83378.58,9490,17126
366,366,pv_23_3251,83378.58,20682,20334
367,367,pv_23_6596,83378.6,2982,12080
368,368,pv_23_6437,83378.82,22698,8004
369,369,pv_23_6886_0,83378.82,41862,19014
370,370,pv_23_1271_1,83379.27,37808,22976
371,371,pv_23_4_1,83380.04,41076,20910
372,372,pv_23_4044_0,83383.73,4406,33780
373,373,pv_23_3299_1,83383.73,640,7364
374,374,pv_23_2631_0,83384.77,36122,24838
375,375,pv_23_6724,83384.77,14860,30228
376,376,pv_23_1417_0,83385.18,11788,33792
377,377,pv_23_6893_1,83387.14,40656,13840
378,378,pv_23_5644,83388.66,41864,10586
379,379,pv_23_4449_0,83392.57,26234,31772
380,380,pv_23_4339_1,83394.31,3930,1698
381,381,pv_23_5090_1,83398.93,32026,37930
382,382,pv_23_2539,83399.25,1764,41876
383,383,pv_23_1690,83402.4,15850,2396
384,384,pv_23_4267,83402.44,5270,30920
385,385,pv_23_737,83402.68,24966,15090
386,386,pv_23_5022_0,83404.05,33822,17572
387,387,pv_23_3115,83404.28,35038,13718
388,388,pv_23_7042_1,83404.44,32552,28916
389,389,pv_23_1920,83404.46,39980,6514
390,390,pv_23_5642,83406.51,41864,25982
391,391,pv_23_6788_0,83410.93,15500,26564
392,392,pv_23_2691_1,83414.34,13002,1746
393,393,pv_23_3752,83415.69,28080,6402
394,394,pv_23_1317_0,83415.69,16002,2396
395,395,pv_23_2706,83418.07,34286,30228
396,396,pv_23_3753,83419.89,28108,6588
397,397,pv_23_3369,83424.07,418,35118
398,398,pv_23_4038_0,83429.25,14420,17126
399,399,pv_23_5617_1,83429.28,41864,2028
400,400,pv_23_1485_0,83431.07,23020,14254
401,401,pv_23_1437,83431.48,20228,3510
402,402,pv_23_4544_0,83431.48,30362,13402
403,403,pv_23_2473_0,83434.86,6130,41876
404,404,pv_23_932,83434.86,31106,22976
405,405,pv_23_6879,83436.08,25120,8092
406,406,pv_23_1961_1,83436.96,41930,22444
407,407,pv_23_7136_0,83440.0,16330,19044
408,408,pv_23_29_0,83440.07,9804,23650
409,409,pv_23_2154_0,83443.57,18630,6408
410,410,pv_23_5005_1,83444.26,632,22296
411,411,pv_23_5268,83445.44,35728,29500
412,412,pv_23_2884_1,83448.7,20130,33778
413,413,pv_23_42_1,83449.52,33916,17126
414,414,pv_23_1039_1,83450.72,40206,41896
415,415,pv_23_4368,83453.1,4876,3900
416,416,pv_23_362_0,83453.45,31992,38508
417,417,pv_23_3197_0,83456.36,7164,40862
418,418,pv_23_1376,83459.09,38226,17126
419,419,pv_23_2706_1,83463.83,34286,30228
420,420,pv_23_1361,83466.46,20204,17126
421,421,pv_23_5289,83468.19,35728,9422
422,422,pv_23_6446,83474.89,31230,10274
423,423,pv_23_6875_0,83474.89,4834,8896
424,424,pv_23_631,83479.09,28326,26486
425,425,pv_23_6273_0,83479.09,39108,6274
426,426,pv_23_7061_0,83482.26,18362,29982
427,427,pv_23_2158,83482.26,41894,9164
428,428,pv_23_5635,83483.26,41864,26938
429,429,pv_23_3500,83483.54,4094,31290
430,430,pv_23_816_1,83484.22,35386,41876
431,431,pv_23_1383,83484.22,41444,17126
432,432,pv_23_393,83488.28,22736,2848
433,433,pv_23_7119,83489.61,17322,30514
434,434,pv_23_5717,83491.54,41864,17222
435,435,pv_23_17_1,83491.54,10708,34992
436,436,pv_23_1896_1,83493.12,17378,3396
437,437,pv_23_5579_0,83497.28,41864,37686
438,438,pv_23_3406,83497.38,7046,9236
439,439,pv_23_1928,83497.68,22624,28492
440,440,pv_23_5223_1,83498.18,32026,22516
441,441,pv_23_5536_0,83498.18,19808,29254
442,442,pv_23_4770_0,83499.89,22444,8140
443,443,pv_23_364_0,83503.32,12058,13720
444,444,pv_23_488_1,83504.49,33594,22730
445,445,pv_23_1816_0,83505.01,5692,41876
446,446,pv_23_2523,83505.21,25124,17126
447,447,pv_23_3999_0,83505.25,3792,40802
448,448,pv_23_2090_0,83506.84,21392,3396
449,449,pv_23_552_1,83507.01,19606,17928
450,450,pv_23_6112,83508.4,2848,10226
451,451,pv_23_5326,83514.3,19808,31988
452,452,pv_23_2042,83519.72,33124,40308
453,453,pv_23_5235_1,83520.74,35728,22016
454,454,pv_23_2700_0,83524.5,25542,37162
455,455,pv_23_765,83528.52,2302,41876
456,456,pv_23_5594_1,83528.53,41864,16432
457,457,pv_23_6559,83528.53,3488,37604
458,458,pv_23_6068_0,83530.3,2848,14534
459,459,pv_23_4401_0,83530.62,8666,37286
460,460,pv_23_2407,83530.62,5788,17126
461,461,pv_23_3162,83536.85,40148,24326
462,462,pv_23_4223_0,83538.47,148,30920
463,463,pv_23_659,83540.12,7868,35998
464,464,pv_23_3479,83540.48,35160,40980
465,465,pv_23_6272,83540.75,39108,23894
466,466,pv_23_6886_1,83542.23,41862,19014
467,467,pv_23_2983,83546.29,14774,41876
468,468,pv_23_6706_1,83546.96,1166,14502
469,469,pv_23_2863_0,83547.97,34414,12512
470,470,pv_23_2667_0,83548.83,34432,31578
471,471,pv_23_3332,83552.18,15520,20412
472,472,pv_23_15_0,83555.89,10972,10226
473,473,pv_23_4155_1,83557.6,7612,29114
474,474,pv_23_5110_1,83558.45,32026,33264
475,475,pv_23_5208,83558.45,32026,8304
476,476,pv_23_432_1,83560.74,21096,34702
477,477,pv_23_4169,83563.46,9534,30414
478,478,pv_23_3471,83565.51,6936,23554
479,479,pv_23_3532,83566.95,3842,3688
480,480,pv_23_4950_0,83568.49,39108,5850
481,481,pv_23_715,83569.37,17724,30920
482,482,pv_23_5322_0,83577.45,19808,39650
483,483,pv_23_931,83577.45,26148,22976
484,484,pv_23_2776_1,83578.81,17326,28128
485,485,pv_23_603_0,83580.92,28838,14254
486,486,pv_23_580_1,83580.92,13164,9622
487,487,pv_23_7219_1,83584.03,2656,39314
488,488,pv_23_2284,83586.77,32058,15762
489,489,pv_23_6217_1,83586.77,23554,41002
490,490,pv_23_1501,83589.6,18038,14254
491,491,pv_23_7151_1,83589.73,16828,29036
492,492,pv_23_2866_1,83596.63,39726,33788
493,493,pv_23_3616_1,83596.65,7486,20758
494,494,pv_23_6016_1,83597.28,19808,90
495,495,pv_23_4002,83598.07,26696,32184
496,496,pv_23_2363_1,83598.62,33734,17126
497,497,pv_23_2069,83598.95,40302,17126
498,498,pv_23_6991_1,83601.35,14116,7310
499,499,pv_23_2414,83601.35,32676,18728
500,500,pv_23_4977_0,83604.73,39108,26782
501,501,pv_23_1360,83604.98,37792,17126
502,502,pv_23_7144,83607.23,32450,13844
503,503,pv_23_607_1,83607.47,8324,14858
504,504,pv_23_4413,83615.34,2630,26056
505,505,pv_23_6479,83615.54,18740,6636
506,506,pv_23_6886,83617.4,41862,19014
507,507,pv_23_3585_1,83620.1,26802,17126
508,508,pv_23_3785,83624.29,15574,2848
509,509,pv_23_344_1,83625.55,15264,32986
510,510,pv_23_517,83625.55,33602,17126
511,511,pv_23_475_1,83626.02,38928,1986
512,512,pv_23_1325,83626.92,37578,22444
513,513,pv_23_314,83628.44,12286,30920
514,514,pv_23_7190,83632.55,22742,22912
515,515,pv_23_2703,83633.04,15552,30228
516,516,pv_23_6595_1,83634.62,2980,15878
517,517,pv_23_3512,83637.26,15874,30920
518,518,pv_23_1107_0,83640.32,14988,28494
519,519,pv_23_4377_1,83643.22,17024,18646
520,520,pv_23_4050_1,83644.49,37070,33778
521,521,pv_23_4107_0,83644.68,22822,3396
522,522,pv_23_950,83646.26,39762,21112
523,523,pv_23_7244_0,83646.26,21954,31690
524,524,pv_23_2_1,83653.47,21036,41156
525,525,pv_23_6608,83653.65,5126,22884
526,526,pv_23_674,83654.32,18826,23534
527,527,pv_23_3939_1,83655.41,33248,17126
528,528,pv_23_6723_1,83655.88,38550,5576
529,529,pv_23_1801_1,83656.03,21526,18656
530,530,pv_23_3627_1,83656.36,21156,28674
531,531,pv_23_3178_0,83656.64,31500,1784
532,532,pv_23_6517_1,83658.36,19156,29586
533,533,pv_23_540_0,83659.37,31988,41876
534,534,pv_23_124,83663.15,12370,30920
535,535,pv_23_6_1,83666.65,30536,18496
536,536,pv_23_2440,83668.06,17742,16212
537,537,pv_23_2060,83668.85,12552,12516
538,538,pv_23_4988_0,83669.67,39108,30448
539,539,pv_23_7_0,83671.23,18574,17012
540,540,pv_23_4591,83671.76,39630,17126
541,541,pv_23_6746,83672.75,23344,17686
542,542,pv_23_1853_0,83673.57,39428,8296
543,543,pv_23_862,83675.17,10860,38074
544,544,pv_23_15_1,83675.17,10972,10226
545,545,pv_23_2781_1,83676.04,38712,36312
546,546,pv_23_2558_0,83679.18,16250,36882
547,547,pv_23_6554,83679.18,12516,18966
548,548,pv_23_3742_0,83680.44,24040,37196
549,549,pv_23_4612_1,83682.13,18962,17924
550,550,pv_23_894,83685.14,20192,17126
551,551,pv_23_4940,83685.62,39108,4480
552,552,pv_23_2614_0,83688.22,5226,3876
553,553,pv_23_6744,83688.26,3230,32146
554,554,pv_23_3788,83690.25,15572,2848
555,555,pv_23_4042_0,83690.6,36838,16180
556,556,pv_23_6932_1,83690.6,32450,18938
557,557,pv_23_6269_1,83694.47,39108,32422
558,558,pv_23_698,83697.74,7710,28306
559,559,pv_23_6290_1,83698.31,13452,38994
560,560,pv_23_868,83698.56,24748,31612
561,561,pv_23_2420_1,83699.19,39856,31948
562,562,pv_23_6289_0,83700.08,20150,37484
563,563,pv_23_3253,83700.08,39396,644
564,564,pv_23_3429,83700.24,8872,9660
565,565,pv_23_951,83701.62,20172,16180
566,566,pv_23_2304_1,83702.51,39882,17126
567,567,pv_23_694_1,83703.69,7860,36790
568,568,pv_23_5594,83706.03,41864,16432
569,569,pv_23_2696_0,83706.06,34200,8560
570,570,pv_23_3544,83708.95,7446,35198
571,571,pv_23_6636_1,83713.13,28700,5852
572,572,pv_23_3990_0,83714.6,15218,33078
573,573,pv_23_4980,83718.0,39108,18582
574,574,pv_23_1921_1,83719.33,2534,6518
575,575,pv_23_1816,83722.27,5692,41876
576,576,pv_23_737_0,83722.69,24966,15090
577,577,pv_23_2297,83723.12,18698,37290
578,578,pv_23_2209_1,83723.26,30138,22444
579,579,pv_23_1821_1,83724.19,1670,22120
580,580,pv_23_1552,83724.19,19784,30920
581,581,pv_23_454_0,83724.97,19670,23554
582,582,pv_23_3916,83725.95,35214,22976
583,583,pv_23_6322,83729.93,23554,18682
584,584,pv_23_2661_0,83729.93,18186,29920
585,585,pv_23_5080_1,83729.93,15498,31868
586,586,pv_23_2773_0,83729.97,16772,16840
587,587,pv_23_77_1,83739.72,41498,35166
588,588,pv_23_3355,83741.42,11272,10688
589,589,pv_23_3545,83741.47,27962,28100
590,590,pv_23_6720_1,83742.76,33788,7058
591,591,pv_23_2404,83744.73,6634,36156
592,592,pv_23_6290_0,83744.96,13452,38994
593,593,pv_23_606_1,83744.96,28774,30920
594,594,pv_23_664_0,83749.27,28310,30920
595,595,pv_23_5240_0,83750.69,35728,6804
596,596,pv_23_6892,83752.47,29170,18474
597,597,pv_23_5928,83753.52,19808,2640
598,598,pv_23_2640,83753.92,25532,15370
599,599,pv_23_1920_0,83753.92,39980,6514
600,600,pv_23_2297_0,83754.16,18698,37290
601,601,pv_23_4984_1,83754.17,39108,776
602,602,pv_23_6016,83754.34,19808,90
603,603,pv_23_3205,83757.5,37768,17126
604,604,pv_23_1183_1,83757.56,11204,1232
605,605,pv_23_2442,83760.52,6132,39832
606,606,pv_23_6266_0,83765.43,39108,29366
607,607,pv_23_2169,83765.43,40054,18384
608,608,pv_23_601,83765.51,28896,32450
609,609,pv_23_4067_0,83766.2,15216,30920
610,610,pv_23_7120_1,83766.7,41818,8198
611,611,pv_23_327_1,83773.0,29948,3396
612,612,pv_23_2702,83774.31,27542,28490
613,613,pv_23_1394,83775.4,19046,17126
614,614,pv_23_1820_0,83775.4,26354,25522
615,615,pv_23_781_1,83776.89,21356,8166
616,616,pv_23_5239_1,83777.46,35728,28798
617,617,pv_23_2637_0,83778.19,38598,38264
618,618,pv_23_1047,83780.33,37828,17494
619,619,pv_23_5244_0,83782.01,35728,31762
620,620,pv_23_2105,83787.66,5892,31206
621,621,pv_23_914_1,83787.82,38272,30920
622,622,pv_23_5264_0,83788.65,35728,24898
623,623,pv_23_6329,83790.07,23554,13822
624,624,pv_23_314_1,83790.48,12286,30920
625,625,pv_23_2584,83791.09,39526,31448
626,626,pv_23_6824,83791.4,23792,28228
627,627,pv_23_6200_1,83791.46,2396,7430
628,628,pv_23_5633,83792.35,41864,6510
629,629,pv_23_4704_1,83794.68,2848,37512
630,630,pv_23_3533,83794.85,27970,23916
631,631,pv_23_6347,83796.12,12514,10624
632,632,pv_23_931_0,83799.16,26148,22976
633,633,pv_23_2584_1,83799.16,39526,31448
634,634,pv_23_4979_0,83802.7,39108,23970
635,635,pv_23_4594_0,83803.31,36156,12514
636,636,pv_23_133_0,83805.17,16664,41876
637,637,pv_23_6382_1,83806.07,13164,25992
638,638,pv_23_5532_1,83806.39,19808,14696
639,639,pv_23_677,83806.82,27850,30920
640,640,pv_23_1605_0,83808.82,24982,41876
641,641,pv_23_2558_1,83810.07,16250,36882
642,642,pv_23_5071,83812.03,17264,14504
643,643,pv_23_6649,83812.46,20408,26612
644,644,pv_23_1813_1,83813.25,18006,41876
645,645,pv_23_120,83813.84,22600,14254
646,646,pv_23_4571_0,83818.31,39632,23012
647,647,pv_23_497,83820.3,31988,7518
648,648,pv_23_3442,83820.71,36758,33780
649,649,pv_23_5138,83828.27,32026,41214
650,650,pv_23_2378_1,83829.77,5808,10258
651,651,pv_23_5286_1,83829.87,35728,29132
652,652,pv_23_6422_0,83832.41,2760,15506
653,653,pv_23_3607_1,83832.41,13904,3866
654,654,pv_23_4167,83832.41,9494,25700
655,655,pv_23_6150,83832.62,2396,1426
656,656,pv_23_1998_0,83833.37,34068,30920
657,657,pv_23_4006,83833.42,3774,28010
658,658,pv_23_3445,83834.78,27576,12514
659,659,pv_23_2616_1,83834.78,38708,21336
660,660,pv_23_1344_1,83840.43,28194,2396
661,661,pv_23_5781_1,83842.02,19808,7654
662,662,pv_23_2320,83842.73,20004,480
663,663,pv_23_6576,83847.49,24076,18580
664,664,pv_23_6339_1,83847.99,33792,28316
665,665,pv_23_797,83852.11,16426,19862
666,666,pv_23_405_0,83852.13,2656,12502
667,667,pv_23_5625_1,83853.63,41864,18234
668,668,pv_23_1369,83853.9,20228,17126
669,669,pv_23_362_1,83854.48,31992,38508
670,670,pv_23_3394_1,83854.73,36702,6100
671,671,pv_23_5498,83855.92,19808,35170
672,672,pv_23_3468,83857.92,6880,3396
673,673,pv_23_7101_1,83858.42,29032,18798
674,674,pv_23_2420_0,83858.42,39856,31948
675,675,pv_23_547,83858.42,31980,41876
676,676,pv_23_2523_0,83858.42,25124,17126
677,677,pv_23_5145,83861.6,32026,9092
678,678,pv_23_7222_0,83865.52,33502,15506
679,679,pv_23_2541_1,83867.99,1768,13402
680,680,pv_23_7154_1,83869.88,5938,41822
681,681,pv_23_474,83871.23,19606,23114
682,682,pv_23_2494_1,83873.06,1882,33604
683,683,pv_23_4010,83875.02,26674,23078
684,684,pv_23_6199_1,83877.29,22444,7366
685,685,pv_23_1558_0,83878.9,28196,30920
686,686,pv_23_3144,83880.45,24318,34758
687,687,pv_23_7184_0,83880.45,22120,20950
688,688,pv_23_4059_0,83886.7,37076,14254
689,689,pv_23_555,83888.35,19612,30920
690,690,pv_23_1917_1,83888.35,9252,8730
691,691,pv_23_3749_0,83888.72,22438,22758
692,692,pv_23_470,83889.73,19598,34
693,693,pv_23_2529,83895.58,1778,14254
694,694,pv_23_3505,83895.65,8012,14992
695,695,pv_23_142_1,83896.99,10606,41876
696,696,pv_23_2345_0,83896.99,33728,33790
697,697,pv_23_3530,83898.19,27976,28492
698,698,pv_23_1657,83898.86,40202,2848
699,699,pv_23_7178_0,83899.67,28586,41170
700,700,pv_23_1584_0,83900.31,11688,41876
701,701,pv_23_4545,83903.1,7064,17924
702,702,pv_23_3395_1,83904.14,11880,7810
703,703,pv_23_5441_1,83906.81,19808,1848
704,704,pv_23_6078_1,83907.39,2848,18042
705,705,pv_23_6896_1,83910.23,41038,19002
706,706,pv_23_4980_1,83910.27,39108,18582
707,707,pv_23_6605_0,83916.8,34170,38270
708,708,pv_23_472_0,83918.61,15632,7816
709,709,pv_23_7141,83921.86,16398,17602
710,710,pv_23_1439,83924.11,41256,16180
711,711,pv_23_637_0,83924.7,28422,10686
712,712,pv_23_939_0,83925.55,556,22444
713,713,pv_23_145_0,83929.57,36222,30920
714,714,pv_23_6096,83929.57,2848,26932
715,715,pv_23_25_1,83936.95,1202,2396
716,716,pv_23_7065_1,83939.29,508,2646
717,717,pv_23_5281,83941.21,35728,34732
718,718,pv_23_4012,83941.73,22460,39976
719,719,pv_23_4976,83944.58,39108,6274
720,720,pv_23_2155_0,83946.17,17898,38822
721,721,pv_23_758_1,83948.05,2298,30920
722,722,pv_23_26_1,83949.24,21078,17126
723,723,pv_23_6197,83951.59,22444,32618
724,724,pv_23_2540,83952.65,1720,41876
725,725,pv_23_5723_0,83952.82,34746,33752
726,726,pv_23_7067_1,83953.5,40550,41218
727,727,pv_23_5288_1,83958.66,35728,31260
728,728,pv_23_2334,83959.06,26662,17990
729,729,pv_23_3973_0,83961.59,37108,29372
730,730,pv_23_4264_1,83962.01,22878,30920
731,731,pv_23_6854_0,83964.8,4542,41864
732,732,pv_23_2062,83965.32,11892,3510
733,733,pv_23_4226_1,83965.32,9514,30920
734,734,pv_23_5273_0,83965.32,35728,12470
735,735,pv_23_1292,83968.75,19786,22444
736,736,pv_23_4705,83970.37,2848,36588
737,737,pv_23_3346,83970.61,29524,30920
738,738,pv_23_761_1,83970.61,2304,41876
739,739,pv_23_4269_0,83971.88,5658,30920
740,740,pv_23_5501,83972.41,19808,13646
741,741,pv_23_3300_0,83972.41,15240,14608
742,742,pv_23_5086_0,83972.66,17264,29158
743,743,pv_23_955_1,83972.71,1962,39350
744,744,pv_23_3394,83973.34,36702,6100
745,745,pv_23_617,83974.05,40448,41612
746,746,pv_23_6707_0,83975.39,1166,13666
747,747,pv_23_2002_1,83980.96,2546,41876
748,748,pv_23_714,83981.33,17782,12514
749,749,pv_23_6882_1,83981.55,27524,16562
750,750,pv_23_2171_1,83988.68,24274,28494
751,751,pv_23_2767_0,83991.74,12822,15394
752,752,pv_23_6447_0,83994.22,36206,7868
753,753,pv_23_6252_0,83999.77,39108,15924
754,754,pv_23_3465_0,84001.03,33704,2396
755,755,pv_23_3733_1,84003.3,2386,19014
756,756,pv_23_3033,84003.58,40526,30920
757,757,pv_23_4955,84008.4,39108,16304
758,758,pv_23_2390_1,84008.71,11386,9022
759,759,pv_23_6496_0,84010.44,23916,7912
760,760,pv_23_2076,84010.44,26162,41876
761,761,pv_23_3598,84011.28,15184,29846
762,762,pv_23_517_0,84013.1,33602,17126
763,763,pv_23_530_1,84013.22,31986,14254
764,764,pv_23_2698,84017.72,40502,18474
765,765,pv_23_362,84017.95,31992,38508
766,766,pv_23_3696_0,84018.5,40788,8678
767,767,pv_23_5164,84020.06,32026,8708
768,768,pv_23_2206_0,84025.64,30134,2848
769,769,pv_23_3189,84025.72,8554,40392
770,770,pv_23_3464,84027.51,33704,22444
771,771,pv_23_367_1,84028.41,39646,2648
772,772,pv_23_534,84028.62,36800,30920
773,773,pv_23_5552,84029.55,41864,12484
774,774,pv_23_5540_1,84029.55,19808,14734
775,775,pv_23_2328,84034.45,6660,13602
776,776,pv_23_405_1,84034.5,2656,12502
777,777,pv_23_6052_0,84034.5,2848,31938
778,778,pv_23_4354_0,84036.89,2448,32110
779,779,pv_23_454_1,84040.5,19670,23554
780,780,pv_23_6605,84041.27,34170,38270
781,781,pv_23_2037_1,84048.89,34932,17212
782,782,pv_23_2433_1,84053.88,35254,2026
783,783,pv_23_7120_0,84054.56,41818,8198
784,784,pv_23_3503,84057.17,8002,14996
785,785,pv_23_5296,84062.77,35728,36292
786,786,pv_23_1921_0,84065.93,2534,6518
787,787,pv_23_4784,84065.93,22444,41754
788,788,pv_23_4546_1,84066.93,14232,3372
789,789,pv_23_714_1,84072.17,17782,12514
790,790,pv_23_788_1,84072.75,14538,8082
791,791,pv_23_6326_1,84074.99,23554,7908
792,792,pv_23_3531_0,84074.99,15466,28494
793,793,pv_23_4306_0,84076.5,9506,7992
794,794,pv_23_894_0,84076.78,20192,17126
795,795,pv_23_4572_1,84077.19,39218,21184
796,796,pv_23_4557_1,84081.92,7062,2652
797,797,pv_23_2701_0,84081.92,17636,28490
798,798,pv_23_1165,84082.71,37732,39998
799,799,pv_23_6237,84085.72,3396,35182
800,800,pv_23_4193,84086.79,14346,22444
801,801,pv_23_4292_1,84087.0,9688,23554
802,802,pv_23_6388_0,84087.06,7690,35706
803,803,pv_23_809_1,84087.13,31774,17126
804,804,pv_23_4516_1,84088.47,27604,34702
805,805,pv_23_5715,84089.45,41864,5020
806,806,pv_23_131_0,84089.45,4554,30920
807,807,pv_23_4721,84089.76,2848,11036
808,808,pv_23_5265_0,84092.69,35728,31594
809,809,pv_23_3840,84093.19,3650,17126
810,810,pv_23_4067,84094.72,15216,30920
811,811,pv_23_775,84096.06,22326,17126
812,812,pv_23_5260,84097.54,35728,22626
813,813,pv_23_5781,84100.11,19808,7654
814,814,pv_23_2373,84101.3,5800,9014
815,815,pv_23_7175,84102.32,22738,8266
816,816,pv_23_608_0,84104.28,3408,40078
817,817,pv_23_36_0,84107.15,19028,40552
818,818,pv_23_618,84108.66,33230,3072
819,819,pv_23_937,84109.8,1960,2396
820,820,pv_23_529_1,84111.84,15798,14254
821,821,pv_23_5557_1,84114.54,41864,32022
822,822,pv_23_2405,84114.54,26964,41864
823,823,pv_23_5550_0,84116.35,41864,32462
824,824,pv_23_2642_0,84116.55,6742,40210
825,825,pv_23_5690,84116.55,41864,11426
826,826,pv_23_7160,84119.16,38760,36576
827,827,pv_23_6712_1,84119.91,1166,7586
828,828,pv_23_2233_1,84130.32,16860,14254
829,829,pv_23_2381,84130.97,26310,33738
830,830,pv_23_7067_0,84133.49,40550,41218
831,831,pv_23_761_0,84133.84,2304,41876
832,832,pv_23_7201_0,84133.84,17556,18982
833,833,pv_23_6007_0,84134.17,19808,22714
834,834,pv_23_585_1,84136.71,10120,17126
835,835,pv_23_3462_1,84138.68,5702,2396
836,836,pv_23_7_1,84140.4,18574,17012
837,837,pv_23_4062,84141.45,8596,30920
838,838,pv_23_6201,84142.04,22444,37290
839,839,pv_23_2006_0,84142.64,19570,22976
840,840,pv_23_290_0,84144.47,10718,30920
841,841,pv_23_3339,84144.67,20390,29586
842,842,pv_23_1443,84145.04,2732,32452
843,843,pv_23_1928_0,84145.56,22624,28492
844,844,pv_23_814_0,84145.74,27358,14254
845,845,pv_23_4114_0,84147.67,26770,41076
846,846,pv_23_1378,84148.89,37792,17126
847,847,pv_23_6958,84151.79,23990,3674
848,848,pv_23_1037,84155.12,16008,8934
849,849,pv_23_5371_1,84155.12,19808,39668
850,850,pv_23_4236,84158.01,4594,30920
851,851,pv_23_5492,84160.28,19808,22232
852,852,pv_23_7081,84160.59,38938,41218
853,853,pv_23_657_0,84161.06,18796,17126
854,854,pv_23_2401,84161.68,6640,37070
855,855,pv_23_556_1,84161.71,35310,30920
856,856,pv_23_4176_0,84163.11,19026,24168
857,857,pv_23_4001_0,84164.24,780,28494
858,858,pv_23_5234,84164.37,35728,22056
859,859,pv_23_2703_1,84165.7,15552,30228
860,860,pv_23_894_1,84168.87,20192,17126
861,861,pv_23_3300,84175.32,15240,14608
862,862,pv_23_2401_0,84177.24,6640,37070
863,863,pv_23_4591_1,84177.31,39630,17126
864,864,pv_23_468,84177.33,10164,37370
865,865,pv_23_6851_1,84177.81,4486,33108
866,866,pv_23_4623,84178.12,22976,39648
867,867,pv_23_587_0,84178.62,14902,6102
868,868,pv_23_3934,84179.63,3812,22444
869,869,pv_23_2059,84181.25,24652,17126
870,870,pv_23_386,84193.73,38536,14746
871,871,pv_23_862_1,84193.73,10860,38074
872,872,pv_23_3245,84196.44,23920,3240
873,873,pv_23_5550_1,84198.85,41864,32462
874,874,pv_23_6657_1,84200.54,736,39604
875,875,pv_23_924_1,84201.37,15528,41876
876,876,pv_23_5631,84202.17,41864,7096
877,877,pv_23_3104_0,84202.17,18162,36448
878,878,pv_23_1214,84202.23,3932,27524
879,879,pv_23_3855,84202.45,15572,14254
880,880,pv_23_6265_1,84207.61,39108,31562
881,881,pv_23_3190,84207.61,8556,14204
882,882,pv_23_4041_0,84212.47,15408,36448
883,883,pv_23_5091_0,84212.47,32026,41568
884,884,pv_23_6662_1,84212.47,5966,26020
885,885,pv_23_908_0,84214.18,21866,736
886,886,pv_23_660,84215.41,41028,12520
887,887,pv_23_2067,84217.76,29512,14254
888,888,pv_23_3204_0,84219.29,7904,41876
889,889,pv_23_64,84221.92,19276,22688
890,890,pv_23_4776_0,84221.92,2396,21336
891,891,pv_23_2352,84226.45,7090,41876
892,892,pv_23_6877_0,84227.18,4814,30048
893,893,pv_23_6712_0,84229.04,1166,7586
894,894,pv_23_1333,84229.32,37134,22444
895,895,pv_23_2005_0,84230.73,41930,30920
896,896,pv_23_4119_1,84232.6,26126,22116
897,897,pv_23_3734_1,84234.99,35218,23914
898,898,pv_23_1904_0,84236.84,24872,41026
899,899,pv_23_1830,84237.86,38824,1010
900,900,pv_23_1588_0,84238.58,4674,41876
901,901,pv_23_4606,84239.9,36156,41876
902,902,pv_23_541_0,84240.58,1458,41876
903,903,pv_23_551_1,84240.95,15664,13402
904,904,pv_23_6556,84241.12,16680,33580
905,905,pv_23_3914,84243.16,36292,2848
906,906,pv_23_3698_0,84243.94,37292,38014
907,907,pv_23_3504,84244.36,37604,35006
908,908,pv_23_4978,84246.82,39108,32630
909,909,pv_23_1697,84248.08,16056,2396
910,910,pv_23_4519_0,84250.07,29274,30920
911,911,pv_23_606_0,84250.47,28774,30920
912,912,pv_23_2407_0,84252.63,5788,17126
913,913,pv_23_946_1,84252.85,19464,12504
914,914,pv_23_4866,84252.9,2396,38404
915,915,pv_23_6472_1,84257.3,24022,20334
916,916,pv_23_761,84258.09,2304,41876
917,917,pv_23_2324,84259.49,26968,34902
918,918,pv_23_6845_1,84263.97,21466,41824
919,919,pv_23_4960_1,84265.99,39108,25126
920,920,pv_23_5209_0,84267.88,32026,26772
921,921,pv_23_5628_1,84269.69,41864,8688
922,922,pv_23_6673,84269.69,19858,24554
923,923,pv_23_2698_1,84270.78,40502,18474
924,924,pv_23_286,84271.1,41888,30920
925,925,pv_23_3202,84273.4,40656,14254
926,926,pv_23_77,84275.86,41498,35166
927,927,pv_23_1484_0,84276.92,37130,14254
928,928,pv_23_6328,84278.44,3396,35166
929,929,pv_23_6094_0,84279.15,2848,38948
930,930,pv_23_6276,84279.15,39108,23118
931,931,pv_23_6650,84282.81,12518,31920
932,932,pv_23_4258_1,84286.01,35760,18202
933,933,pv_23_4557,84289.18,7062,2652
934,934,pv_23_4561,84290.97,6990,27308
935,935,pv_23_3061_0,84291.42,40524,2848
936,936,pv_23_2047,84291.76,24782,14614
937,937,pv_23_1039_0,84292.11,40206,41896
938,938,pv_23_1961,84292.57,41930,22444
939,939,pv_23_3790_0,84293.08,6048,22976
940,940,pv_23_2557,84293.92,26570,18214
941,941,pv_23_871_0,84294.62,20168,2716
942,942,pv_23_3850_1,84294.62,39842,3490
943,943,pv_23_2996,84295.75,36324,41876
944,944,pv_23_6482,84295.94,21444,26010
945,945,pv_23_2416,84297.97,12474,16182
946,946,pv_23_2201,84298.11,4030,7122
947,947,pv_23_6257_1,84298.67,39108,4642
948,948,pv_23_2456,84299.26,26410,35820
949,949,pv_23_734_1,84301.01,26088,34028
950,950,pv_23_6182_1,84303.16,2396,31220
951,951,pv_23_7204,84305.69,33502,13606
952,952,pv_23_6140_1,84310.74,2396,21034
953,953,pv_23_2883_1,84314.6,33952,20410
954,954,pv_23_3178_1,84314.6,31500,1784
955,955,pv_23_693_0,84315.07,18806,18216
956,956,pv_23_3817_0,84317.2,23406,22444
957,957,pv_23_6602,84317.2,35748,23988
958,958,pv_23_2158_1,84319.06,41894,9164
959,959,pv_23_3518_1,84319.08,4078,2268
960,960,pv_23_717_1,84319.29,28276,41876
961,961,pv_23_950_0,84319.56,39762,21112
962,962,pv_23_5611_1,84319.56,41864,38138
963,963,pv_23_1820,84319.57,26354,25522
964,964,pv_23_6671_0,84320.46,230,94
965,965,pv_23_195_1,84323.26,33494,16974
966,966,pv_23_530_0,84325.35,31986,14254
967,967,pv_23_5229_0,84328.0,35728,21042
968,968,pv_23_128_1,84331.64,37526,30920
969,969,pv_23_2237,84333.08,40836,30920
970,970,pv_23_3927_1,84333.51,28564,22444
971,971,pv_23_2703_0,84334.36,15552,30228
972,972,pv_23_490_0,84334.91,38926,22732
973,973,pv_23_5307,84336.63,35728,4860
974,974,pv_23_2306_1,84336.84,8708,728
975,975,pv_23_6203_1,84337.38,22444,23404
976,976,pv_23_7028_0,84338.28,22112,8848
977,977,pv_23_6521,84343.92,22730,41218
978,978,pv_23_3231_0,84344.87,2614,8046
979,979,pv_23_2712_0,84346.28,36382,20322
980,980,pv_23_1371,84347.13,38228,17126
981,981,pv_23_531_0,84349.99,15638,17126
982,982,pv_23_744,84349.99,8140,2396
983,983,pv_23_3543,84350.28,27922,28120
984,984,pv_23_6859,84356.29,17178,31220
985,985,pv_23_1485_1,84357.15,23020,14254
986,986,pv_23_591,84358.18,13962,16340
987,987,pv_23_5195,84362.37,32026,23912
988,988,pv_23_6670,84364.34,230,19040
989,989,pv_23_552,84364.71,19606,17928
990,990,pv_23_7052_1,84366.99,16534,41824
991,991,pv_23_5300,84367.55,35728,25678
992,992,pv_23_3732_1,84369.44,26536,28492
993,993,pv_23_5243_1,84370.33,35728,7718
994,994,pv_23_4610,84370.66,25178,41876
995,995,pv_23_5115_0,84370.66,32026,8140
996,996,pv_23_4552_0,84370.88,2452,20412
997,997,pv_23_4950,84371.01,39108,5850
998,998,pv_23_4108,84372.59,31336,17126
999,999,pv_23_4234,84376.85,19034,30920
1000,1000,pv_23_494_0,84379.16,29678,12076
1001,1001,pv_23_4297,84379.16,41228,36448
1002,1002,pv_23_1858,84386.68,29956,22976
1003,1003,pv_23_2417_0,84390.51,17488,23198
1004,1004,pv_23_335,84390.51,9224,32450
1005,1005,pv_23_3179,84392.04,41596,17380
1006,1006,pv_23_5462_0,84392.08,19808,22722
1007,1007,pv_23_5322_1,84392.75,19808,39650
1008,1008,pv_23_2533_1,84393.53,306,30920
1009,1009,pv_23_6844,84393.86,476,34962
1010,1010,pv_23_2314_0,84394.12,40714,22444
1011,1011,pv_23_3541,84394.24,36804,11524
1012,1012,pv_23_3477,84394.32,15112,33796
1013,1013,pv_23_29_1,84394.6,9804,23650
1014,1014,pv_23_7223_1,84397.73,33496,36862
1015,1015,pv_23_5640_1,84402.99,41864,27608
1016,1016,pv_23_6850,84408.83,4486,17998
1017,1017,pv_23_2290_1,84410.11,41654,29400
1018,1018,pv_23_1168_1,84412.63,33840,22456
1019,1019,pv_23_2565_1,84416.38,34740,23484
1020,1020,pv_23_3786_0,84416.81,17862,2848
1021,1021,pv_23_867,84416.87,692,10226
1022,1022,pv_23_7183,84417.9,28586,20736
1023,1023,pv_23_3202_0,84420.43,40656,14254
1024,1024,pv_23_2038,84422.4,23638,22714
1025,1025,pv_23_1317_1,84423.0,16002,2396
1026,1026,pv_23_27_1,84423.23,39038,17126
1027,1027,pv_23_2311_1,84423.78,29332,41876
1028,1028,pv_23_584,84424.23,8356,17126
1029,1029,pv_23_3451_0,84425.46,33048,41876
1030,1030,pv_23_4608,84425.46,25414,41876
1031,1031,pv_23_5640_0,84427.48,41864,27608
1032,1032,pv_23_5230_1,84427.79,35728,30500
1033,1033,pv_23_4971,84428.88,39108,12358
1034,1034,pv_23_6918_0,84433.85,9636,12328
1035,1035,pv_23_6508,84433.85,3546,28668
1036,1036,pv_23_5634,84434.86,41864,26940
1037,1037,pv_23_6880,84435.64,4770,25140
1038,1038,pv_23_6671_1,84437.02,230,94
1039,1039,pv_23_7162_0,84437.02,38762,28486
1040,1040,pv_23_540_1,84437.83,31988,41876
1041,1041,pv_23_2457,84439.6,5950,16182
1042,1042,pv_23_4051,84441.14,37092,33778
1043,1043,pv_23_6078_0,84441.16,2848,18042
1044,1044,pv_23_2999,84444.3,14782,41876
1045,1045,pv_23_5243_0,84444.3,35728,7718
1046,1046,pv_23_2320_0,84445.86,20004,480
1047,1047,pv_23_5026_1,84446.01,33024,38146
1048,1048,pv_23_7067,84448.18,40550,41218
1049,1049,pv_23_6546,84450.21,14860,6168
1050,1050,pv_23_5558_1,84450.28,41864,1708
1051,1051,pv_23_4217_1,84452.84,30388,14254
1052,1052,pv_23_583,84452.84,34476,17126
1053,1053,pv_23_2145_0,84455.85,40702,7302
1054,1054,pv_23_4915_1,84455.85,39108,22332
1055,1055,pv_23_5292_0,84456.83,35728,36656
1056,1056,pv_23_1938,84457.89,34068,28988
1057,1057,pv_23_352,84459.34,1278,7668
1058,1058,pv_23_1_1,84461.04,40772,7820
1059,1059,pv_23_5281_0,84463.52,35728,34732
1060,1060,pv_23_4443,84463.52,26068,17126
1061,1061,pv_23_4293,84464.35,9518,23554
1062,1062,pv_23_3021,84471.07,11454,17926
1063,1063,pv_23_6266,84472.76,39108,29366
1064,1064,pv_23_6845_0,84473.5,21466,41824
1065,1065,pv_23_6387_0,84475.56,27842,31678
1066,1066,pv_23_2562,84476.94,6784,34060
1067,1067,pv_23_2981,84478.51,36356,41876
1068,1068,pv_23_2418_0,84479.82,32434,39560
1069,1069,pv_23_7136_1,84488.13,16330,19044
1070,1070,pv_23_6435_0,84489.56,2762,634
1071,1071,pv_23_1723_0,84490.55,26150,3396
1072,1072,pv_23_1387,84491.11,41252,17126
1073,1073,pv_23_981_0,84491.26,41430,7852
1074,1074,pv_23_2249_0,84493.56,8848,41876
1075,1075,pv_23_6006_0,84493.64,19808,28148
1076,1076,pv_23_1067_0,84495.89,41332,17790
1077,1077,pv_23_527_0,84496.42,37384,33776
1078,1078,pv_23_6384_0,84498.04,31410,8050
1079,1079,pv_23_7032_1,84498.04,3686,3470
1080,1080,pv_23_7244_1,84501.79,21954,31690
1081,1081,pv_23_19,84501.79,19026,13860
1082,1082,pv_23_2383,84508.95,32430,18370
1083,1083,pv_23_5232_0,84510.17,35728,36812
1084,1084,pv_23_5698,84510.91,41864,10470
1085,1085,pv_23_6502,84514.39,34244,7282
1086,1086,pv_23_4620,84517.06,2848,19230
1087,1087,pv_23_43_0,84518.67,9802,14860
1088,1088,pv_23_7206_1,84519.78,39652,16212
1089,1089,pv_23_2750_1,84520.11,36362,6372
1090,1090,pv_23_4595_1,84524.16,6994,31772
1091,1091,pv_23_1183,84524.16,11204,1232
1092,1092,pv_23_7002,84524.21,31136,9204
1093,1093,pv_23_946_0,84527.39,19464,12504
1094,1094,pv_23_2700_1,84527.4,25542,37162
1095,1095,pv_23_677_1,84528.33,27850,30920
1096,1096,pv_23_2474,84528.33,2902,41876
1097,1097,pv_23_1357,84529.76,38224,17126
1098,1098,pv_23_508_1,84530.32,38924,16318
1099,1099,pv_23_6552,84530.32,38552,640
1100,1100,pv_23_2607,84530.73,27056,7716
1101,1101,pv_23_3524,84531.57,234,6606
1102,1102,pv_23_4747_0,84533.17,2396,38930
1103,1103,pv_23_2530_1,84533.86,21770,14254
1104,1104,pv_23_5092,84534.44,32026,38868
1105,1105,pv_23_2541,84534.9,1768,13402
1106,1106,pv_23_575_0,84536.55,37384,36438
1107,1107,pv_23_3540,84536.55,7334,11538
1108,1108,pv_23_580,84537.23,13164,9622
1109,1109,pv_23_5636,84541.17,41864,14288
1110,1110,pv_23_4059_1,84541.54,37076,14254
1111,1111,pv_23_2523_1,84542.51,25124,17126
1112,1112,pv_23_1767,84547.62,28194,728
1113,1113,pv_23_3500_1,84547.99,4094,31290
1114,1114,pv_23_5581,84550.19,41864,2296
1115,1115,pv_23_2124,84551.01,10692,730
1116,1116,pv_23_2542_0,84555.74,25098,40548
1117,1117,pv_23_5257_0,84561.58,35728,40722
1118,1118,pv_23_486_1,84561.58,22132,5964
1119,1119,pv_23_622,84563.51,33256,28814
1120,1120,pv_23_556,84563.63,35310,30920
1121,1121,pv_23_2318_1,84565.87,29312,14266
1122,1122,pv_23_2260_0,84567.01,22666,41876
1123,1123,pv_23_4571,84568.19,39632,23012
1124,1124,pv_23_3392_0,84568.41,27414,30676
1125,1125,pv_23_3436,84571.69,11878,22976
1126,1126,pv_23_3254,84573.77,11122,15508
1127,1127,pv_23_4591_0,84574.38,39630,17126
1128,1128,pv_23_3462_0,84576.51,5702,2396
1129,1129,pv_23_5231,84580.39,35728,41462
1130,1130,pv_23_6703_0,84580.39,20956,4378
1131,1131,pv_23_550_0,84580.67,22134,41876
1132,1132,pv_23_1998_1,84581.03,34068,30920
1133,1133,pv_23_2466_1,84581.1,25630,3510
1134,1134,pv_23_5070,84581.25,5474,21152
1135,1135,pv_23_2681,84582.27,25650,39220
1136,1136,pv_23_3829_1,84583.24,24068,17126
1137,1137,pv_23_6671,84584.83,230,94
1138,1138,pv_23_3261,84585.84,24584,17126
1139,1139,pv_23_4215_0,84591.57,9658,14254
1140,1140,pv_23_4194_1,84593.24,9642,17126
1141,1141,pv_23_2989,84595.21,25652,41876
1142,1142,pv_23_2635_1,84596.31,5130,20774
1143,1143,pv_23_5257,84596.31,35728,40722
1144,1144,pv_23_6314_1,84597.16,3396,26954
1145,1145,pv_23_4031_0,84602.54,15386,17126
1146,1146,pv_23_912_1,84603.22,24760,14254
1147,1147,pv_23_6932_0,84603.73,32450,18938
1148,1148,pv_23_816,84604.71,35386,41876
1149,1149,pv_23_5710_0,84605.75,41864,14096
1150,1150,pv_23_342,84607.7,2656,12368
1151,1151,pv_23_3344,84608.32,41190,12502
1152,1152,pv_23_5309_0,84609.38,35728,7116
1153,1153,pv_23_2386,84612.82,5818,17996
1154,1154,pv_23_8_1,84613.06,1240,12764
1155,1155,pv_23_2292_1,84613.4,22498,38462
1156,1156,pv_23_6697,84620.42,2762,30228
1157,1157,pv_23_2002,84621.89,2546,41876
1158,1158,pv_23_2646_1,84622.43,36884,17720
1159,1159,pv_23_6566_1,84623.33,19796,3412
1160,1160,pv_23_2621_1,84623.82,34402,31840
1161,1161,pv_23_180,84626.27,41476,28244
1162,1162,pv_23_7189_0,84626.43,21954,5002
1163,1163,pv_23_5248,84626.43,35728,2878
1164,1164,pv_23_2329,84626.63,11578,5530
1165,1165,pv_23_30_0,84628.99,18864,3488
1166,1166,pv_23_1641,84632.47,37814,22976
1167,1167,pv_23_2366,84634.72,27166,21126
1168,1168,pv_23_2350,84634.83,14862,41876
1169,1169,pv_23_4521_1,84637.14,35676,30920
1170,1170,pv_23_5238,84638.6,35728,33592
1171,1171,pv_23_6140_0,84639.95,2396,21034
1172,1172,pv_23_3486,84643.07,13776,18360
1173,1173,pv_23_25,84645.29,1202,2396
1174,1174,pv_23_6326,84645.29,23554,7908
1175,1175,pv_23_6517_0,84645.97,19156,29586
1176,1176,pv_23_1987,84645.97,29810,14254
1177,1177,pv_23_3631_1,84650.62,13870,8976
1178,1178,pv_23_4592,84653.35,39224,17126
1179,1179,pv_23_658_1,84653.35,11846,17126
1180,1180,pv_23_3582,84654.63,7510,2396
1181,1181,pv_23_7042_0,84655.04,32552,28916
1182,1182,pv_23_799_0,84655.05,3294,19738
1183,1183,pv_23_6844_0,84655.77,476,34962
1184,1184,pv_23_5653,84658.94,41864,14856
1185,1185,pv_23_357,84660.85,21126,19814
1186,1186,pv_23_492,84662.79,32466,918
1187,1187,pv_23_4517_0,84664.77,17022,40548
1188,1188,pv_23_4289_1,84664.77,22892,2396
1189,1189,pv_23_4381,84670.43,5762,22728
1190,1190,pv_23_3450_1,84670.43,26166,30920
1191,1191,pv_23_5297,84673.3,35728,23882
1192,1192,pv_23_4546,84674.87,14232,3372
1193,1193,pv_23_5626_0,84681.38,41864,34938
1194,1194,pv_23_871_1,84682.28,20168,2716
1195,1195,pv_23_5204,84683.23,32026,20114
1196,1196,pv_23_6340,84687.5,33792,28448
1197,1197,pv_23_2657_1,84690.29,11818,3564
1198,1198,pv_23_79,84694.62,24874,466
1199,1199,pv_23_4082_1,84694.62,26668,30920
1200,1200,pv_23_4927,84695.03,39108,41268
1201,1201,pv_23_6490_1,84697.63,1260,36046
1202,1202,pv_23_5115,84698.24,32026,8140
1203,1203,pv_23_1860,84698.58,29650,2848
1204,1204,pv_23_4594,84700.83,36156,12514
1205,1205,pv_23_2387_0,84704.16,5844,7908
1206,1206,pv_23_1719,84704.88,40466,23554
1207,1207,pv_23_5108_1,84706.04,32026,27852
1208,1208,pv_23_7185_1,84706.85,2062,1042
1209,1209,pv_23_4599,84708.17,27666,14254
1210,1210,pv_23_1938_0,84711.13,34068,28988
1211,1211,pv_23_6710,84711.28,1166,7984
1212,1212,pv_23_849_1,84711.28,4430,33522
1213,1213,pv_23_816_0,84713.61,35386,41876
1214,1214,pv_23_3005,84714.31,38594,41876
1215,1215,pv_23_6245_0,84715.41,23554,22520
1216,1216,pv_23_6401,84715.81,23388,38448
1217,1217,pv_23_685_1,84717.21,28420,23554
1218,1218,pv_23_3321_0,84717.3,13186,38398
1219,1219,pv_23_6913_1,84717.84,35978,8802
1220,1220,pv_23_4213,84719.45,33642,14254
1221,1221,pv_23_2041,84720.03,4322,8890
1222,1222,pv_23_4056_0,84720.86,15412,14254
1223,1223,pv_23_3617_1,84724.02,11426,30906
1224,1224,pv_23_6636_0,84728.79,28700,5852
1225,1225,pv_23_5054,84729.34,39286,18640
1226,1226,pv_23_7101,84730.99,29032,18798
1227,1227,pv_23_2000,84731.7,15472,41876
1228,1228,pv_23_3740_1,84732.7,7980,20334
1229,1229,pv_23_2154,84732.7,18630,6408
1230,1230,pv_23_310_1,84734.58,33288,30920
1231,1231,pv_23_2779,84743.39,16720,25178
1232,1232,pv_23_5108,84745.47,32026,27852
1233,1233,pv_23_7045,84747.28,31306,2766
1234,1234,pv_23_6304_0,84748.58,19808,38948
1235,1235,pv_23_3469,84748.58,6940,3396
1236,1236,pv_23_5963,84749.5,19808,8374
1237,1237,pv_23_5615_0,84749.5,41864,22642
1238,1238,pv_23_5064,84751.79,5474,41244
1239,1239,pv_23_3597_0,84754.08,28124,17302
1240,1240,pv_23_4068_1,84754.56,19162,30920
1241,1241,pv_23_693_1,84759.06,18806,18216
1242,1242,pv_23_3586_0,84761.25,28016,17126
1243,1243,pv_23_528,84763.26,22092,14254
1244,1244,pv_23_4051_0,84763.26,37092,33778
1245,1245,pv_23_4307,84766.72,30400,33502
1246,1246,pv_23_2202_1,84774.37,34936,22976
1247,1247,pv_23_6497_0,84774.77,31404,31752
1248,1248,pv_23_6859_0,84775.38,17178,31220
1249,1249,pv_23_5236_0,84777.11,35728,33424
1250,1250,pv_23_6844_1,84778.25,476,34962
1251,1251,pv_23_2388_1,84778.44,5550,8506
1252,1252,pv_23_3693,84778.68,18960,8688
1253,1253,pv_23_4770_1,84781.62,22444,8140
1254,1254,pv_23_1875_0,84782.04,29958,14254
1255,1255,pv_23_583_0,84783.99,34476,17126
1256,1256,pv_23_4928,84783.99,39108,2892
1257,1257,pv_23_30_1,84785.5,18864,3488
1258,1258,pv_23_2667,84787.66,34432,31578
1259,1259,pv_23_813,84788.06,3292,14254
1260,1260,pv_23_413,84790.28,33496,14254
1261,1261,pv_23_3518_0,84792.01,4078,2268
1262,1262,pv_23_4545_0,84796.11,7064,17924
1263,1263,pv_23_5078,84796.11,20310,18590
1264,1264,pv_23_1395,84798.29,38208,17126
1265,1265,pv_23_5638,84800.74,41864,13010
1266,1266,pv_23_2698_0,84800.84,40502,18474
1267,1267,pv_23_4241,84805.91,2796,30920
1268,1268,pv_23_5080,84806.36,15498,31868
1269,1269,pv_23_4033_0,84806.36,6188,17126
1270,1270,pv_23_6389_1,84806.36,11922,9798
1271,1271,pv_23_2624_0,84809.34,27260,20972
1272,1272,pv_23_5232_1,84811.46,35728,36812
1273,1273,pv_23_4967,84811.46,39108,636
1274,1274,pv_23_3186_0,84812.22,8560,22644
1275,1275,pv_23_4572,84813.72,39218,21184
1276,1276,pv_23_2697,84813.78,41600,5764
1277,1277,pv_23_3754,84820.08,19830,6342
1278,1278,pv_23_63_1,84820.12,19624,29634
1279,1279,pv_23_2322,84821.44,28226,33498
1280,1280,pv_23_5410_1,84822.29,19808,38948
1281,1281,pv_23_530,84822.39,31986,14254
1282,1282,pv_23_164,84822.49,14652,37534
1283,1283,pv_23_2441,84823.17,26622,18642
1284,1284,pv_23_3834_0,84824.88,28086,17126
1285,1285,pv_23_5959,84825.53,19808,2692
1286,1286,pv_23_930_0,84827.11,20806,30920
1287,1287,pv_23_3161,84827.11,27178,33740
1288,1288,pv_23_11_1,84828.48,1242,37900
1289,1289,pv_23_3247,84829.6,4314,24594
1290,1290,pv_23_5266_1,84829.6,35728,39866
1291,1291,pv_23_2417_1,84831.81,17488,23198
1292,1292,pv_23_4548_0,84836.17,39608,16180
1293,1293,pv_23_354_1,84836.17,36896,18508
1294,1294,pv_23_1733,84837.58,184,17126
1295,1295,pv_23_4,84838.32,41076,20910
1296,1296,pv_23_3475,84839.89,27584,12518
1297,1297,pv_23_4036,84841.01,20508,17126
1298,1298,pv_23_3650_1,84843.12,13856,22606
1299,1299,pv_23_796_0,84845.03,3312,6274
1300,1300,pv_23_2058,84845.03,40290,17126
1301,1301,pv_23_2420,84845.13,39856,31948
1302,1302,pv_23_4410,84848.18,29158,9670
1303,1303,pv_23_5156,84848.7,32026,31560
1304,1304,pv_23_3506,84850.31,26880,28602
1305,1305,pv_23_3363,84851.11,3448,29664
1306,1306,pv_23_4969,84851.33,39108,724
1307,1307,pv_23_2573,84853.98,27214,22060
1308,1308,pv_23_2726_0,84853.98,12980,30058
1309,1309,pv_23_4966,84854.49,39108,5988
1310,1310,pv_23_3513_1,84854.49,466,41876
1311,1311,pv_23_1893_1,84857.07,29956,22976
1312,1312,pv_23_6845,84861.9,21466,41824
1313,1313,pv_23_3580_1,84862.05,6346,2848
1314,1314,pv_23_7126,84864.45,9142,6602
1315,1315,pv_23_432,84865.88,21096,34702
1316,1316,pv_23_3808_1,84866.03,19820,22444
1317,1317,pv_23_5726_1,84868.85,506,36274
1318,1318,pv_23_6557,84869.82,36448,31290
1319,1319,pv_23_3554_0,84870.28,8426,2848
1320,1320,pv_23_3423,84870.33,15064,27994
1321,1321,pv_23_1846_0,84872.17,38974,31548
1322,1322,pv_23_1896_0,84875.54,17378,3396
1323,1323,pv_23_475,84876.18,38928,1986
1324,1324,pv_23_5264,84877.69,35728,24898
1325,1325,pv_23_3567_0,84881.28,19872,17126
1326,1326,pv_23_911,84884.76,20778,14254
1327,1327,pv_23_3993_1,84884.87,10506,25770
1328,1328,pv_23_3856,84885.58,23404,14254
1329,1329,pv_23_4963_1,84887.73,39108,30228
1330,1330,pv_23_3394_0,84888.62,36702,6100
1331,1331,pv_23_2390,84888.62,11386,9022
1332,1332,pv_23_1916_0,84888.89,22612,24208
1333,1333,pv_23_4444_1,84888.89,14744,36448
1334,1334,pv_23_2701,84889.04,17636,28490
1335,1335,pv_23_3367,84891.15,37510,15792
1336,1336,pv_23_6238,84891.43,3396,28972
1337,1337,pv_23_7136,84893.8,16330,19044
1338,1338,pv_23_499,84893.81,33604,39838
1339,1339,pv_23_8_0,84896.46,1240,12764
1340,1340,pv_23_6706,84896.77,1166,14502
1341,1341,pv_23_660_1,84899.09,41028,12520
1342,1342,pv_23_5035_0,84904.45,33024,12322
1343,1343,pv_23_4032,84906.01,20620,17126
1344,1344,pv_23_6217_0,84911.44,23554,41002
1345,1345,pv_23_2781,84911.44,38712,36312
1346,1346,pv_23_5093_1,84914.55,32026,19658
1347,1347,pv_23_905_1,84915.29,39750,11390
1348,1348,pv_23_4289_0,84916.47,22892,2396
1349,1349,pv_23_4402_0,84917.75,39614,28562
1350,1350,pv_23_4512,84917.75,14620,41876
1351,1351,pv_23_856_0,84920.43,24756,25206
1352,1352,pv_23_6960_1,84924.25,6308,15954
1353,1353,pv_23_3166_0,84925.06,5092,14254
1354,1354,pv_23_6879_0,84929.38,25120,8092
1355,1355,pv_23_4557_0,84929.64,7062,2652
1356,1356,pv_23_6558,84929.64,15522,17942
1357,1357,pv_23_3763_1,84929.85,2386,148
1358,1358,pv_23_522_0,84933.95,22046,17126
1359,1359,pv_23_2473_1,84934.11,6130,41876
1360,1360,pv_23_2990,84936.35,38596,41876
1361,1361,pv_23_35,84937.89,19028,41876
1362,1362,pv_23_2033_1,84940.71,21388,10630
1363,1363,pv_23_775_0,84941.47,22326,17126
1364,1364,pv_23_6410,84943.4,24520,21006
1365,1365,pv_23_1396,84943.9,37842,17126
1366,1366,pv_23_7191_0,84944.87,17470,17572
1367,1367,pv_23_1331_0,84947.08,29000,22444
1368,1368,pv_23_4074_0,84947.12,29222,41876
1369,1369,pv_23_4177,84950.17,31026,8534
1370,1370,pv_23_4306_1,84952.66,9506,7992
1371,1371,pv_23_3199,84952.81,27708,9654
1372,1372,pv_23_6720,84956.77,33788,7058
1373,1373,pv_23_715_1,84956.77,17724,30920
1374,1374,pv_23_6651,84958.4,732,1196
1375,1375,pv_23_2676,84959.35,14754,27646
1376,1376,pv_23_3546,84961.13,36826,28106
1377,1377,pv_23_4001,84961.5,780,28494
1378,1378,pv_23_2292,84962.99,22498,38462
1379,1379,pv_23_6475_1,84963.94,3792,35172
1380,1380,pv_23_6490_0,84968.13,1260,36046
1381,1381,pv_23_2533,84969.13,306,30920
1382,1382,pv_23_1746,84970.33,41428,17126
1383,1383,pv_23_1484,84971.75,37130,14254
1384,1384,pv_23_6716_0,84977.55,2386,19010
1385,1385,pv_23_5567_0,84982.15,41864,13518
1386,1386,pv_23_1073,84987.73,26102,5920
1387,1387,pv_23_4563,84987.99,6992,9158
1388,1388,pv_23_490,84988.43,38926,22732
1389,1389,pv_23_19_0,84990.27,19026,13860
1390,1390,pv_23_3396,84990.27,27396,7720
1391,1391,pv_23_5589,84991.61,41864,19478
1392,1392,pv_23_490_1,84993.23,38926,22732
1393,1393,pv_23_1931_0,84998.92,10816,18914
1394,1394,pv_23_3993,84999.04,10506,25770
1395,1395,pv_23_5005_0,85004.19,632,22296
1396,1396,pv_23_4193_1,85004.8,14346,22444
1397,1397,pv_23_4168,85005.39,4898,12386
1398,1398,pv_23_526,85005.48,34836,12514
1399,1399,pv_23_6662,85006.66,5966,26020
1400,1400,pv_23_434,85007.72,36896,23534
1401,1401,pv_23_3826,85008.92,3830,17126
1402,1402,pv_23_5308,85009.83,35728,17534
1403,1403,pv_23_765_1,85010.03,2302,41876
1404,1404,pv_23_3901_1,85012.43,13872,30920
1405,1405,pv_23_6499_0,85015.13,34332,13906
1406,1406,pv_23_5697_1,85016.12,41864,8592
1407,1407,pv_23_5243,85018.13,35728,7718
1408,1408,pv_23_594,85018.47,33230,36824
1409,1409,pv_23_3913,85021.04,35218,22976
1410,1410,pv_23_592,85022.38,36578,15504
1411,1411,pv_23_3542,85022.71,24074,26812
1412,1412,pv_23_6964_1,85022.95,23460,1278
1413,1413,pv_23_2694,85024.25,16720,5494
1414,1414,pv_23_3420,85029.09,15044,13788
1415,1415,pv_23_3299_0,85029.41,640,7364
1416,1416,pv_23_525_1,85029.77,31984,3490
1417,1417,pv_23_4609,85030.25,7584,41876
1418,1418,pv_23_6684_0,85032.4,13452,31650
1419,1419,pv_23_2198_1,85032.4,40066,36400
1420,1420,pv_23_4918,85032.62,39108,17958
1421,1421,pv_23_6380_0,85034.06,21532,16918
1422,1422,pv_23_4068_0,85034.16,19162,30920
1423,1423,pv_23_5441,85035.5,19808,1848
1424,1424,pv_23_1412,85039.57,32908,17126
1425,1425,pv_23_120_1,85041.13,22600,14254
1426,1426,pv_23_3416,85041.13,9072,20352
1427,1427,pv_23_5639_1,85043.9,41864,5202
1428,1428,pv_23_7025_0,85045.2,38848,34482
1429,1429,pv_23_45,85045.49,22594,60
1430,1430,pv_23_3567,85045.96,19872,17126
1431,1431,pv_23_2045,85047.86,13014,30046
1432,1432,pv_23_4203,85048.02,25656,17126
1433,1433,pv_23_3405_0,85048.02,6894,26444
1434,1434,pv_23_2430,85050.46,26624,17804
1435,1435,pv_23_2202_0,85054.62,34936,22976
1436,1436,pv_23_5718,85055.19,41864,17528
1437,1437,pv_23_1493_0,85061.54,3854,14254
1438,1438,pv_23_6443,85065.02,2770,23636
1439,1439,pv_23_4607,85065.9,39224,41876
1440,1440,pv_23_5269_0,85066.17,35728,38478
1441,1441,pv_23_4623_0,85067.42,22976,39648
1442,1442,pv_23_2414_0,85067.87,32676,18728
1443,1443,pv_23_7161_1,85068.43,16276,7910
1444,1444,pv_23_5499,85070.79,19808,28910
1445,1445,pv_23_494,85071.55,29678,12076
1446,1446,pv_23_5565_0,85073.14,41864,34344
1447,1447,pv_23_4306,85073.36,9506,7992
1448,1448,pv_23_5646_0,85075.08,41864,38346
1449,1449,pv_23_4570_0,85075.14,7114,21858
1450,1450,pv_23_1485,85076.71,23020,14254
1451,1451,pv_23_2122,85078.19,31188,17126
1452,1452,pv_23_3249,85081.67,24708,20356
1453,1453,pv_23_1402,85082.6,11206,17126
1454,1454,pv_23_4370,85084.58,14088,5548
1455,1455,pv_23_1133,85088.12,38222,33560
1456,1456,pv_23_2750,85088.43,36362,6372
1457,1457,pv_23_914_0,85091.41,38272,30920
1458,1458,pv_23_24_0,85092.37,21036,2848
1459,1459,pv_23_4551_0,85092.43,7588,36448
1460,1460,pv_23_4237_1,85092.49,7608,30920
1461,1461,pv_23_5463_1,85094.73,19808,19010
1462,1462,pv_23_5261_1,85095.2,35728,12326
1463,1463,pv_23_3807,85096.89,28518,2396
1464,1464,pv_23_6849,85098.95,4486,40768
1465,1465,pv_23_1997,85102.31,10816,30920
1466,1466,pv_23_2291_0,85104.36,14386,18602
1467,1467,pv_23_517_1,85107.43,33602,17126
1468,1468,pv_23_3366,85107.43,20116,38446
1469,1469,pv_23_6423_1,85108.2,3688,6386
1470,1470,pv_23_2900_0,85108.91,36326,14254
1471,1471,pv_23_5075_0,85113.71,11856,11526
1472,1472,pv_23_556_0,85115.9,35310,30920
1473,1473,pv_23_1882,85119.51,8086,41876
1474,1474,pv_23_7018,85121.19,22702,17580
1475,1475,pv_23_5503,85122.0,19808,400
1476,1476,pv_23_16_0,85122.51,1262,35088
1477,1477,pv_23_5766_1,85124.21,18362,30390
1478,1478,pv_23_499_1,85124.98,33604,39838
1479,1479,pv_23_3835,85124.98,23880,17126
1480,1480,pv_23_4619_0,85127.33,22976,19256
1481,1481,pv_23_584_1,85127.33,8356,17126
1482,1482,pv_23_2507,85129.23,35280,38334
1483,1483,pv_23_3467,85134.84,36762,3396
1484,1484,pv_23_4223_1,85136.23,148,30920
1485,1485,pv_23_969,85141.22,32242,10512
1486,1486,pv_23_4827_0,85142.99,22444,12054
1487,1487,pv_23_4219,85143.03,41230,14254
1488,1488,pv_23_4612,85144.38,18962,17924
1489,1489,pv_23_5099_0,85146.32,32026,19608
1490,1490,pv_23_2308,85146.32,40378,14254
1491,1491,pv_23_2201_1,85146.64,4030,7122
1492,1492,pv_23_6297,85148.33,32026,15152
1493,1493,pv_23_956_0,85151.03,20732,17850
1494,1494,pv_23_4379_1,85152.42,18436,17220
1495,1495,pv_23_212,85153.91,19250,13354
1496,1496,pv_23_3377,85156.89,22786,23866
1497,1497,pv_23_5766,85158.12,18362,30390
1498,1498,pv_23_5104,85158.55,32026,28810
1499,1499,pv_23_6046_0,85158.7,19808,4640
1500,1500,pv_23_768_1,85159.39,39356,30920
1501,1501,pv_23_2573_0,85160.99,27214,22060
1502,1502,pv_23_2430_0,85161.39,26624,17804
1503,1503,pv_23_7137_0,85162.24,38242,41062
1504,1504,pv_23_3964_1,85162.24,37088,17782
1505,1505,pv_23_1692_0,85163.89,41300,22444
1506,1506,pv_23_4041_1,85164.72,15408,36448
1507,1507,pv_23_5593_0,85169.47,41864,25708
1508,1508,pv_23_4241_1,85171.36,2796,30920
1509,1509,pv_23_953,85178.39,34096,20282
1510,1510,pv_23_276_1,85179.37,19644,14254
1511,1511,pv_23_5138_0,85179.78,32026,41214
1512,1512,pv_23_569_0,85182.51,22034,23554
1513,1513,pv_23_386_0,85182.81,38536,14746
1514,1514,pv_23_7025_1,85184.35,38848,34482
1515,1515,pv_23_5594_0,85184.38,41864,16432
1516,1516,pv_23_5754,85187.37,13446,38934
1517,1517,pv_23_2000_0,85187.37,15472,41876
1518,1518,pv_23_2622_1,85188.04,36344,31746
1519,1519,pv_23_4303_1,85188.22,28484,23306
1520,1520,pv_23_3832_0,85189.12,24068,17126
1521,1521,pv_23_3853,85192.95,32622,14254
1522,1522,pv_23_6346,85196.05,726,8798
1523,1523,pv_23_3955,85198.38,23884,26896
1524,1524,pv_23_2210,85199.07,14116,2396
1525,1525,pv_23_7225_1,85199.75,31992,29514
1526,1526,pv_23_508,85200.37,38924,16318
1527,1527,pv_23_908,85200.83,21866,736
1528,1528,pv_23_4074_1,85200.83,29222,41876
1529,1529,pv_23_3985,85202.15,22820,16196
1530,1530,pv_23_4033_1,85204.44,6188,17126
1531,1531,pv_23_3375,85204.88,20062,18202
1532,1532,pv_23_2076_1,85204.88,26162,41876
1533,1533,pv_23_2540_1,85207.14,1720,41876
1534,1534,pv_23_2531_0,85208.03,1778,30920
1535,1535,pv_23_5165_0,85208.67,32026,28226
1536,1536,pv_23_6068_1,85212.64,2848,14534
1537,1537,pv_23_2330,85214.19,6176,5512
1538,1538,pv_23_1138,85215.6,37816,18138
1539,1539,pv_23_3698_1,85216.78,37292,38014
1540,1540,pv_23_4493,85217.42,17522,41876
1541,1541,pv_23_6217,85218.27,23554,41002
1542,1542,pv_23_3751,85219.45,31322,35084
1543,1543,pv_23_6291_1,85220.84,23528,7592
1544,1544,pv_23_120_0,85222.32,22600,14254
1545,1545,pv_23_3044,85223.48,18336,30920
1546,1546,pv_23_2443,85224.28,38760,6122
1547,1547,pv_23_1648_1,85226.72,40464,22976
1548,1548,pv_23_4970,85228.29,39108,29560
1549,1549,pv_23_788_0,85228.29,14538,8082
1550,1550,pv_23_2289_0,85230.75,40714,40116
1551,1551,pv_23_26_0,85235.6,21078,17126
1552,1552,pv_23_4977_1,85236.24,39108,26782
1553,1553,pv_23_4075_1,85237.57,15406,41876
1554,1554,pv_23_6681_1,85238.58,13452,10050
1555,1555,pv_23_3020,85238.76,38698,40078
1556,1556,pv_23_89_0,85241.79,28766,17030
1557,1557,pv_23_4011,85242.52,31430,31316
1558,1558,pv_23_1268_1,85243.47,18274,2848
1559,1559,pv_23_865_0,85243.68,6610,27670
1560,1560,pv_23_6788,85246.01,15500,26564
1561,1561,pv_23_6517,85251.85,19156,29586
1562,1562,pv_23_3486_0,85251.97,13776,18360
1563,1563,pv_23_4065_0,85254.99,15396,30920
1564,1564,pv_23_3465_1,85255.7,33704,2396
1565,1565,pv_23_7154,85257.71,5938,41822
1566,1566,pv_23_592_0,85257.71,36578,15504
1567,1567,pv_23_6357,85260.53,20418,30218
1568,1568,pv_23_908_1,85261.82,21866,736
1569,1569,pv_23_4223,85261.82,148,30920
1570,1570,pv_23_862_0,85266.18,10860,38074
1571,1571,pv_23_529,85268.24,15798,14254
1572,1572,pv_23_540,85268.44,31988,41876
1573,1573,pv_23_2764_1,85268.44,14758,1344
1574,1574,pv_23_26,85273.49,21078,17126
1575,1575,pv_23_6532,85274.01,17378,31918
1576,1576,pv_23_6365,85276.53,28720,13574
1577,1577,pv_23_7004_0,85276.65,30106,14086
1578,1578,pv_23_1769,85277.6,41452,33790
1579,1579,pv_23_4643,85279.18,2848,31836
1580,1580,pv_23_1890_1,85280.05,29958,30920
1581,1581,pv_23_6041,85281.3,19808,13648
1582,1582,pv_23_5494,85283.7,19808,27470
1583,1583,pv_23_1333_1,85283.77,37134,22444
1584,1584,pv_23_5114_0,85284.24,32026,26086
1585,1585,pv_23_4519,85290.16,29274,30920
1586,1586,pv_23_553_1,85290.25,19662,30920
1587,1587,pv_23_3735,85291.26,36446,23918
1588,1588,pv_23_3395_0,85292.5,11880,7810
1589,1589,pv_23_6487_0,85295.83,16180,27708
1590,1590,pv_23_6752_0,85296.29,31082,5310
1591,1591,pv_23_7191_1,85298.72,17470,17572
1592,1592,pv_23_3266_1,85298.76,898,2760
1593,1593,pv_23_2557_1,85298.78,26570,18214
1594,1594,pv_23_2351,85302.58,7088,41876
1595,1595,pv_23_4037,85305.64,3788,17126
1596,1596,pv_23_4584,85308.48,7274,2004
1597,1597,pv_23_5089_1,85309.23,32026,4598
1598,1598,pv_23_6140,85310.73,2396,21034
1599,1599,pv_23_2355,85311.6,37486,41876
1600,1600,pv_23_567_1,85314.46,22024,22444
1601,1601,pv_23_4050,85314.86,37070,33778
1602,1602,pv_23_31_0,85315.03,41076,726
1603,1603,pv_23_4979_1,85315.7,39108,23970
1604,1604,pv_23_870_0,85315.7,33414,2714
1605,1605,pv_23_5077_1,85318.44,33024,3642
1606,1606,pv_23_633_0,85320.34,26564,17796
1607,1607,pv_23_6605_1,85322.98,34170,38270
1608,1608,pv_23_3852,85324.57,26526,14254
1609,1609,pv_23_1948_0,85325.81,31112,41000
1610,1610,pv_23_4548,85327.12,39608,16180
1611,1611,pv_23_9,85328.22,40652,18132
1612,1612,pv_23_6489_1,85328.22,18452,11084
1613,1613,pv_23_449_0,85329.58,17470,2396
1614,1614,pv_23_3510,85332.01,8296,27660
1615,1615,pv_23_3828_0,85332.23,22464,17126
1616,1616,pv_23_1845_1,85333.9,28666,30068
1617,1617,pv_23_2543_0,85334.78,1770,30920
1618,1618,pv_23_2608,85337.91,12646,24528
1619,1619,pv_23_4219_1,85339.06,41230,14254
1620,1620,pv_23_6389,85343.01,11922,9798
1621,1621,pv_23_2360_0,85343.63,26942,30920
1622,1622,pv_23_464,85345.04,2062,12520
1623,1623,pv_23_7181_0,85351.92,2656,10784
1624,1624,pv_23_6277_1,85354.47,39108,26126
1625,1625,pv_23_3217_0,85354.56,23922,21112
1626,1626,pv_23_4868_0,85355.29,22444,39408
1627,1627,pv_23_3456,85355.56,36762,30920
1628,1628,pv_23_5290_1,85357.77,35728,33562
1629,1629,pv_23_5465,85359.83,19808,7908
1630,1630,pv_23_1365,85362.77,33842,17126
1631,1631,pv_23_1950_0,85365.25,3362,14610
1632,1632,pv_23_957,85365.62,19482,5848
1633,1633,pv_23_809_0,85366.11,31774,17126
1634,1634,pv_23_5410_0,85366.45,19808,38948
1635,1635,pv_23_3413,85367.23,11886,22708
1636,1636,pv_23_6252,85370.46,39108,15924
1637,1637,pv_23_5327_1,85375.35,19808,21302
1638,1638,pv_23_6720_0,85376.21,33788,7058
1639,1639,pv_23_476,85380.44,29678,34096
1640,1640,pv_23_5339,85383.35,19808,4234
1641,1641,pv_23_3233_0,85384.83,3688,28616
1642,1642,pv_23_275_0,85385.17,16118,14254
1643,1643,pv_23_6276_0,85387.42,39108,23118
1644,1644,pv_23_1888_1,85387.91,29378,36438
1645,1645,pv_23_6809,85388.78,39370,36230
1646,1646,pv_23_3938,85389.59,26518,17126
1647,1647,pv_23_2419_1,85390.53,39216,19026
1648,1648,pv_23_6389_0,85390.76,11922,9798
1649,1649,pv_23_1210,85393.03,41334,39224
1650,1650,pv_23_4065_1,85396.94,15396,30920
1651,1651,pv_23_2323,85397.77,8676,7996
1652,1652,pv_23_2345_1,85397.77,33728,33790
1653,1653,pv_23_2901_0,85398.78,27278,14254
1654,1654,pv_23_32,85399.99,21036,14254
1655,1655,pv_23_5497,85401.48,19808,36724
1656,1656,pv_23_2165_1,85403.23,40828,29888
1657,1657,pv_23_5077,85403.46,33024,3642
1658,1658,pv_23_6182,85403.7,2396,31220
1659,1659,pv_23_7109_1,85414.14,39348,7320
1660,1660,pv_23_6309,85414.78,19808,22868
1661,1661,pv_23_3898,85419.95,26516,17922
1662,1662,pv_23_3138_0,85419.95,24318,30920
1663,1663,pv_23_529_0,85422.89,15798,14254
1664,1664,pv_23_6199_0,85425.43,22444,7366
1665,1665,pv_23_7,85425.43,18574,17012
1666,1666,pv_23_6314_0,85425.67,3396,26954
1667,1667,pv_23_2155,85425.76,17898,38822
1668,1668,pv_23_6901,85426.23,4902,29580
1669,1669,pv_23_541,85426.63,1458,41876
1670,1670,pv_23_536_1,85426.63,12102,30920
1671,1671,pv_23_4985_0,85426.63,39108,152
1672,1672,pv_23_402_1,85427.18,33218,17126
1673,1673,pv_23_2377_0,85427.67,27158,41330
1674,1674,pv_23_3605,85430.87,13874,7700
1675,1675,pv_23_2_0,85432.22,21036,41156
1676,1676,pv_23_6304_1,85432.71,19808,38948
1677,1677,pv_23_3736,85440.77,6040,38818
1678,1678,pv_23_17_0,85441.66,10708,34992
1679,1679,pv_23_6597,85442.63,32634,3648
1680,1680,pv_23_6289_1,85442.97,20150,37484
1681,1681,pv_23_370,85443.64,38538,32208
1682,1682,pv_23_351_0,85448.07,38538,17976
1683,1683,pv_23_2331,85448.43,39590,29016
1684,1684,pv_23_6628_1,85450.2,13466,18948
1685,1685,pv_23_1143_0,85454.08,2720,13742
1686,1686,pv_23_5640,85454.55,41864,27608
1687,1687,pv_23_3530_1,85456.0,27976,28492
1688,1688,pv_23_1709_1,85456.61,18038,22444
1689,1689,pv_23_6416,85458.37,23910,29888
1690,1690,pv_23_602,85459.3,12432,20404
1691,1691,pv_23_4243,85463.62,5710,41876
1692,1692,pv_23_3443,85464.32,9864,12512
1693,1693,pv_23_2855,85470.43,27066,17126
1694,1694,pv_23_732_1,85472.76,2300,10292
1695,1695,pv_23_4361,85475.49,24168,27646
1696,1696,pv_23_1183_0,85476.7,11204,1232
1697,1697,pv_23_1588,85477.79,4674,41876
1698,1698,pv_23_3514,85478.89,2756,30920
1699,1699,pv_23_7221_1,85479.94,17470,15240
1700,1700,pv_23_1596_1,85479.97,15974,41876
1701,1701,pv_23_1411,85481.32,41254,17126
1702,1702,pv_23_2531,85481.32,1778,30920
1703,1703,pv_23_6852_1,85483.22,4542,266
1704,1704,pv_23_5878,85485.23,19808,18694
1705,1705,pv_23_5603_0,85485.23,41864,6020
1706,1706,pv_23_2594,85487.51,34342,7830
1707,1707,pv_23_776,85492.41,2278,3488
1708,1708,pv_23_2373_1,85493.4,5800,9014
1709,1709,pv_23_6859_1,85495.13,17178,31220
1710,1710,pv_23_6901_0,85498.4,4902,29580
1711,1711,pv_23_4706_0,85500.96,22976,34998
1712,1712,pv_23_2169_0,85501.91,40054,18384
1713,1713,pv_23_2416_1,85501.94,12474,16182
1714,1714,pv_23_1138_0,85501.94,37816,18138
1715,1715,pv_23_765_0,85502.54,2302,41876
1716,1716,pv_23_3677_0,85502.71,24128,14520
1717,1717,pv_23_4612_0,85502.89,18962,17924
1718,1718,pv_23_3462,85506.15,5702,2396
1719,1719,pv_23_5771_1,85506.81,19808,9796
1720,1720,pv_23_569,85506.84,22034,23554
1721,1721,pv_23_6875_1,85506.86,4834,8896
1722,1722,pv_23_1890_0,85508.69,29958,30920
1723,1723,pv_23_332,85511.89,9230,16180
1724,1724,pv_23_1605,85512.34,24982,41876
1725,1725,pv_23_5410,85518.16,19808,38948
1726,1726,pv_23_4305_1,85519.58,18472,7994
1727,1727,pv_23_2,85524.01,21036,41156
1728,1728,pv_23_6253,85526.39,39108,38244
1729,1729,pv_23_4149,85526.63,30394,2642
1730,1730,pv_23_4384_1,85528.47,39614,5992
1731,1731,pv_23_2297_1,85528.52,18698,37290
1732,1732,pv_23_5627,85528.52,41864,18516
1733,1733,pv_23_833,85528.87,11656,41464
1734,1734,pv_23_5078_0,85531.11,20310,18590
1735,1735,pv_23_5081,85531.9,5474,20492
1736,1736,pv_23_4965,85534.32,39108,19536
1737,1737,pv_23_4051_1,85535.04,37092,33778
1738,1738,pv_23_3996_0,85536.39,24718,358
1739,1739,pv_23_5548_0,85541.74,41864,15538
1740,1740,pv_23_4570,85541.74,7114,21858
1741,1741,pv_23_113_0,85544.22,12366,17126
1742,1742,pv_23_3999,85546.62,3792,40802
1743,1743,pv_23_2640_1,85549.67,25532,15370
1744,1744,pv_23_7218,85549.87,28588,19012
1745,1745,pv_23_2473,85551.72,6130,41876
1746,1746,pv_23_2614_1,85554.98,5226,3876
1747,1747,pv_23_1141_1,85557.06,32924,28630
1748,1748,pv_23_5270,85557.06,35728,38958
1749,1749,pv_23_2824,85560.02,12844,22444
1750,1750,pv_23_488,85560.63,33594,22730
1751,1751,pv_23_3209_1,85561.2,30226,20404
1752,1752,pv_23_3267_0,85562.14,31102,37910
1753,1753,pv_23_601_0,85564.84,28896,32450
1754,1754,pv_23_6734,85566.09,39980,23584
1755,1755,pv_23_4234_0,85566.17,19034,30920
1756,1756,pv_23_3373,85567.33,36508,33780
1757,1757,pv_23_5491,85568.39,19808,6326
1758,1758,pv_23_758_0,85569.58,2298,30920
1759,1759,pv_23_4599_1,85569.58,27666,14254
1760,1760,pv_23_6413_0,85571.0,23916,7670
1761,1761,pv_23_3300_1,85571.0,15240,14608
1762,1762,pv_23_2097,85574.37,10628,11094
1763,1763,pv_23_6877_1,85576.73,4814,30048
1764,1764,pv_23_7224,85577.59,2060,20322
1765,1765,pv_23_916,85580.62,10072,30920
1766,1766,pv_23_6291,85580.66,23528,7592
1767,1767,pv_23_5500,85582.83,19808,3438
1768,1768,pv_23_799_1,85582.85,3294,19738
1769,1769,pv_23_2697_0,85583.39,41600,5764
1770,1770,pv_23_4299_1,85583.52,25248,33244
1771,1771,pv_23_5588_1,85583.88,41864,20914
1772,1772,pv_23_5223_0,85585.24,32026,22516
1773,1773,pv_23_4231_0,85588.85,9502,30920
1774,1774,pv_23_1911,85589.09,1578,38318
1775,1775,pv_23_2067_1,85589.09,29512,14254
1776,1776,pv_23_3470,85592.16,27562,23554
1777,1777,pv_23_4028_0,85593.59,10882,22444
1778,1778,pv_23_729,85595.52,8140,30106
1779,1779,pv_23_1913,85596.7,9092,29902
1780,1780,pv_23_4475_0,85600.46,2458,30920
1781,1781,pv_23_2897_0,85601.03,6710,14254
1782,1782,pv_23_1875,85601.82,29958,14254
1783,1783,pv_23_5697,85602.33,41864,8592
1784,1784,pv_23_25_0,85606.61,1202,2396
1785,1785,pv_23_7153,85607.41,33758,40382
1786,1786,pv_23_4114,85607.6,26770,41076
1787,1787,pv_23_564,85609.04,22066,2848
1788,1788,pv_23_1539_1,85609.41,182,30920
1789,1789,pv_23_3502,85613.13,15870,13352
1790,1790,pv_23_3128_0,85613.13,18364,30920
1791,1791,pv_23_947_0,85615.19,6614,726
1792,1792,pv_23_1143_1,85616.72,2720,13742
1793,1793,pv_23_538_0,85617.18,15638,41876
1794,1794,pv_23_4018,85619.53,29214,27604
1795,1795,pv_23_1581,85622.21,41852,41876
1796,1796,pv_23_6839,85623.0,23870,18764
1797,1797,pv_23_4513,85623.47,25202,41876
1798,1798,pv_23_4446_0,85626.15,26240,14860
1799,1799,pv_23_2165_0,85628.91,40828,29888
1800,1800,pv_23_3377_0,85628.93,22786,23866
1801,1801,pv_23_776_1,85629.37,2278,3488
1802,1802,pv_23_491,85629.96,15632,28490
1803,1803,pv_23_2536_1,85631.12,4192,41876
1804,1804,pv_23_5248_0,85632.91,35728,2878
1805,1805,pv_23_6351,85632.91,20410,15240
1806,1806,pv_23_3740,85634.52,7980,20334
1807,1807,pv_23_2991,85635.8,34724,41876
1808,1808,pv_23_6532_1,85638.87,17378,31918
1809,1809,pv_23_4175_1,85639.99,5586,18766
1810,1810,pv_23_7022,85641.08,5694,26142
1811,1811,pv_23_4307_1,85641.18,30400,33502
1812,1812,pv_23_580_0,85641.2,13164,9622
1813,1813,pv_23_2306,85648.56,8708,728
1814,1814,pv_23_6885,85653.33,27658,38088
1815,1815,pv_23_2601_1,85654.81,38666,7718
1816,1816,pv_23_2377_1,85657.61,27158,41330
1817,1817,pv_23_4211_1,85661.4,23822,33792
1818,1818,pv_23_6764,85663.87,19542,12482
1819,1819,pv_23_6847_1,85666.1,4486,18950
1820,1820,pv_23_3990_1,85667.32,15218,33078
1821,1821,pv_23_4954_1,85667.47,39108,5938
1822,1822,pv_23_282,85667.74,12482,30920
1823,1823,pv_23_4082,85667.93,26668,30920
1824,1824,pv_23_6565,85668.82,20408,35848
1825,1825,pv_23_3755,85669.03,28032,6588
1826,1826,pv_23_6548_0,85670.36,730,16190
1827,1827,pv_23_2006,85671.67,19570,22976
1828,1828,pv_23_2057,85671.7,14000,17126
1829,1829,pv_23_4040_0,85672.63,30656,17126
1830,1830,pv_23_1848_0,85674.02,29600,6418
1831,1831,pv_23_2430_1,85675.35,26624,17804
1832,1832,pv_23_5753_0,85678.01,20152,13146
1833,1833,pv_23_2145,85678.15,40702,7302
1834,1834,pv_23_4323_0,85678.15,25200,28280
1835,1835,pv_23_3656_1,85682.9,35220,18710
1836,1836,pv_23_2878,85688.18,39730,14860
1837,1837,pv_23_3613,85689.0,15574,1976
1838,1838,pv_23_5659_1,85689.85,41864,7906
1839,1839,pv_23_2294,85689.85,26874,29366
1840,1840,pv_23_6655_0,85690.81,15522,6514
1841,1841,pv_23_5268_0,85692.55,35728,29500
1842,1842,pv_23_3436_1,85693.23,11878,22976
1843,1843,pv_23_5050_0,85694.18,33820,6514
1844,1844,pv_23_3756,85699.37,17730,7936
1845,1845,pv_23_5094_0,85700.91,32026,8110
1846,1846,pv_23_3829,85701.07,24068,17126
1847,1847,pv_23_3262,85701.75,32218,36448
1848,1848,pv_23_4947_0,85702.9,39108,36458
1849,1849,pv_23_813_0,85704.17,3292,14254
1850,1850,pv_23_2327,85707.4,7090,40766
1851,1851,pv_23_1105,85707.48,16060,30228
1852,1852,pv_23_788,85711.54,14538,8082
1853,1853,pv_23_4264,85712.3,22878,30920
1854,1854,pv_23_4107_1,85718.18,22822,3396
1855,1855,pv_23_11,85718.86,1242,37900
1856,1856,pv_23_2080_1,85719.92,8474,41876
1857,1857,pv_23_371_1,85720.88,3320,654
1858,1858,pv_23_551,85720.88,15664,13402
1859,1859,pv_23_568_0,85722.09,9464,23554
1860,1860,pv_23_760,85722.23,14446,30920
1861,1861,pv_23_3860,85724.24,3246,14254
1862,1862,pv_23_2388,85724.87,5550,8506
1863,1863,pv_23_4605,85725.19,27666,41876
1864,1864,pv_23_351_1,85725.19,38538,17976
1865,1865,pv_23_3511,85725.49,8360,30920
1866,1866,pv_23_2260_1,85726.46,22666,41876
1867,1867,pv_23_7016_1,85727.93,2770,3450
1868,1868,pv_23_3408_1,85728.15,8872,11850
1869,1869,pv_23_5502,85728.17,19808,8024
1870,1870,pv_23_328_1,85733.7,70,23554
1871,1871,pv_23_3987_1,85734.68,15398,5682
1872,1872,pv_23_2632_1,85736.69,34152,24740
1873,1873,pv_23_3180,85736.85,13222,17126
1874,1874,pv_23_5659_0,85737.68,41864,7906
1875,1875,pv_23_6708,85739.89,1166,2710
1876,1876,pv_23_1853_1,85745.46,39428,8296
1877,1877,pv_23_2260,85745.46,22666,41876
1878,1878,pv_23_2039_1,85751.36,10808,13186
1879,1879,pv_23_3850_0,85751.93,39842,3490
1880,1880,pv_23_2494_0,85752.43,1882,33604
1881,1881,pv_23_3326,85755.73,36958,26472
1882,1882,pv_23_3603_1,85756.08,15568,12750
1883,1883,pv_23_7028,85756.21,22112,8848
1884,1884,pv_23_6692_0,85756.73,610,30444
1885,1885,pv_23_3985_1,85758.39,22820,16196
1886,1886,pv_23_2065_0,85759.89,4348,14254
1887,1887,pv_23_550,85760.12,22134,41876
1888,1888,pv_23_5292,85761.84,35728,36656
1889,1889,pv_23_2379,85762.06,41692,23524
1890,1890,pv_23_6734_0,85762.21,39980,23584
1891,1891,pv_23_1165_0,85762.93,37732,39998
1892,1892,pv_23_6849_1,85762.93,4486,40768
1893,1893,pv_23_6629,85763.99,33818,26348
1894,1894,pv_23_960_0,85769.14,41336,18448
1895,1895,pv_23_3493,85769.52,28908,64
1896,1896,pv_23_3158_0,85770.11,22290,9192
1897,1897,pv_23_4948_1,85770.11,39108,34338
1898,1898,pv_23_1344,85772.48,28194,2396
1899,1899,pv_23_1826_0,85774.15,40718,26922
1900,1900,pv_23_4968,85774.96,39108,37198
1901,1901,pv_23_2669_0,85775.25,38642,29404
1902,1902,pv_23_40_0,85776.85,10966,22976
1903,1903,pv_23_185_1,85777.67,41582,32106
1904,1904,pv_23_1362,85777.71,16384,17126
1905,1905,pv_23_939,85782.35,556,22444
1906,1906,pv_23_2343,85783.73,6524,17126
1907,1907,pv_23_2539_0,85784.16,1764,41876
1908,1908,pv_23_7027_0,85785.51,22112,39694
1909,1909,pv_23_4979,85788.22,39108,23970
1910,1910,pv_23_939_1,85788.22,556,22444
1911,1911,pv_23_5632,85788.63,41864,26950
1912,1912,pv_23_2318,85793.03,29312,14266
1913,1913,pv_23_2286_0,85796.46,16858,478
1914,1914,pv_23_5666_0,85796.52,41864,24556
1915,1915,pv_23_4119_0,85797.08,26126,22116
1916,1916,pv_23_6794,85797.78,28886,31404
1917,1917,pv_23_7022_0,85797.78,5694,26142
1918,1918,pv_23_6402,85799.13,23720,15864
1919,1919,pv_23_6500_0,85802.59,14762,28410
1920,1920,pv_23_2248,85804.16,17910,41876
1921,1921,pv_23_4029,85804.97,24010,22444
1922,1922,pv_23_4062_1,85805.84,8596,30920
1923,1923,pv_23_2494,85806.16,1882,33604
1924,1924,pv_23_3656_0,85806.97,35220,18710
1925,1925,pv_23_6703,85808.87,20956,4378
1926,1926,pv_23_4455_0,85808.87,6352,14254
1927,1927,pv_23_2158_0,85809.6,41894,9164
1928,1928,pv_23_5110_0,85813.5,32026,33264
1929,1929,pv_23_1039,85815.57,40206,41896
1930,1930,pv_23_3738,85815.83,17730,20688
1931,1931,pv_23_1016_0,85818.34,15456,18886
1932,1932,pv_23_4611,85818.78,39622,41876
1933,1933,pv_23_6724_1,85820.82,14860,30228
1934,1934,pv_23_388_1,85821.83,2060,22976
1935,1935,pv_23_4087_0,85823.59,846,22976
1936,1936,pv_23_2901_1,85823.59,27278,14254
1937,1937,pv_23_2702_1,85824.38,27542,28490
1938,1938,pv_23_4848_1,85826.3,22444,30228
1939,1939,pv_23_4478,85827.93,16186,30920
1940,1940,pv_23_2517_1,85832.05,21652,2848
1941,1941,pv_23_35_0,85832.06,19028,41876
1942,1942,pv_23_5257_1,85832.06,35728,40722
1943,1943,pv_23_3615_1,85834.03,24062,14836
1944,1944,pv_23_5554_0,85834.03,41864,41882
1945,1945,pv_23_528_1,85835.5,22092,14254
1946,1946,pv_23_2866_0,85836.34,39726,33788
1947,1947,pv_23_6094,85836.56,2848,38948
1948,1948,pv_23_913_0,85838.83,20788,14254
1949,1949,pv_23_3476,85838.83,6904,12520
1950,1950,pv_23_2685_0,85840.67,27298,25640
1951,1951,pv_23_687_0,85845.35,7298,12516
1952,1952,pv_23_5616,85845.48,41864,31118
1953,1953,pv_23_5325,85845.58,19808,4096
1954,1954,pv_23_2573_1,85847.49,27214,22060
1955,1955,pv_23_482_0,85847.96,31988,8778
1956,1956,pv_23_2678,85847.96,10950,25976
1957,1957,pv_23_3375_0,85848.88,20062,18202
1958,1958,pv_23_1874_0,85851.15,17378,14254
1959,1959,pv_23_2044,85853.21,4336,30012
1960,1960,pv_23_27,85854.81,39038,17126
1961,1961,pv_23_41_1,85856.44,1240,22444
1962,1962,pv_23_5771_0,85856.44,19808,9796
1963,1963,pv_23_888,85856.68,27116,22976
1964,1964,pv_23_905_0,85857.15,39750,11390
1965,1965,pv_23_2094,85859.51,35358,33790
1966,1966,pv_23_3789_0,85861.48,3618,22976
1967,1967,pv_23_2485_0,85861.81,11910,20404
1968,1968,pv_23_1874,85864.37,17378,14254
1969,1969,pv_23_9_0,85867.37,40652,18132
1970,1970,pv_23_165,85868.64,8118,21132
1971,1971,pv_23_5782_1,85868.68,19808,12368
1972,1972,pv_23_370_1,85869.17,38538,32208
1973,1973,pv_23_375,85870.0,1320,13342
1974,1974,pv_23_4691_0,85870.03,2848,19002
1975,1975,pv_23_35_1,85870.6,19028,41876
1976,1976,pv_23_2594_0,85872.94,34342,7830
1977,1977,pv_23_6466,85874.66,20532,38400
1978,1978,pv_23_6893_0,85877.21,40656,13840
1979,1979,pv_23_3179_1,85878.02,41596,17380
1980,1980,pv_23_2657,85880.74,11818,3564
1981,1981,pv_23_7212,85883.02,33502,26568
1982,1982,pv_23_744_1,85884.65,8140,2396
1983,1983,pv_23_350_0,85886.22,39650,4446
1984,1984,pv_23_2770_1,85886.22,10146,4892
1985,1985,pv_23_6791,85886.79,1692,7748
1986,1986,pv_23_3619_1,85887.13,2976,40120
1987,1987,pv_23_5436,85887.16,19808,1936
1988,1988,pv_23_1961_0,85887.62,41930,22444
1989,1989,pv_23_4649,85889.74,2848,19838
1990,1990,pv_23_526_0,85892.67,34836,12514
1991,1991,pv_23_6647,85892.67,38552,26964
1992,1992,pv_23_6684_1,85892.83,13452,31650
1993,1993,pv_23_332_0,85893.41,9230,16180
1994,1994,pv_23_3328,85893.41,39446,10662
1995,1995,pv_23_1501_1,85893.41,18038,14254
1996,1996,pv_23_5465_1,85894.94,19808,7908
1997,1997,pv_23_4231,85895.62,9502,30920
1998,1998,pv_23_512_1,85896.22,15798,22976
1999,1999,pv_23_1815_0,85899.72,5688,41876
2000,2000,pv_23_4035,85899.79,20508,17126
2001,2001,pv_23_5338_1,85901.69,19808,2804
2002,2002,pv_23_4780_0,85903.15,22444,30842
2003,2003,pv_23_737_1,85905.59,24966,15090
2004,2004,pv_23_5229_1,85906.19,35728,21042
2005,2005,pv_23_3252,85906.19,13464,640
2006,2006,pv_23_1989_1,85908.34,29810,14254
2007,2007,pv_23_4622_1,85909.17,2848,22006
2008,2008,pv_23_2424_0,85909.64,94,31984
2009,2009,pv_23_2466,85910.85,25630,3510
2010,2010,pv_23_5589_1,85913.08,41864,19478
2011,2011,pv_23_5247_0,85913.21,35728,19092
2012,2012,pv_23_6273,85913.64,39108,6274
2013,2013,pv_23_455_1,85914.47,41878,3396
2014,2014,pv_23_1292_1,85915.05,19786,22444
2015,2015,pv_23_1938_1,85915.3,34068,28988
2016,2016,pv_23_5327_0,85917.5,19808,21302
2017,2017,pv_23_7229,85917.5,17556,13654
2018,2018,pv_23_2006_1,85917.56,19570,22976
2019,2019,pv_23_4594_1,85917.58,36156,12514
2020,2020,pv_23_2248_0,85917.58,17910,41876
2021,2021,pv_23_2897_1,85918.25,6710,14254
2022,2022,pv_23_6877,85919.27,4814,30048
2023,2023,pv_23_4193_0,85919.89,14346,22444
2024,2024,pv_23_5229,85920.97,35728,21042
2025,2025,pv_23_3834_1,85923.89,28086,17126
2026,2026,pv_23_7166_1,85924.66,12692,21020
2027,2027,pv_23_5529,85927.08,19808,2630
2028,2028,pv_23_2559_0,85928.27,4792,33502
2029,2029,pv_23_2005_1,85928.27,41930,30920
2030,2030,pv_23_2343_1,85928.88,6524,17126
2031,2031,pv_23_4082_0,85929.3,26668,30920
2032,2032,pv_23_251,85931.99,11918,17126
2033,2033,pv_23_3851,85936.06,26538,14254
2034,2034,pv_23_4401,85936.78,8666,37286
2035,2035,pv_23_7244,85938.74,21954,31690
2036,2036,pv_23_1510,85939.01,11738,17126
2037,2037,pv_23_921_0,85939.01,4534,41876
2038,2038,pv_23_2345,85940.74,33728,33790
2039,2039,pv_23_5146_1,85941.81,32026,3362
2040,2040,pv_23_5716,85945.36,41864,14746
2041,2041,pv_23_4742_0,85946.36,22444,19648
2042,2042,pv_23_775_1,85947.8,22326,17126
2043,2043,pv_23_2466_0,85947.85,25630,3510
2044,2044,pv_23_1400,85950.24,38214,17126
2045,2045,pv_23_5834,85951.5,19808,17804
2046,2046,pv_23_2356,85951.65,37492,41876
2047,2047,pv_23_4226_0,85951.69,9514,30920
2048,2048,pv_23_4370_1,85951.73,14088,5548
2049,2049,pv_23_2539_1,85954.24,1764,41876
2050,2050,pv_23_2385,85954.44,5786,39220
2051,2051,pv_23_3481,85956.66,34660,8362
2052,2052,pv_23_6505,85958.15,3550,39028
2053,2053,pv_23_1831_0,85960.88,8088,40478
2054,2054,pv_23_6991,85961.18,14116,7310
2055,2055,pv_23_1846,85961.24,38974,31548
2056,2056,pv_23_5627_1,85962.64,41864,18516
2057,2057,pv_23_5267_0,85964.92,35728,24248
2058,2058,pv_23_6141_1,85967.25,22444,37916
2059,2059,pv_23_3327,85967.59,17146,39446
2060,2060,pv_23_6444,85969.03,2760,2764
2061,2061,pv_23_3841_1,85969.03,15572,730
2062,2062,pv_23_270_1,85969.03,21580,20412
2063,2063,pv_23_2304_0,85969.44,39882,17126
2064,2064,pv_23_186_0,85970.58,9268,22846
2065,2065,pv_23_6052_1,85971.64,2848,31938
2066,2066,pv_23_2335,85977.24,6512,11726
2067,2067,pv_23_7065,85977.89,508,2646
2068,2068,pv_23_6290,85984.48,13452,38994
2069,2069,pv_23_251_0,85985.17,11918,17126
2070,2070,pv_23_950_1,85985.22,39762,21112
2071,2071,pv_23_354,85985.22,36896,18508
2072,2072,pv_23_4563_0,85985.38,6992,9158
2073,2073,pv_23_4110_0,85986.19,20618,23534
2074,2074,pv_23_2195,85987.85,29506,5282
2075,2075,pv_23_2877,85989.89,6552,20418
2076,2076,pv_23_474_1,85992.37,19606,23114
2077,2077,pv_23_833_0,85992.44,11656,41464
2078,2078,pv_23_3836,85992.48,27628,17126
2079,2079,pv_23_3999_1,85995.14,3792,40802
2080,2080,pv_23_5753,85997.25,20152,13146
2081,2081,pv_23_2001_0,85998.03,39980,41876
2082,2082,pv_23_2607_0,85999.26,27056,7716
2083,2083,pv_23_4915,86001.7,39108,22332
2084,2084,pv_23_6850_0,86001.99,4486,17998
2085,2085,pv_23_4437_1,86004.72,18468,17126
2086,2086,pv_23_2040,86005.97,34932,10382
2087,2087,pv_23_4952_1,86006.29,39108,13908
2088,2088,pv_23_3429_1,86007.72,8872,9660
2089,2089,pv_23_5962,86007.72,19808,13666
2090,2090,pv_23_7206,86009.18,39652,16212
2091,2091,pv_23_1484_1,86009.25,37130,14254
2092,2092,pv_23_4517,86010.08,17022,40548
2093,2093,pv_23_1415,86012.62,41448,33796
2094,2094,pv_23_4475_1,86014.44,2458,30920
2095,2095,pv_23_4040,86017.08,30656,17126
2096,2096,pv_23_31_1,86017.34,41076,726
2097,2097,pv_23_3590,86017.34,26728,31388
2098,2098,pv_23_4419,86017.66,30362,37480
2099,2099,pv_23_5209_1,86021.66,32026,26772
2100,2100,pv_23_285_1,86022.75,10718,30920
2101,2101,pv_23_92_0,86023.5,1628,6992
2102,2102,pv_23_2903_0,86026.55,17208,14254
2103,2103,pv_23_7025,86026.73,38848,34482
2104,2104,pv_23_5091,86030.6,32026,41568
2105,2105,pv_23_40_1,86030.6,10966,22976
2106,2106,pv_23_2773,86031.26,16772,16840
2107,2107,pv_23_5308_1,86031.68,35728,17534
2108,2108,pv_23_4847,86032.53,2396,19012
2109,2109,pv_23_5671_0,86032.53,41864,8882
2110,2110,pv_23_7044_1,86033.12,31304,18044
2111,2111,pv_23_4984_0,86033.12,39108,776
2112,2112,pv_23_125_0,86033.27,22084,30920
2113,2113,pv_23_4790_0,86034.16,2396,16044
2114,2114,pv_23_7206_0,86035.21,39652,16212
2115,2115,pv_23_3239,86041.27,23916,20592
2116,2116,pv_23_871,86049.54,20168,2716
2117,2117,pv_23_7200,86057.48,33498,38150
2118,2118,pv_23_3953,86058.07,7984,2762
2119,2119,pv_23_5642_1,86058.07,41864,25982
2120,2120,pv_23_6050,86060.71,19808,36672
2121,2121,pv_23_2770_0,86060.89,10146,4892
2122,2122,pv_23_6388_1,86065.32,7690,35706
2123,2123,pv_23_6839_0,86069.92,23870,18764
2124,2124,pv_23_3806_0,86071.0,204,22444
2125,2125,pv_23_3178,86075.16,31500,1784
2126,2126,pv_23_687_1,86075.6,7298,12516
2127,2127,pv_23_534_0,86076.81,36800,30920
2128,2128,pv_23_6327,86078.06,3396,33578
2129,2129,pv_23_2775_0,86078.06,34146,14206
2130,2130,pv_23_2446,86086.05,2902,12916
2131,2131,pv_23_7120,86087.87,41818,8198
2132,2132,pv_23_5782,86089.58,19808,12368
2133,2133,pv_23_1410,86092.2,24096,17126
2134,2134,pv_23_6348_1,86094.47,11390,39670
2135,2135,pv_23_3368,86096.49,20110,26184
2136,2136,pv_23_4236_0,86096.68,4594,30920
2137,2137,pv_23_2594_1,86097.39,34342,7830
2138,2138,pv_23_2640_0,86101.77,25532,15370
2139,2139,pv_23_3472,86103.3,26166,23554
2140,2140,pv_23_2812_1,86111.72,40326,22444
2141,2141,pv_23_4067_1,86112.84,15216,30920
2142,2142,pv_23_1904,86112.84,24872,41026
2143,2143,pv_23_2427_0,86114.67,26624,11928
2144,2144,pv_23_3331,86116.24,29826,17126
2145,2145,pv_23_1465,86116.46,41452,3510
2146,2146,pv_23_2119,86116.84,10300,17126
2147,2147,pv_23_2250,86119.32,29496,41876
2148,2148,pv_23_5015_1,86122.65,33822,41322
2149,2149,pv_23_6706_0,86122.65,1166,14502
2150,2150,pv_23_6734_1,86125.36,39980,23584
2151,2151,pv_23_2433_0,86126.98,35254,2026
2152,2152,pv_23_6636,86129.33,28700,5852
2153,2153,pv_23_6532_0,86129.33,17378,31918
2154,2154,pv_23_1497,86132.73,1646,14254
2155,2155,pv_23_4592_1,86132.73,39224,17126
2156,2156,pv_23_4604,86137.41,17532,41876
2157,2157,pv_23_5598_0,86138.22,41864,37772
2158,2158,pv_23_6710_0,86138.52,1166,7984
2159,2159,pv_23_6848_0,86138.67,4486,12072
2160,2160,pv_23_3544_1,86139.13,7446,35198
2161,2161,pv_23_5230_0,86139.75,35728,30500
2162,2162,pv_23_3622,86139.75,24060,37222
2163,2163,pv_23_2152_1,86139.75,38462,1150
2164,2164,pv_23_5630_1,86139.79,41864,390
2165,2165,pv_23_40,86139.88,10966,22976
2166,2166,pv_23_1391,86144.04,16062,17126
2167,2167,pv_23_499_0,86144.21,33604,39838
2168,2168,pv_23_4296_0,86144.23,9520,20150
2169,2169,pv_23_6819_0,86145.2,38840,4538
2170,2170,pv_23_3465,86145.2,33704,2396
2171,2171,pv_23_4372_1,86145.36,29136,8336
2172,2172,pv_23_6748_1,86146.05,3490,6270
2173,2173,pv_23_1157_1,86147.97,32242,23890
2174,2174,pv_23_3395,86148.64,11880,7810
2175,2175,pv_23_6472,86149.21,24022,20334
2176,2176,pv_23_4056_1,86152.56,15412,14254
2177,2177,pv_23_2172_0,86154.49,38308,40664
2178,2178,pv_23_2155_1,86154.67,17898,38822
2179,2179,pv_23_4031_1,86154.68,15386,17126
2180,2180,pv_23_857_1,86155.05,38828,37294
2181,2181,pv_23_600_0,86157.07,14904,17126
2182,2182,pv_23_4770,86157.21,22444,8140
2183,2183,pv_23_5642_0,86159.23,41864,25982
2184,2184,pv_23_1882_0,86159.58,8086,41876
2185,2185,pv_23_4341,86159.6,14624,29226
2186,2186,pv_23_4791,86161.06,2396,39672
2187,2187,pv_23_3898_0,86161.99,26516,17922
2188,2188,pv_23_4251_1,86161.99,5572,41876
2189,2189,pv_23_6943,86162.07,26688,14714
2190,2190,pv_23_481_0,86162.07,8260,36042
2191,2191,pv_23_44_0,86163.94,21042,24794
2192,2192,pv_23_4354_1,86165.55,2448,32110
2193,2193,pv_23_7161,86165.92,16276,7910
2194,2194,pv_23_7220_0,86166.56,28590,33108
2195,2195,pv_23_4990,86166.56,39108,39300
2196,2196,pv_23_6740_0,86168.6,32452,6808
2197,2197,pv_23_2418,86168.6,32434,39560
2198,2198,pv_23_2145_1,86169.62,40702,7302
2199,2199,pv_23_1943_0,86170.84,22614,35392
2200,2200,pv_23_34,86170.84,33916,30920
2201,2201,pv_23_1820_1,86171.7,26354,25522
2202,2202,pv_23_4220_0,86173.15,26064,14254
2203,2203,pv_23_3560,86173.31,26818,17126
2204,2204,pv_23_6387_1,86183.52,27842,31678
2205,2205,pv_23_1845_0,86183.52,28666,30068
2206,2206,pv_23_2774_1,86183.54,34290,38132
2207,2207,pv_23_494_1,86185.11,29678,12076
2208,2208,pv_23_6555,86186.53,20412,12354
2209,2209,pv_23_4552,86186.63,2452,20412
2210,2210,pv_23_5560,86189.84,41864,36886
2211,2211,pv_23_1107_1,86189.85,14988,28494
2212,2212,pv_23_2472_0,86189.85,13910,41876
2213,2213,pv_23_5461_0,86191.63,19808,2642
2214,2214,pv_23_1413,86192.39,41260,17126
2215,2215,pv_23_92_1,86193.78,1628,6992
2216,2216,pv_23_912,86193.78,24760,14254
2217,2217,pv_23_5929_1,86194.19,19808,22734
2218,2218,pv_23_7073_0,86195.89,40548,39872
2219,2219,pv_23_4221_0,86197.67,26050,14254
2220,2220,pv_23_41_0,86198.79,1240,22444
2221,2221,pv_23_4016_0,86200.54,32052,41534
2222,2222,pv_23_5637,86201.09,41864,14566
2223,2223,pv_23_607_0,86210.56,8324,14858
2224,2224,pv_23_1996_1,86212.09,2530,30920
2225,2225,pv_23_6656,86214.36,12518,19548
2226,2226,pv_23_4827,86217.09,22444,12054
2227,2227,pv_23_214_0,86217.09,2052,28636
2228,2228,pv_23_2702_0,86217.69,27542,28490
2229,2229,pv_23_368,86219.44,3548,30228
2230,2230,pv_23_464_1,86219.44,2062,12520
2231,2231,pv_23_5065,86221.01,5474,12566
2232,2232,pv_23_4066_0,86221.93,2728,30920
2233,2233,pv_23_2771_0,86222.42,6740,30412
2234,2234,pv_23_208_1,86225.78,16142,208
2235,2235,pv_23_2001,86226.99,39980,41876
2236,2236,pv_23_1388,86227.61,37746,17126
2237,2237,pv_23_213_0,86231.79,9232,13838
2238,2238,pv_23_3723_1,86231.79,210,10132
2239,2239,pv_23_6496,86232.02,23916,7912
2240,2240,pv_23_5753_1,86232.8,20152,13146
2241,2241,pv_23_6271,86232.8,39108,37196
2242,2242,pv_23_2533_0,86233.95,306,30920
2243,2243,pv_23_5102_0,86234.04,32026,14704
2244,2244,pv_23_4948_0,86236.68,39108,34338
2245,2245,pv_23_4988_1,86237.74,39108,30448
2246,2246,pv_23_340,86238.32,1348,3360
2247,2247,pv_23_5593_1,86238.32,41864,25708
2248,2248,pv_23_1363,86239.5,32242,17126
2249,2249,pv_23_4442_1,86239.97,18766,17126
2250,2250,pv_23_3234,86240.88,23916,13646
2251,2251,pv_23_7191,86240.94,17470,17572
2252,2252,pv_23_402,86241.65,33218,17126
2253,2253,pv_23_6054,86243.09,22976,17444
2254,2254,pv_23_607,86244.16,8324,14858
2255,2255,pv_23_275_1,86245.23,16118,14254
2256,2256,pv_23_6913_0,86245.24,35978,8802
2257,2257,pv_23_44_1,86246.09,21042,24794
2258,2258,pv_23_327,86248.79,29948,3396
2259,2259,pv_23_2413_0,86248.95,26324,11918
2260,2260,pv_23_1923_0,86251.72,31122,40106
2261,2261,pv_23_4065,86252.58,15396,30920
2262,2262,pv_23_1882_1,86253.01,8086,41876
2263,2263,pv_23_3264,86257.41,24702,3072
2264,2264,pv_23_3970_1,86257.7,14428,28238
2265,2265,pv_23_3250,86259.44,39426,640
2266,2266,pv_23_6849_0,86260.76,4486,40768
2267,2267,pv_23_628,86266.8,28404,19048
2268,2268,pv_23_3920_0,86270.38,14716,2396
2269,2269,pv_23_729_0,86270.38,8140,30106
2270,2270,pv_23_4788,86271.88,22444,4464
2271,2271,pv_23_3267,86274.27,31102,37910
2272,2272,pv_23_734_0,86274.41,26088,34028
2273,2273,pv_23_2384,86276.16,5832,5856
2274,2274,pv_23_7022_1,86279.55,5694,26142
2275,2275,pv_23_1438_1,86281.19,37126,33788
2276,2276,pv_23_263_1,86281.92,21938,17126
2277,2277,pv_23_5079_1,86283.08,11856,21158
2278,2278,pv_23_6448,86283.42,36206,20010
2279,2279,pv_23_6890_0,86285.61,40664,15716
2280,2280,pv_23_1834_0,86289.3,8084,29376
2281,2281,pv_23_284_1,86290.17,39572,30920
2282,2282,pv_23_1950,86290.23,3362,14610
2283,2283,pv_23_2713_0,86290.34,14782,20326
2284,2284,pv_23_4044_1,86292.91,4406,33780
2285,2285,pv_23_4243_1,86294.81,5710,41876
2286,2286,pv_23_2642_1,86295.01,6742,40210
2287,2287,pv_23_414,86301.67,11760,14254
2288,2288,pv_23_3176_1,86302.02,40546,31172
2289,2289,pv_23_6439,86302.02,22696,36514
2290,2290,pv_23_502_1,86302.82,38,30394
2291,2291,pv_23_5537_0,86304.02,19808,7592
2292,2292,pv_23_553_0,86304.31,19662,30920
2293,2293,pv_23_2997,86304.51,34248,41876
2294,2294,pv_23_5597,86312.15,41864,8154
2295,2295,pv_23_3964,86312.8,37088,17782
2296,2296,pv_23_9_1,86313.14,40652,18132
2297,2297,pv_23_3757,86313.94,2408,35942
2298,2298,pv_23_4157,86314.25,30226,13346
2299,2299,pv_23_6742_1,86314.52,32452,29652
2300,2300,pv_23_3189_1,86315.35,8554,40392
2301,2301,pv_23_657,86315.35,18796,17126
2302,2302,pv_23_5223,86315.55,32026,22516
2303,2303,pv_23_4462_0,86317.16,26066,17126
2304,2304,pv_23_5260_0,86318.36,35728,22626
2305,2305,pv_23_843,86322.9,932,996
2306,2306,pv_23_6852_0,86323.45,4542,266
2307,2307,pv_23_4444,86323.45,14744,36448
2308,2308,pv_23_905,86323.72,39750,11390
2309,2309,pv_23_4176,86330.79,19026,24168
2310,2310,pv_23_2043,86331.11,3478,10936
2311,2311,pv_23_715_0,86331.11,17724,30920
2312,2312,pv_23_2382,86335.75,5792,26262
2313,2313,pv_23_550_1,86340.42,22134,41876
2314,2314,pv_23_186,86340.57,9268,22846
2315,2315,pv_23_849,86342.37,4430,33522
2316,2316,pv_23_657_1,86346.72,18796,17126
2317,2317,pv_23_1848_1,86348.34,29600,6418
2318,2318,pv_23_411,86348.8,15290,14254
2319,2319,pv_23_11_0,86349.57,1242,37900
2320,2320,pv_23_1928_1,86349.95,22624,28492
2321,2321,pv_23_1114,86350.9,32464,41280
2322,2322,pv_23_6939,86350.94,38512,10310
2323,2323,pv_23_6657_0,86351.59,736,39604
2324,2324,pv_23_5251_1,86353.69,35728,37854
2325,2325,pv_23_2559,86355.64,4792,33502
2326,2326,pv_23_7204_1,86355.64,33502,13606
2327,2327,pv_23_6724_0,86356.42,14860,30228
2328,2328,pv_23_508_0,86357.44,38924,16318
2329,2329,pv_23_2349,86365.2,40866,41876
2330,2330,pv_23_1177_1,86365.95,184,28056
2331,2331,pv_23_2424,86365.95,94,31984
2332,2332,pv_23_6489_0,86365.95,18452,11084
2333,2333,pv_23_526_1,86369.02,34836,12514
2334,2334,pv_23_2095,86370.54,13994,31772
2335,2335,pv_23_5965,86372.55,19808,28620
2336,2336,pv_23_3783_0,86373.53,3824,22976
2337,2337,pv_23_4442,86376.9,18766,17126
2338,2338,pv_23_3206,86379.83,23032,30920
2339,2339,pv_23_248_1,86380.07,9226,2396
2340,2340,pv_23_1105_1,86380.16,16060,30228
2341,2341,pv_23_5114_1,86382.03,32026,26086
2342,2342,pv_23_2974,86382.27,17632,41876
2343,2343,pv_23_4044,86382.76,4406,33780
2344,2344,pv_23_699,86384.55,15510,28292
2345,2345,pv_23_4475,86388.88,2458,30920
2346,2346,pv_23_6421,86393.71,22692,41824
2347,2347,pv_23_4292_0,86394.08,9688,23554
2348,2348,pv_23_3621_1,86395.2,23404,17978
2349,2349,pv_23_6016_0,86396.39,19808,90
2350,2350,pv_23_5146_0,86396.78,32026,3362
2351,2351,pv_23_4849,86396.78,2396,7910
2352,2352,pv_23_1834_1,86396.78,8084,29376
2353,2353,pv_23_367,86397.23,39646,2648
2354,2354,pv_23_2080_0,86397.67,8474,41876
2355,2355,pv_23_3351_1,86399.0,8912,32286
