,from_node,to_node,edge_tt,edge_var,distance
0,110,111,9.0,0.0,100.46
1,112,113,4.0,0.0,62.66
2,1210,1211,6.0,0.0,45.15
3,1600,1601,4.0,0.0,54.16
4,1602,1603,7.0,0.0,104.49
5,1606,1607,7.0,0.0,96.18
6,1608,1609,7.5,0.5,90.09
7,1610,1611,6.0,0.0,76.59
8,1870,1871,2.0,0.0,22.69
9,1872,1873,4.0,0.0,35.81
10,1938,1939,9.0,0.0,102.05
11,1940,1941,11.0,0.0,131.49
12,1942,1943,4.0,0.0,43.62
13,2148,2149,3.0,0.0,46.21
14,2190,2191,4.0,0.0,48.33
15,2192,2193,21.0,18.0,19.48
16,2194,2195,16.5,24.5,10.69
17,2196,2197,4.0,0.0,50.72
18,2366,2367,4.0,0.0,41.32
19,2368,2369,5.0,0.0,71.95
20,2370,2371,6.0,0.0,91.9
21,2372,2373,10.0,0.0,159.06
22,2374,2375,4.0,0.0,61.75
23,2376,2377,3.0,0.0,51.09
24,2378,2379,9.0,0.0,133.02
25,2380,2381,14.0,0.0,209.65
26,2382,2383,2.0,0.0,30.62
27,2558,2559,3.0,0.0,36.94
28,2560,2561,5.5,0.5,74.12
29,2582,2583,6.0,0.0,59.63
30,2586,2587,2.0,0.0,19.02
31,2826,2827,3.0,0.0,39.6
32,2828,2829,15.0,0.0,207.1
33,2830,2831,5.0,0.0,65.61
34,2934,2935,4.0,0.0,45.7
35,3366,3367,7.0,0.0,90.4
36,3368,3369,27.0,0.0,340.74
37,3396,3397,2.5,0.5,14.72
38,3536,3537,15.0,0.0,77.47
39,3724,3725,4.0,0.0,57.35
40,3726,3727,6.0,0.0,95.12
41,3728,3729,3.0,0.0,47.19
42,3730,3731,12.0,0.0,176.13
43,3734,3735,3.0,0.0,39.77
44,3894,3895,11.0,0.0,58.66
45,3896,3897,7.0,0.0,40.09
46,4216,4217,15.0,0.0,37.52
47,4498,4499,10.0,0.0,176.68
48,4590,4591,2.0,0.0,12.27
49,4592,4593,4.0,0.0,21.72
50,4692,4693,4.0,0.0,44.38
51,4730,4731,2.0,0.0,13.33
52,4732,4733,9.0,0.0,113.26
53,4734,4735,3.0,0.0,30.35
54,4850,4851,6.0,0.0,51.11
55,4852,4853,2.0,0.0,18.42
56,4924,4925,3.0,0.0,41.15
57,4926,4927,13.0,50.0,50.64
58,4928,4929,3.0,0.0,46.31
59,4976,4977,6.0,0.0,75.28
60,4978,4979,7.0,0.0,48.94
61,4982,4983,8.0,0.0,102.36
62,4986,4987,9.0,0.0,110.7
63,4990,4991,3.0,0.0,28.54
64,4992,4993,5.0,0.0,54.97
65,4994,4995,4.0,0.0,38.46
66,4996,4997,6.0,0.0,4.34
67,4998,4999,13.0,0.0,191.25
68,5000,5001,4.0,0.0,44.76
69,5016,5017,5.0,0.0,56.57
70,5018,5019,4.0,0.0,46.42
71,5024,5025,6.0,0.0,62.51
72,5054,5055,2.0,0.0,19.98
73,5142,5143,3.0,0.0,43.06
74,5148,5149,2.0,0.0,17.22
75,5150,5151,3.0,0.0,21.29
76,5154,5155,4.0,0.0,54.65
77,5156,5157,3.0,0.0,43.57
78,5168,5169,4.0,0.0,51.18
79,5170,5171,4.0,0.0,64.21
80,5174,5175,4.0,0.0,54.28
81,5214,5215,19.0,450.0,49.54
82,5294,5295,4.0,0.0,32.98
83,5296,5297,3.0,0.0,36.52
84,5298,5299,2.0,0.0,17.95
85,5300,5301,6.0,0.0,63.28
86,5302,5303,9.0,0.0,88.01
87,5386,5387,4.0,0.0,39.99
88,5388,5389,6.0,0.0,78.51
89,5390,5391,2.0,0.0,20.8
90,5392,5393,5.0,0.0,67.84
91,5394,5395,3.0,0.0,37.74
92,5664,5665,9.0,0.0,37.66
93,5694,5695,17.0,0.0,88.45
94,5800,5801,10.0,0.0,75.95
95,5802,5803,12.0,0.0,101.61
96,5882,5883,10.0,0.0,43.39
97,6042,6043,4.0,0.0,21.72
98,6156,6157,13.0,0.0,130.13
99,6274,6275,3.0,0.0,11.06
100,6556,6557,11.5,4.5,148.7
101,6558,6559,8.0,0.0,107.73
102,6612,6613,5.0,0.0,23.06
103,6994,6995,5.0,0.0,38.33
104,7202,7203,2.0,0.0,29.92
105,7204,7205,3.0,0.0,45.16
106,7214,7215,1.5,0.5,24.15
107,7216,7217,2.0,0.0,26.57
108,7218,7219,5.5,0.5,68.0
109,7220,7221,4.5,0.5,58.32
110,7222,7223,3.0,0.0,34.74
111,7244,7245,5.0,0.0,70.42
112,7356,7357,7.0,0.0,60.3
113,7358,7359,6.0,0.0,52.28
114,7360,7361,2.0,0.0,18.5
115,7372,7373,7.0,0.0,53.61
116,7374,7375,8.0,0.0,66.52
117,7376,7377,7.0,0.0,53.48
118,7378,7379,4.0,0.0,27.36
119,7380,7381,7.0,0.0,57.51
120,7384,7385,2.0,0.0,13.31
121,7524,7525,14.0,0.0,123.49
122,7582,7583,17.0,0.0,230.25
123,7596,7597,12.5,0.5,167.19
124,7600,7601,2.0,0.0,7.9
125,7604,7605,3.0,0.0,10.93
126,7606,7607,3.0,0.0,13.16
127,7636,7637,3.0,0.0,34.08
128,7642,7643,2.0,0.0,24.92
129,7644,7645,15.0,2.0,192.87
130,7760,7761,3.0,0.0,19.17
131,7762,7763,8.0,0.0,54.91
132,7766,7767,5.0,0.0,29.63
133,7768,7769,7.0,0.0,49.04
134,7770,7771,5.0,0.0,34.78
135,7772,7773,3.0,0.0,16.24
136,7774,7775,6.0,0.0,43.15
137,7776,7777,6.0,0.0,44.88
138,7780,7781,4.0,0.0,23.74
139,7782,7783,4.0,0.0,27.14
140,7900,7901,5.0,0.0,75.2
141,8058,8059,10.0,0.0,67.5
142,8328,8329,9.0,0.0,98.71
143,8470,8471,2.0,0.0,18.43
144,8556,8557,7.0,0.0,45.53
145,9488,9489,5.0,0.0,42.35
146,9490,9491,7.0,0.0,62.49
147,9492,9493,4.0,0.0,34.55
148,9916,9917,4.0,0.0,44.98
149,9966,9967,5.0,0.0,49.77
150,9970,9971,2.0,0.0,26.52
151,9972,9973,4.0,0.0,47.58
152,9974,9975,10.0,0.0,119.18
153,9980,9981,2.0,0.0,26.05
154,9998,9999,9.0,0.0,104.4
155,10222,10223,25.0,0.0,179.01
156,10586,10587,3.0,0.0,15.33
157,10596,10597,34.0,0.0,36.96
158,10600,10601,12.0,0.0,10.49
159,10602,10603,4.0,0.0,55.69
160,10604,10605,5.0,0.0,72.35
161,10702,10703,5.0,0.0,2.97
162,10824,10825,5.0,0.0,75.6
163,10826,10827,1.5,0.5,19.39
164,10828,10829,4.0,0.0,40.15
165,11082,11083,4.0,0.0,25.89
166,11084,11085,3.0,0.0,21.6
167,11086,11087,12.0,0.0,85.91
168,11088,11089,8.0,0.0,58.45
169,11090,11091,6.0,0.0,43.88
170,11092,11093,8.0,0.0,52.46
171,11100,11101,22.0,0.0,42.83
172,11108,11109,3.0,0.0,14.22
173,11140,11141,9.0,2.0,23.69
174,11142,11143,1.5,0.5,7.73
175,11144,11145,2.0,0.0,23.12
176,11146,11147,6.0,0.0,89.98
177,11148,11149,3.0,0.0,40.77
178,11230,11231,9.5,0.5,111.54
179,11232,11233,1.5,0.5,26.94
180,11234,11235,7.5,0.5,101.94
181,11236,11237,4.0,2.0,53.48
182,11238,11239,1.5,0.5,19.71
183,11266,11267,6.5,0.5,84.15
184,11366,11367,10.0,0.0,80.91
185,11404,11405,2.0,0.0,11.31
186,11408,11409,5.0,0.0,117.83
187,11494,11495,2.0,0.0,20.54
188,11496,11497,23.0,0.0,129.96
189,11594,11595,4.0,0.0,45.31
190,11596,11597,4.0,0.0,57.81
191,11600,11601,6.0,0.0,78.41
192,11602,11603,10.0,0.0,137.46
193,11604,11605,8.0,0.0,101.04
194,11606,11607,3.0,0.0,32.06
195,11608,11609,4.0,0.0,57.61
196,11610,11611,2.0,0.0,27.24
197,11612,11613,2.0,0.0,35.61
198,11616,11617,5.0,0.0,66.05
199,11618,11619,2.0,0.0,22.8
200,11658,11659,3.0,0.0,41.76
201,11662,11663,57.0,0.0,42.09
202,11664,11665,11.0,0.0,157.13
203,11666,11667,22.0,0.0,312.16
204,11996,11997,5.0,0.0,68.02
205,12002,12003,1.5,0.5,21.45
206,12008,12009,1.5,0.5,22.4
207,12010,12011,2.5,0.5,46.71
208,12022,12023,1.5,0.5,25.16
209,12024,12025,4.0,0.0,61.97
210,12036,12037,4.0,0.0,51.43
211,12038,12039,2.0,0.0,20.9
212,12040,12041,14.0,0.0,94.81
213,12044,12045,3.0,0.0,45.23
214,12046,12047,2.0,0.0,33.91
215,12050,12051,4.0,0.0,49.09
216,12052,12053,6.0,0.0,84.59
217,12122,12123,3.0,0.0,21.3
218,12124,12125,3.0,0.0,23.33
219,12126,12127,7.0,0.0,56.34
220,12128,12129,5.0,0.0,39.61
221,12130,12131,4.0,0.0,25.16
222,12134,12135,12.0,0.0,94.2
223,12138,12139,11.0,0.0,148.33
224,12236,12237,3.0,0.0,41.09
225,12324,12325,12.0,0.0,92.75
226,12396,12397,3.0,0.0,42.14
227,12446,12447,2.0,0.0,31.41
228,12448,12449,4.0,0.0,45.36
229,12450,12451,3.0,0.0,33.46
230,12452,12453,12.0,0.0,141.1
231,12454,12455,7.0,0.0,83.44
232,12456,12457,5.0,0.0,57.16
233,12636,12637,7.0,0.0,109.36
234,12760,12761,3.0,0.0,49.55
235,14106,14107,4.5,0.5,57.04
236,14108,14109,2.5,0.5,34.76
237,14110,14111,12.5,4.5,163.68
238,14112,14113,2.0,0.0,25.24
239,14124,14125,5.0,0.0,40.38
240,14126,14127,2.0,0.0,21.32
241,14128,14129,7.0,0.0,54.73
242,14130,14131,6.0,0.0,74.22
243,14176,14177,3.0,0.0,39.73
244,14254,14255,14.0,0.0,204.9
245,14256,14257,4.0,0.0,50.38
246,14258,14259,10.0,0.0,134.94
247,14532,14533,4.0,0.0,26.28
248,14534,14535,16.0,0.0,106.67
249,14676,14677,3.0,0.0,22.0
250,15232,15233,2.0,0.0,27.22
251,15234,15235,2.0,0.0,34.56
252,15524,15525,7.0,0.0,77.43
253,15526,15527,7.5,0.5,83.98
254,15590,15591,6.0,0.0,44.23
255,15592,15593,6.0,0.0,39.49
256,15594,15595,22.0,0.0,153.66
257,15596,15597,7.0,0.0,46.41
258,15710,15711,2.5,0.5,27.4
259,15712,15713,3.5,0.5,45.06
260,15742,15743,2.0,0.0,16.97
261,15744,15745,4.0,0.0,61.58
262,15746,15747,27.0,0.0,35.63
263,15752,15753,7.0,0.0,74.76
264,15754,15755,6.0,0.0,72.97
265,15820,15821,5.0,0.0,39.73
266,15822,15823,6.0,0.0,49.41
267,15904,15905,3.0,0.0,43.94
268,15944,15945,26.0,0.0,10.41
269,15972,15973,6.0,0.0,88.46
270,16068,16069,2.0,0.0,6.4
271,16198,16199,8.0,0.0,39.14
272,16522,16523,11.0,2.0,145.02
273,16654,16655,5.0,2.0,69.78
274,16658,16659,16.0,2.0,253.03
275,16660,16661,30.5,12.5,482.97
276,16842,16843,3.0,0.0,20.58
277,16844,16845,2.0,0.0,14.04
278,16926,16927,14.0,0.0,80.26
279,16952,16953,5.0,0.0,58.29
280,16954,16955,2.0,0.0,20.49
281,16956,16957,4.0,0.0,54.7
282,16958,16959,4.0,0.0,51.59
283,16960,16961,3.0,0.0,33.88
284,16986,16987,2.0,0.0,19.52
285,17038,17039,6.0,0.0,78.59
286,17040,17041,48.0,0.0,73.55
287,17042,17043,7.0,0.0,100.12
288,17066,17067,2.0,0.0,16.64
289,17068,17069,3.0,0.0,25.92
290,17126,17127,19.0,0.0,530.03
291,17134,17135,6.0,0.0,96.28
292,17286,17287,4.0,0.0,30.77
293,17532,17533,10.0,0.0,44.58
294,18026,18027,2.0,0.0,21.78
295,18050,18051,8.5,24.5,65.16
296,18180,18181,17.0,0.0,74.51
297,18478,18479,21.5,144.5,198.94
298,18480,18481,12.0,2.0,164.77
299,18482,18483,2.0,0.0,26.56
300,18486,18487,58.5,84.5,426.06
301,18488,18489,14.5,12.5,198.95
302,19344,19345,5.0,0.0,75.33
303,19460,19461,8.0,0.0,114.97
304,19490,19491,4.0,0.0,18.77
305,19672,19673,2.0,0.0,30.42
306,19676,19677,36.0,0.0,27.95
307,19678,19679,16.5,312.5,42.83
308,19684,19685,46.0,0.0,26.62
309,19688,19689,15.5,112.5,19.51
310,19690,19691,1.5,0.5,23.15
311,19694,19695,5.0,0.0,79.73
312,19696,19697,2.0,0.0,26.15
313,19712,19713,4.0,0.0,63.91
314,19808,19809,47.0,0.0,2525.79
315,19840,19841,6.5,0.5,81.35
316,19970,19971,6.0,36.667,32.14
317,19972,19973,9.5,0.5,132.77
318,19976,19977,31.0,0.0,2.04
319,20254,20255,1.5,0.5,17.4
320,20256,20257,9.0,8.0,23.49
321,20258,20259,4.5,0.5,55.55
322,20260,20261,22.0,2.0,78.23
323,20268,20269,3.0,0.0,43.68
324,20358,20359,8.0,0.0,111.47
325,20420,20421,34.0,0.0,97.05
326,20422,20423,18.0,512.0,25.12
327,20424,20425,3.0,0.0,38.83
328,20430,20431,1.5,0.5,23.38
329,20444,20445,2.0,0.0,23.38
330,20450,20451,15.0,0.0,187.0
331,20452,20453,5.0,0.0,62.58
332,20462,20463,3.0,0.0,25.12
333,20464,20465,10.0,0.0,123.22
334,20466,20467,38.0,0.0,313.73
335,20654,20655,13.0,0.0,83.68
336,20664,20665,4.0,0.0,48.22
337,21010,21011,2.0,0.0,29.02
338,21012,21013,4.0,0.0,51.05
339,21014,21015,3.0,0.0,31.84
340,21016,21017,5.0,0.0,66.34
341,21018,21019,5.0,0.0,39.77
342,21070,21071,6.0,0.0,26.29
343,21078,21079,3.0,0.0,14.45
344,21082,21083,1.5,0.5,16.34
345,21084,21085,2.0,0.0,24.27
346,21242,21243,10.0,0.0,45.27
347,21258,21259,19.0,0.0,214.55
348,21260,21261,12.0,0.0,139.53
349,21262,21263,5.0,0.0,61.08
350,21264,21265,6.0,0.0,70.57
351,21266,21267,5.0,0.0,61.86
352,21268,21269,4.0,0.0,51.93
353,21270,21271,3.0,0.0,45.48
354,21364,21365,3.0,0.0,37.03
355,21366,21367,5.0,0.0,68.39
356,21448,21449,4.0,0.0,54.16
357,21450,21451,8.0,0.0,104.74
358,21454,21455,30.0,0.0,22.73
359,21456,21457,2.0,0.0,20.52
360,21458,21459,2.0,0.0,7.84
361,21460,21461,12.0,0.0,66.18
362,21462,21463,7.0,0.0,90.18
363,21464,21465,6.0,0.0,78.1
364,21472,21473,7.0,0.0,92.25
365,21542,21543,8.0,0.0,66.87
366,21564,21565,3.0,0.0,54.28
367,21790,21791,8.0,0.0,108.84
368,21796,21797,15.0,0.0,191.15
369,21832,21833,9.5,4.5,122.33
370,21868,21869,3.0,0.0,17.4
371,22140,22141,2.0,0.0,31.43
372,22142,22143,8.0,0.0,138.74
373,22144,22145,4.0,0.0,76.85
374,22154,22155,6.0,0.0,115.12
375,22156,22157,3.0,0.0,63.86
376,22178,22179,4.0,0.0,63.77
377,22180,22181,4.0,0.0,46.2
378,22234,22235,2.0,0.0,26.7
379,22236,22237,7.0,0.0,116.75
380,22250,22251,4.0,0.0,67.8
381,22252,22253,3.0,0.0,43.57
382,22254,22255,2.0,0.0,46.99
383,22256,22257,4.0,0.0,68.09
384,22428,22429,34.0,0.0,87.83
385,22434,22435,10.0,0.0,85.13
386,22580,22581,9.0,0.0,94.49
387,22636,22637,3.0,0.0,36.59
388,22638,22639,5.0,0.0,72.54
389,22656,22657,5.0,0.0,47.02
390,22660,22661,5.0,0.0,59.55
391,22664,22665,2.0,0.0,18.0
392,22762,22763,13.0,0.0,133.12
393,22764,22765,4.0,0.0,43.36
394,22770,22771,6.0,0.0,51.37
395,22920,22921,3.0,0.0,38.89
396,22922,22923,16.0,0.0,207.26
397,22924,22925,5.0,0.0,61.22
398,22928,22929,3.5,0.5,44.71
399,22932,22933,2.0,0.0,15.58
400,22934,22935,13.0,0.0,150.68
401,23036,23037,18.0,0.0,257.87
402,23076,23077,3.0,0.0,43.62
403,23078,23079,5.0,0.0,48.19
404,23514,23515,7.0,50.0,16.79
405,23554,23555,2.5,0.5,15.22
406,23588,23589,2.0,0.0,16.02
407,23796,23797,12.0,8.0,167.14
408,23798,23799,29.0,0.0,65.14
409,23954,23955,5.0,0.0,57.56
410,24028,24029,28.0,0.0,119.98
411,24140,24141,21.0,0.0,1009.52
412,24336,24337,7.0,0.0,86.61
413,24340,24341,14.0,0.0,168.23
414,24344,24345,10.0,0.0,112.09
415,24346,24347,18.5,0.5,201.23
416,24348,24349,30.0,162.0,250.11
417,24406,24407,2.0,0.0,20.12
418,24546,24547,2.0,0.0,16.06
419,24548,24549,13.0,0.0,181.0
420,24604,24605,8.0,0.0,34.38
421,24798,24799,4.0,0.0,56.24
422,24800,24801,12.0,0.0,164.4
423,24816,24817,5.0,0.0,35.75
424,24918,24919,4.0,0.0,21.72
425,25172,25173,32.0,0.0,159.75
426,25212,25213,12.0,0.0,39.7
427,25258,25259,4.0,0.0,50.62
428,25260,25261,3.0,0.0,44.51
429,25308,25309,4.0,0.0,44.05
430,25310,25311,5.0,0.0,62.7
431,25314,25315,3.0,0.0,42.52
432,25350,25351,5.5,0.5,66.27
433,25352,25353,8.5,4.5,88.17
434,25356,25357,9.5,0.5,114.16
435,25358,25359,4.5,0.5,51.46
436,25412,25413,3.0,0.0,31.71
437,25418,25419,4.0,0.0,60.26
438,25420,25421,3.0,0.0,36.29
439,25452,25453,21.0,0.0,37.87
440,25506,25507,3.0,0.0,27.21
441,25560,25561,3.0,0.0,43.16
442,25568,25569,2.0,0.0,20.75
443,25572,25573,5.0,0.0,54.64
444,25574,25575,3.0,0.0,43.13
445,25586,25587,4.0,0.0,53.08
446,25588,25589,5.0,0.0,65.55
447,25592,25593,4.0,0.0,54.28
448,25636,25637,4.0,0.0,56.7
449,25684,25685,5.0,0.0,32.35
450,25686,25687,3.0,0.0,22.02
451,25688,25689,4.0,0.0,30.85
452,25690,25691,20.0,0.0,135.46
453,25816,25817,14.0,0.0,197.57
454,25818,25819,4.5,0.5,57.24
455,25820,25821,5.5,24.5,14.13
456,25822,25823,4.0,0.0,49.48
457,25824,25825,3.0,0.0,35.9
458,25826,25827,33.0,98.0,34.97
459,25846,25847,13.0,0.0,164.17
460,25848,25849,6.0,0.0,77.75
461,25850,25851,4.0,0.0,42.44
462,25852,25853,4.0,0.0,51.64
463,25856,25857,2.0,0.0,25.3
464,25858,25859,6.0,0.0,87.4
465,25860,25861,7.0,0.0,46.53
466,25934,25935,7.0,0.0,101.26
467,26072,26073,12.5,4.5,204.98
468,26126,26127,9.0,0.0,37.66
469,26200,26201,2.0,0.0,22.91
470,26350,26351,11.0,0.0,51.1
471,26352,26353,11.0,0.0,47.7
472,26354,26355,10.0,0.0,43.39
473,26362,26363,3.0,0.0,37.53
474,26366,26367,11.0,0.0,150.21
475,26368,26369,4.0,0.0,66.86
476,26370,26371,7.0,0.0,105.82
477,26372,26373,7.0,0.0,96.79
478,26374,26375,4.0,0.0,54.4
479,26376,26377,3.0,0.0,39.2
480,26378,26379,2.0,0.0,22.07
481,26380,26381,26.0,0.0,37.77
482,26442,26443,14.0,0.0,79.7
483,26504,26505,4.0,0.0,25.51
484,26544,26545,5.5,0.5,79.22
485,26546,26547,4.0,0.0,51.29
486,26548,26549,8.0,0.0,104.74
487,26678,26679,2.0,0.0,22.31
488,26680,26681,2.0,0.0,16.65
489,26780,26781,2.0,0.0,11.93
490,26960,26961,9.0,0.0,170.68
491,27208,27209,14.0,0.0,232.5
492,27378,27379,5.0,0.0,47.21
493,27392,27393,3.0,0.0,30.01
494,27660,27661,11.0,0.0,97.72
495,27666,27667,7.0,0.0,65.51
496,27736,27737,2.5,0.5,35.43
497,27738,27739,2.0,0.0,21.23
498,27740,27741,1.5,0.5,18.31
499,27742,27743,2.0,2.0,14.85
500,27744,27745,3.5,0.5,37.49
501,27762,27763,1.5,0.5,17.75
502,27790,27791,11.5,112.5,20.81
503,27802,27803,3.0,0.0,41.37
504,27804,27805,6.0,0.0,77.18
505,27806,27807,6.0,0.0,75.47
506,27808,27809,8.0,0.0,74.44
507,27810,27811,2.0,0.0,29.22
508,27814,27815,2.0,0.0,29.02
509,27816,27817,2.0,0.0,23.04
510,27948,27949,3.0,0.0,28.8
511,27952,27953,3.0,0.0,46.34
512,27956,27957,3.0,0.0,32.61
513,28170,28171,2.0,0.0,13.18
514,28174,28175,17.0,0.0,116.76
515,28176,28177,4.0,0.0,26.9
516,28200,28201,3.0,0.0,30.57
517,28206,28207,2.0,0.0,27.03
518,28208,28209,15.0,2.0,193.19
519,28210,28211,4.0,0.0,49.34
520,28526,28527,3.0,0.0,42.27
521,28528,28529,2.0,0.0,25.18
522,28530,28531,10.0,0.0,56.3
523,28532,28533,9.0,0.0,76.77
524,28534,28535,2.0,0.0,18.09
525,28536,28537,3.0,0.0,38.52
526,28538,28539,2.0,0.0,35.77
527,28540,28541,2.0,0.0,27.56
528,28542,28543,2.0,0.0,39.2
529,28546,28547,2.0,0.0,22.04
530,28558,28559,2.0,0.0,23.46
531,29062,29063,9.0,0.0,77.16
532,29162,29163,11.0,0.0,84.33
533,29164,29165,4.0,0.0,26.56
534,29168,29169,4.0,0.0,22.92
535,29170,29171,7.0,0.0,45.53
536,29780,29781,3.0,0.0,54.84
537,29782,29783,2.0,0.0,24.46
538,29794,29795,2.0,0.0,22.36
539,29930,29931,6.0,0.0,87.87
540,29996,29997,2.0,0.0,24.81
541,29998,29999,4.0,0.0,44.7
542,30270,30271,5.0,0.0,26.25
543,30694,30695,22.0,0.0,1228.71
544,30696,30697,4.0,0.0,184.36
545,30698,30699,6.0,0.0,194.17
546,30706,30707,4.0,0.0,63.7
547,30708,30709,3.0,0.0,77.84
548,30720,30721,9.0,0.0,327.02
549,30722,30723,15.0,0.0,61.83
550,30724,30725,4.0,0.0,59.86
551,30748,30749,36.0,0.0,44.85
552,30750,30751,2.0,0.0,21.97
553,30752,30753,3.0,0.0,35.8
554,30754,30755,4.0,0.0,52.83
555,30782,30783,32.0,0.0,22.85
556,30784,30785,1.5,0.5,23.14
557,30790,30791,4.0,0.0,50.56
558,30792,30793,4.0,0.0,51.15
559,30794,30795,5.0,2.0,66.86
560,30796,30797,3.0,0.0,41.11
561,30798,30799,1.5,0.5,22.58
562,30800,30801,1.5,0.5,19.23
563,30802,30803,2.5,0.5,38.66
564,30804,30805,3.667,0.333,47.87
565,30806,30807,3.333,0.333,50.14
566,30810,30811,2.0,0.0,26.52
567,30812,30813,3.333,0.333,47.5
568,30814,30815,8.333,0.333,119.02
569,30820,30821,1.667,0.333,26.05
570,30822,30823,2.667,8.333,14.46
571,30826,30827,11.0,162.0,33.51
572,30828,30829,4.5,0.5,58.67
573,30830,30831,4.5,0.5,54.4
574,30836,30837,25.0,8.0,63.94
575,30838,30839,12.0,2.0,108.01
576,30920,30921,50.0,2.0,2714.56
577,30922,30923,3.0,0.0,140.66
578,30924,30925,10.0,0.0,360.69
579,30926,30927,6.0,0.0,340.62
580,30928,30929,2.0,0.0,76.61
581,30930,30931,3.0,0.0,97.77
582,30932,30933,5.0,8.0,176.48
583,30934,30935,14.0,0.0,479.22
584,30936,30937,16.0,0.0,19.17
585,30938,30939,3.5,0.5,45.22
586,30942,30943,5.0,0.0,52.0
587,30944,30945,7.0,0.0,86.85
588,30946,30947,5.0,0.0,58.97
589,30950,30951,10.0,0.0,120.26
590,30952,30953,4.0,0.0,46.99
591,30954,30955,6.0,0.0,70.22
592,30956,30957,4.0,0.0,46.1
593,30958,30959,4.0,0.0,56.19
594,30960,30961,5.0,0.0,54.82
595,30962,30963,2.0,0.0,22.9
596,30966,30967,16.0,0.0,188.5
597,30968,30969,3.0,0.0,29.42
598,31038,31039,5.5,0.5,93.6
599,31066,31067,18.5,0.5,224.47
600,31086,31087,2.0,0.0,32.01
601,31088,31089,5.0,0.0,73.75
602,31098,31099,27.0,0.0,180.25
603,31228,31229,5.0,0.0,57.45
604,31296,31297,4.0,0.0,50.71
605,31424,31425,4.0,0.0,15.47
606,31516,31517,2.0,0.0,15.33
607,31534,31535,4.0,0.0,56.62
608,31536,31537,5.0,0.0,74.28
609,31538,31539,3.0,0.0,57.34
610,31636,31637,40.0,0.0,77.83
611,31780,31781,3.0,0.0,33.47
612,31782,31783,18.0,0.0,54.68
613,31784,31785,5.0,0.0,74.29
614,31786,31787,3.0,0.0,19.39
615,31794,31795,10.0,2.0,130.51
616,31798,31799,3.25,0.25,41.2
617,32130,32131,3.0,0.0,14.22
618,32166,32167,2.0,0.0,23.69
619,32168,32169,2.0,0.0,23.12
620,32170,32171,6.0,0.0,89.98
621,32172,32173,3.0,0.0,39.97
622,32264,32265,8.5,0.5,111.0
623,32266,32267,2.5,0.5,26.94
624,32268,32269,7.5,0.5,101.94
625,32270,32271,4.5,0.5,53.48
626,32272,32273,1.5,0.5,19.71
627,32300,32301,32.5,112.5,68.33
628,32302,32303,7.0,0.0,84.81
629,32474,32475,2.0,0.0,11.31
630,32478,32479,5.5,0.5,117.83
631,32480,32481,13.0,0.0,257.78
632,32482,32483,5.0,0.0,82.0
633,32544,32545,2.0,0.0,12.95
634,32568,32569,19.0,0.0,20.18
635,32570,32571,11.0,0.0,131.42
636,32574,32575,2.0,0.0,13.23
637,32576,32577,4.25,0.25,56.25
638,32578,32579,1.25,0.25,13.8
639,32580,32581,8.75,0.917,96.78
640,32582,32583,19.0,1.333,245.12
641,32686,32687,4.0,0.0,44.69
642,32688,32689,5.0,0.0,57.81
643,32692,32693,6.0,0.0,78.4
644,32694,32695,11.0,0.0,138.14
645,32696,32697,7.0,0.0,101.89
646,32698,32699,3.0,0.0,32.06
647,32700,32701,4.0,0.0,57.78
648,32702,32703,2.0,0.0,27.21
649,32704,32705,3.0,0.0,35.54
650,32708,32709,5.0,0.0,65.76
651,32770,32771,18.0,0.0,10.99
652,32840,32841,17.0,0.0,482.19
653,32844,32845,25.0,0.0,665.97
654,32846,32847,2.0,0.0,25.97
655,32886,32887,4.0,0.0,51.79
656,32996,32997,4.0,0.0,47.54
657,33006,33007,11.0,0.0,132.55
658,33008,33009,10.0,0.0,119.47
659,33010,33011,13.0,0.0,40.32
660,33012,33013,3.0,0.0,26.78
661,33014,33015,10.0,0.0,126.89
662,33016,33017,8.0,0.0,28.25
663,33024,33025,3.0,0.0,38.37
664,33082,33083,2.0,0.0,26.99
665,33160,33161,10.0,0.0,79.27
666,33162,33163,7.0,0.0,88.47
667,33164,33165,2.0,0.0,29.07
668,33166,33167,5.0,0.0,68.27
669,33182,33183,2.0,0.0,27.01
670,33184,33185,7.0,0.0,16.53
671,33238,33239,3.0,0.0,51.89
672,33286,33287,7.0,0.0,88.75
673,33322,33323,2.0,0.0,20.1
674,33324,33325,3.0,0.0,46.98
675,33370,33371,2.0,0.0,37.58
676,33372,33373,4.0,0.0,58.75
677,33408,33409,2.0,0.0,26.58
678,33432,33433,3.0,0.0,39.49
679,33536,33537,12.0,0.0,93.01
680,33546,33547,5.0,0.0,59.8
681,33548,33549,10.0,0.0,125.09
682,33550,33551,3.0,0.0,39.03
683,33658,33659,5.0,0.0,65.77
684,33660,33661,2.0,0.0,32.68
685,33662,33663,29.0,0.0,42.06
686,33724,33725,7.0,0.0,83.44
687,33726,33727,4.0,0.0,57.19
688,33810,33811,6.0,0.0,101.06
689,33812,33813,4.0,0.0,67.32
690,33814,33815,10.0,0.0,167.0
691,33816,33817,3.0,0.0,55.6
692,33824,33825,2.0,0.0,27.05
693,33860,33861,1.5,0.5,22.83
694,33864,33865,3.5,0.5,54.85
695,33868,33869,3.0,0.0,36.77
696,33870,33871,1.5,0.5,19.19
697,33896,33897,8.0,0.0,184.07
698,33898,33899,4.0,2.0,69.12
699,33900,33901,5.0,0.0,98.04
700,33902,33903,12.0,0.0,254.04
701,33904,33905,4.0,0.0,94.35
702,33906,33907,14.0,0.0,382.05
703,33908,33909,3.0,0.0,38.52
704,33924,33925,3.5,0.5,58.79
705,33926,33927,9.5,84.5,46.2
706,34454,34455,18.0,0.0,97.84
707,34456,34457,34.0,0.0,179.43
708,34458,34459,4.0,0.0,19.77
709,34648,34649,5.0,0.0,43.16
710,34650,34651,8.0,0.0,68.7
711,34652,34653,12.0,0.0,112.25
712,34724,34725,15.0,0.0,84.92
713,34774,34775,2.0,0.0,18.36
714,34776,34777,26.0,0.0,34.17
715,34778,34779,3.0,0.0,36.54
716,34780,34781,25.0,0.0,75.95
717,34850,34851,9.0,0.0,137.19
718,34852,34853,4.0,0.0,43.72
719,34854,34855,2.0,0.0,20.46
720,34916,34917,2.0,0.0,18.2
721,34918,34919,3.0,0.0,40.71
722,35252,35253,9.0,0.0,130.95
723,35266,35267,2.0,0.0,16.83
724,35274,35275,6.0,0.0,72.76
725,35414,35415,1.5,0.5,15.09
726,35438,35439,3.5,12.5,22.86
727,35466,35467,6.0,0.0,45.2
728,35468,35469,3.0,0.0,23.22
729,35470,35471,6.0,0.0,49.65
730,35532,35533,7.0,0.0,82.16
731,35534,35535,1.5,0.5,24.86
732,35616,35617,2.0,0.0,24.65
733,35618,35619,3.0,0.0,33.87
734,35620,35621,3.5,0.5,53.74
735,35654,35655,5.0,0.0,71.32
736,35656,35657,5.0,0.0,55.62
737,35692,35693,24.0,0.0,288.34
738,35700,35701,17.0,0.0,127.23
739,35728,35729,17.0,0.0,204.68
740,35730,35731,5.0,0.0,50.38
741,35732,35733,11.0,0.0,134.81
742,35736,35737,2.0,0.0,21.77
743,35784,35785,2.0,0.0,27.67
744,35788,35789,3.0,0.0,8.31
745,35908,35909,6.0,0.0,86.77
746,35926,35927,12.0,0.0,347.43
747,35968,35969,6.0,0.0,30.29
748,35972,35973,8.0,0.0,107.98
749,35976,35977,5.0,0.0,72.54
750,36084,36085,5.0,0.0,55.66
751,36128,36129,1.5,0.5,11.81
752,36130,36131,2.0,0.0,30.78
753,36450,36451,18.0,0.0,211.69
754,36452,36453,14.0,0.0,34.23
755,36840,36841,11.0,0.0,159.22
756,36846,36847,14.0,2.0,223.27
757,36848,36849,5.0,0.0,88.4
758,36850,36851,6.5,0.5,102.78
759,36852,36853,4.0,2.0,68.26
760,36854,36855,2.0,0.0,27.22
761,36856,36857,2.0,0.0,34.67
762,36858,36859,7.75,24.917,50.05
763,36876,36877,19.0,0.0,269.94
764,37012,37013,2.0,0.0,19.05
765,37018,37019,2.0,0.0,24.68
766,37028,37029,4.0,0.0,48.26
767,37038,37039,2.5,0.5,32.81
768,37210,37211,2.0,0.0,38.09
769,37216,37217,6.0,0.0,77.62
770,37238,37239,6.5,0.5,78.72
771,37240,37241,8.0,0.0,83.98
772,37426,37427,4.0,0.0,47.49
773,37428,37429,3.0,0.0,27.52
774,37466,37467,3.0,0.0,35.2
775,37646,37647,3.0,0.0,43.85
776,37650,37651,2.0,0.0,11.39
777,37652,37653,3.0,0.0,28.18
778,37658,37659,3.0,0.0,32.41
779,37692,37693,2.0,0.0,28.69
780,37694,37695,11.0,156.0,7.53
781,37698,37699,2.0,0.0,24.17
782,37714,37715,4.0,0.0,55.74
783,37844,37845,9.0,0.0,118.79
784,37850,37851,2.0,0.0,6.4
785,37856,37857,19.0,0.0,388.54
786,37858,37859,21.0,0.0,420.33
787,37860,37861,7.0,0.0,130.2
788,37866,37867,7.0,0.0,42.09
789,38000,38001,7.0,0.0,38.15
790,38240,38241,8.5,0.5,145.6
791,38270,38271,3.0,0.0,23.25
792,38364,38365,5.0,0.0,43.96
793,38374,38375,7.0,0.0,80.24
794,38380,38381,8.0,0.0,84.93
795,38382,38383,4.0,0.0,47.28
796,38386,38387,10.5,4.5,145.02
797,38388,38389,2.0,0.0,31.34
798,38518,38519,5.5,0.5,69.78
799,38522,38523,16.0,2.0,247.78
800,38524,38525,30.5,12.5,485.06
801,38896,38897,2.0,0.0,31.3
802,38898,38899,17.0,0.0,194.89
803,38900,38901,4.0,0.0,52.95
804,38904,38905,3.0,0.0,38.31
805,38908,38909,5.0,0.0,82.79
806,38910,38911,4.0,0.0,51.3
807,38922,38923,2.0,0.0,24.26
808,38948,38949,26.0,0.0,19.53
809,39008,39009,7.0,2.0,97.26
810,39030,39031,3.0,0.0,28.87
811,39040,39041,5.0,0.0,58.77
812,39108,39109,20.5,4.5,531.49
813,39170,39171,3.5,0.333,45.6
814,39182,39183,14.0,0.0,165.51
815,39184,39185,4.0,0.0,44.89
816,39194,39195,2.5,0.5,35.4
817,39204,39205,3.0,0.0,81.43
818,39232,39233,1.75,0.25,21.52
819,39234,39235,3.0,0.0,41.86
820,39236,39237,3.0,0.0,35.38
821,39238,39239,3.5,0.333,43.35
822,39240,39241,9.25,0.917,123.88
823,39242,39243,28.0,316.667,25.4
824,39252,39253,3.0,0.0,35.6
825,39256,39257,3.0,0.0,38.83
826,39260,39261,4.0,0.0,55.07
827,39262,39263,18.0,0.0,25.62
828,39286,39287,14.0,0.0,46.8
829,39288,39289,6.0,0.0,69.35
830,39290,39291,6.0,0.0,77.9
831,39400,39401,4.5,0.333,53.04
832,39402,39403,5.0,0.0,61.1
833,39404,39405,2.0,0.0,17.18
834,39466,39467,7.0,0.0,101.21
835,39468,39469,9.0,0.0,104.55
836,39774,39775,8.0,0.0,103.26
837,40010,40011,2.0,0.0,17.68
838,40094,40095,5.0,0.0,28.37
839,40220,40221,5.5,4.5,72.84
840,40222,40223,6.0,0.0,66.14
841,40352,40353,17.0,0.0,75.52
842,40438,40439,8.5,0.5,98.44
843,40440,40441,4.0,0.0,52.33
844,40668,40669,3.0,2.0,25.54
845,40674,40675,12.5,4.5,165.37
846,40676,40677,7.5,24.5,25.95
847,40678,40679,33.5,40.5,453.53
848,40680,40681,4.0,0.0,49.98
849,40682,40683,4.0,0.0,45.54
850,40684,40685,2.0,0.0,25.57
851,40792,40793,2.0,0.0,18.84
852,40794,40795,5.5,0.5,75.54
853,40796,40797,6.0,0.0,63.18
854,41232,41233,14.0,0.0,131.54
855,41234,41235,16.0,0.0,141.41
856,41236,41237,5.0,0.0,52.07
857,41238,41239,8.0,0.0,75.01
858,41240,41241,8.0,0.0,73.26
859,41522,41523,3.0,0.0,43.57
860,41524,41525,3.0,0.0,34.13
861,41544,41545,8.0,0.0,163.08
862,41754,41755,23.0,0.0,98.08
863,41756,41757,2.0,0.0,10.01
864,41764,41765,24.0,0.0,275.51
865,41824,41825,3.0,0.0,41.44
866,41830,41831,3.0,0.0,28.72
867,41874,41875,1.5,0.5,23.18
868,41876,41877,18.0,2.0,258.17
869,111,2934,4.0,0.0,24.1
870,1211,22434,2.0,0.0,24.3
871,1607,29780,2.0,0.0,27.8
872,1873,1870,3.0,0.0,16.9
873,2193,36128,3.0,0.0,17.3
874,2195,2190,3.5,0.5,21.0
875,2367,32884,2.0,0.0,15.7
876,2377,2374,2.0,0.0,19.4
877,2561,2558,2.0,0.0,29.7
878,2587,2584,2.0,0.0,10.4
879,3369,3366,2.0,0.0,19.8
880,3397,2148,3.0,0.0,25.9
881,3537,10702,2.0,0.0,9.0
882,3649,28532,3.0,0.0,21.7
883,3725,25824,4.0,0.0,27.9
884,3727,3724,2.0,0.0,17.8
885,3895,34454,2.0,0.0,11.3
886,4209,33322,3.0,0.0,15.5
887,4217,5872,5.0,0.0,43.9
888,4591,9492,2.0,0.0,12.6
889,4731,38374,2.0,0.0,14.9
890,4923,4982,2.0,0.0,15.4
891,4927,12636,6.0,0.0,40.7
892,4979,25350,3.0,0.0,18.1
893,4989,4986,2.0,0.0,13.0
894,4997,4994,2.0,0.0,6.8
895,4999,12052,2.0,0.0,25.3
896,5023,9982,2.0,0.0,26.5
897,5025,5022,2.0,0.0,18.3
898,5055,11266,1.5,0.5,25.5
899,5169,23588,3.0,0.0,40.7
900,5215,7202,6.0,2.0,54.9
901,5217,5214,1.5,0.5,17.8
902,5303,5300,2.0,0.0,14.6
903,5481,18050,2.0,0.0,24.0
904,5729,112,2.0,0.0,18.5
905,5803,5800,2.0,0.0,19.0
906,5873,1620,2.0,0.0,17.5
907,6043,3648,2.0,0.0,13.8
908,6045,6042,2.0,0.0,14.4
909,6055,6044,3.0,0.0,14.4
910,6157,12456,2.0,0.0,10.7
911,6161,27202,2.0,0.0,9.1
912,6275,7360,5.0,0.0,33.8
913,6613,21864,2.0,0.0,9.1
914,7201,2196,1.5,0.5,14.1
915,7203,7200,1.5,0.5,14.1
916,7205,7244,2.0,0.0,22.3
917,7359,7356,2.0,0.0,14.5
918,7597,16524,1.5,0.5,17.1
919,7599,33658,4.0,0.0,27.1
920,7601,7598,4.0,0.0,21.3
921,7603,7600,2.0,0.0,10.9
922,7761,26350,2.0,0.0,8.2
923,7765,7762,2.0,0.0,11.0
924,7771,7768,2.0,0.0,12.0
925,7781,7776,2.0,0.0,15.1
926,7899,25258,4.0,0.0,15.4
927,8059,14130,3.0,0.0,31.5
928,8329,24028,2.0,0.0,15.7
929,10223,2586,2.0,0.0,8.2
930,10587,6156,2.0,0.0,14.4
931,10597,9998,5.0,0.0,21.5
932,10601,336,5.0,0.0,46.0
933,10703,8058,3.0,0.0,14.6
934,10709,21070,3.0,0.0,16.3
935,10833,10830,2.0,0.0,26.1
936,11083,22656,2.0,0.0,9.0
937,11087,11084,2.0,0.0,11.6
938,11089,11086,4.0,0.0,27.5
939,11091,11088,3.0,0.0,14.8
940,11093,11090,2.0,0.0,14.0
941,11101,11092,3.0,0.0,13.2
942,11231,15714,2.0,0.0,13.9
943,11233,11230,2.5,0.5,25.1
944,11241,11238,1.5,0.5,11.3
945,11367,5802,2.0,0.0,9.2
946,11491,15944,2.0,0.0,22.7
947,11497,11494,2.0,0.0,12.9
948,11595,19344,3.0,0.0,47.0
949,11599,11618,3.0,0.0,35.0
950,11661,11658,2.0,0.0,28.2
951,11663,17038,6.0,0.0,43.9
952,12037,4924,2.0,0.0,24.4
953,12127,12124,2.0,0.0,14.4
954,12129,12126,4.0,0.0,31.6
955,12131,12128,2.0,0.0,18.6
956,12447,14176,3.0,0.0,35.1
957,14107,7222,1.5,0.5,6.4
958,14119,4216,2.0,0.0,21.0
959,14173,14170,2.0,0.0,19.7
960,14533,38270,2.0,0.0,14.7
961,15713,11498,2.0,0.0,23.7
962,15715,15710,1.5,0.5,12.9
963,15747,12396,4.0,0.0,25.1
964,15755,10596,2.0,0.0,20.0
965,15905,15234,2.0,0.0,29.5
966,15945,16066,5.0,0.0,36.1
967,16199,11366,2.0,0.0,9.9
968,16525,32300,3.0,0.0,31.9
969,16927,15972,5.0,0.0,33.2
970,16957,16954,2.0,0.0,19.6
971,17041,21364,5.0,0.0,34.6
972,17519,36166,3.0,0.0,15.6
973,17521,17518,2.0,0.0,14.4
974,17533,17526,2.0,0.0,9.0
975,18051,12016,6.0,0.0,46.1
976,18179,6556,2.0,0.0,8.5
977,18181,18178,4.0,0.0,14.6
978,18445,10708,3.0,0.0,15.1
979,18479,40792,4.5,4.5,46.8
980,18487,18482,4.0,0.0,21.9
981,19345,5728,2.0,0.0,22.3
982,19491,41754,3.0,0.0,12.8
983,19493,19490,4.0,0.0,17.2
984,19677,25856,4.0,0.0,23.9
985,19679,20258,3.0,8.0,22.9
986,19685,25856,6.0,0.0,49.1
987,19687,19690,1.5,0.5,16.0
988,19689,19696,5.0,0.0,35.4
989,19697,12238,2.0,0.0,32.7
990,19713,26200,2.0,0.0,18.7
991,19815,25586,3.0,0.0,40.0
992,19971,28572,3.0,0.667,28.9
993,19977,31532,6.0,0.0,45.9
994,20257,25824,4.0,0.0,28.6
995,20261,25818,5.0,0.0,34.4
996,20421,37714,4.0,0.0,24.9
997,20423,20428,3.0,2.0,11.9
998,20427,32770,2.0,0.0,20.6
999,20463,20464,2.0,0.0,25.8
1000,20467,25412,6.0,0.0,41.1
1001,21071,39040,3.0,0.0,19.4
1002,21079,31664,3.0,0.0,18.7
1003,21085,39042,2.0,0.0,26.4
1004,21243,36846,5.0,0.0,38.9
1005,21259,21260,2.0,0.0,22.3
1006,21265,21010,2.0,0.0,22.6
1007,21365,21366,3.0,0.0,32.8
1008,21367,5018,3.0,0.0,34.8
1009,21451,19976,2.0,0.0,14.2
1010,21455,29930,5.0,0.0,31.7
1011,21473,21474,2.5,0.5,31.1
1012,21475,33406,1.5,0.5,9.8
1013,21541,21542,2.0,0.0,19.4
1014,21543,35466,2.0,0.0,14.8
1015,21833,38896,1.5,0.5,15.3
1016,21865,21866,3.0,0.0,14.4
1017,21867,21868,4.0,0.0,14.4
1018,21869,19492,3.0,0.0,14.9
1019,22257,34648,2.0,0.0,7.9
1020,22429,22430,3.0,0.0,8.6
1021,22431,20450,3.0,0.0,26.1
1022,22581,37848,3.0,0.0,29.9
1023,22637,22638,2.0,0.0,29.6
1024,22663,22664,2.0,0.0,10.4
1025,22763,22764,2.0,0.0,14.8
1026,22765,22766,2.0,0.0,13.4
1027,22771,36084,2.0,0.0,15.2
1028,22925,23076,2.0,0.0,23.6
1029,23037,26198,2.0,0.0,21.5
1030,23077,39774,2.0,0.0,27.7
1031,23515,32024,4.0,2.0,32.7
1032,23555,3396,2.0,0.0,9.3
1033,23799,40220,6.0,0.0,34.3
1034,23875,23876,3.0,0.0,14.6
1035,23955,8328,3.0,0.0,33.2
1036,24343,24344,2.0,0.0,22.8
1037,24347,24348,1.5,0.5,7.9
1038,24349,5000,2.0,0.0,11.0
1039,24349,25350,3.0,0.0,38.3
1040,24603,24604,2.0,0.0,10.4
1041,24817,33898,2.0,0.0,18.2
1042,25173,4840,2.0,0.0,9.3
1043,25213,19560,3.5,0.5,21.7
1044,25353,25354,2.0,2.0,11.8
1045,25359,31066,4.0,0.0,50.8
1046,25417,25418,1.5,0.5,18.3
1047,25421,27736,1.5,0.5,20.9
1048,25453,40440,6.0,0.0,43.5
1049,25587,25588,2.0,0.0,15.8
1050,25685,25686,2.0,0.0,11.4
1051,25689,25690,2.0,0.0,16.6
1052,25691,30270,2.0,0.0,14.4
1053,25821,25822,4.0,2.0,32.7
1054,25827,25858,5.0,0.0,34.5
1055,25861,19686,4.0,0.0,19.6
1056,26073,38240,2.5,0.5,32.9
1057,26351,26352,2.0,0.0,7.2
1058,26353,26354,2.0,0.0,8.6
1059,26369,26370,2.0,0.0,22.3
1060,26373,26374,2.0,0.0,19.5
1061,26381,39252,4.0,0.0,18.6
1062,26443,1666,2.0,0.0,13.1
1063,26505,6054,3.0,0.0,14.2
1064,27379,17134,3.0,0.0,27.5
1065,27739,27740,1.5,0.5,24.8
1066,27743,27744,1.5,0.5,13.6
1067,27763,26542,1.5,0.5,21.8
1068,27791,25420,3.5,0.5,20.8
1069,27809,27810,4.0,0.0,21.8
1070,27817,21560,3.0,0.0,38.3
1071,28171,7606,2.0,0.0,4.7
1072,28177,25684,2.0,0.0,16.2
1073,28211,32772,2.0,0.0,28.3
1074,28531,28546,4.0,0.0,16.3
1075,29163,29164,2.0,0.0,14.3
1076,29165,29166,2.0,0.0,14.1
1077,29169,29170,2.0,0.0,15.0
1078,29215,31424,3.0,0.0,14.2
1079,29783,33238,2.0,0.0,31.2
1080,29931,21456,2.0,0.0,28.4
1081,29999,36876,2.0,0.0,21.5
1082,30723,16986,3.0,0.0,10.6
1083,30725,33908,2.0,0.0,29.6
1084,30749,31228,5.0,0.0,41.3
1085,30753,21258,3.0,0.0,34.5
1086,30755,9916,2.0,0.0,18.6
1087,30783,33286,6.0,0.0,52.2
1088,30813,30814,1.333,0.333,19.6
1089,30823,25416,3.5,4.5,26.6
1090,30827,30828,2.5,0.5,16.0
1091,30837,30830,4.5,0.5,22.4
1092,30839,41874,5.0,0.0,31.8
1093,30937,22932,4.0,0.0,21.0
1094,30939,30936,2.0,0.0,23.3
1095,30947,25636,3.0,0.0,28.4
1096,30959,30956,2.0,0.0,21.8
1097,30967,30968,2.0,0.0,23.1
1098,31039,20422,2.0,0.0,26.3
1099,31067,36858,1.5,0.5,13.4
1100,31099,37426,3.0,0.0,27.8
1101,31419,33814,2.0,0.0,37.0
1102,31425,4208,20.0,0.0,9.0
1103,31665,40634,3.0,0.0,15.5
1104,31783,25846,5.0,0.0,33.6
1105,32265,32266,2.0,0.0,25.0
1106,32273,32274,1.5,0.5,11.2
1107,32301,40222,4.0,0.0,25.6
1108,32475,12138,2.0,0.0,14.1
1109,32545,35372,2.0,0.0,29.8
1110,32569,32570,3.0,0.0,13.2
1111,32581,39400,2.25,0.917,18.1
1112,32711,32690,3.0,0.0,34.7
1113,32771,20424,5.0,0.0,29.7
1114,32847,22762,3.0,0.0,36.2
1115,33011,33012,2.0,0.0,8.7
1116,33017,35692,4.0,0.0,27.6
1117,33025,39286,2.0,0.0,28.9
1118,33161,33162,2.0,0.0,8.2
1119,33185,35532,6.0,0.0,38.1
1120,33325,24406,2.0,0.0,18.5
1121,33377,33378,2.0,0.0,26.3
1122,33433,31784,2.0,0.0,22.7
1123,33435,19684,4.0,0.0,32.7
1124,33551,33006,2.0,0.0,19.3
1125,33551,27392,2.0,0.0,8.5
1126,33661,33662,2.0,0.0,23.6
1127,33663,37466,4.0,0.0,24.5
1128,33825,35252,3.0,0.0,32.1
1129,33863,33864,1.5,0.5,13.9
1130,33927,18026,2.0,2.0,10.8
1131,34457,34458,2.0,0.0,13.4
1132,34459,21540,2.0,0.0,15.4
1133,34651,34652,3.0,0.0,31.0
1134,34725,6558,2.0,0.0,12.2
1135,34777,36840,5.0,0.0,30.7
1136,34781,21832,5.0,0.0,29.7
1137,34851,36846,3.0,0.0,38.8
1138,34855,35374,2.0,0.0,24.7
1139,35275,32686,3.0,0.0,46.4
1140,35439,22928,3.5,4.5,31.7
1141,35467,35468,5.0,0.0,37.1
1142,35469,35470,2.0,0.0,14.5
1143,35471,3734,2.0,0.0,13.5
1144,35693,35654,2.0,0.0,13.4
1145,35701,29162,2.0,0.0,11.2
1146,35789,34852,3.0,0.0,14.8
1147,35909,32846,2.0,0.0,22.7
1148,35969,37698,5.0,0.0,29.0
1149,36129,36130,2.0,0.0,23.7
1150,36131,39194,1.5,0.5,15.7
1151,36159,17532,2.0,0.0,9.2
1152,36175,30804,2.0,0.0,17.5
1153,36451,36452,2.0,0.0,19.0
1154,36453,22578,4.0,0.0,19.0
1155,36849,36850,1.5,0.5,26.4
1156,36853,26072,1.5,0.5,26.0
1157,36857,37646,2.0,0.0,27.2
1158,36859,39230,2.0,1.333,13.6
1159,37029,39008,1.5,0.5,17.0
1160,37241,11240,2.0,0.0,14.4
1161,37429,37430,1.5,0.5,12.7
1162,37653,37654,2.0,0.0,15.3
1163,37695,32996,5.5,0.5,38.7
1164,37713,32564,2.0,0.0,21.1
1165,37847,37226,2.0,0.0,15.8
1166,37867,37692,3.0,0.0,11.8
1167,38271,12038,4.0,0.0,33.6
1168,38287,12040,3.0,0.0,15.1
1169,38365,15752,2.0,0.0,22.5
1170,38381,38382,2.0,0.0,19.6
1171,38389,23796,1.5,0.5,16.2
1172,38899,5054,2.0,2.0,16.6
1173,38909,38910,3.0,0.0,40.9
1174,38911,23036,2.0,0.0,28.6
1175,38949,32544,3.0,0.0,12.2
1176,39231,39232,1.25,0.25,13.9
1177,39233,39234,1.75,0.25,19.7
1178,39243,31796,5.75,1.583,49.7
1179,39263,37210,8.0,0.0,63.9
1180,39271,20444,2.0,0.0,19.7
1181,39287,41522,6.0,0.0,34.1
1182,39403,37694,1.5,0.5,11.1
1183,39469,26960,3.0,0.0,32.1
1184,40441,40220,2.0,0.0,28.6
1185,40669,40680,2.5,0.5,25.8
1186,40677,40678,4.0,0.0,20.9
1187,40683,18488,4.0,0.0,47.9
1188,40795,40684,2.0,0.0,27.7
1189,40797,21832,2.0,0.0,18.0
1190,41237,41238,2.0,0.0,11.2
1191,41241,40842,3.0,0.0,32.1
1192,41757,38286,2.0,0.0,6.6
1193,41875,41876,1.5,0.5,16.0
